solid OpenSCAD_Model
  facet normal 0.9039892931234446 0.4275550934302795 0
    outer loop
      vertex 4.964697031172827 -0.4974884620746167 0
      vertex 4.964697031172827 -0.4974884620746167 7
      vertex 5.019242779784638 -0.6128157578737969 0
    endloop
  endfacet
  facet normal 0.941544065183021 0.33688985339221944 0
    outer loop
      vertex 4.964697031172827 -0.4974884620746167 0
      vertex 4.9217179869856285 -0.37737008043080106 0
      vertex 4.9217179869856285 -0.37737008043080106 7
    endloop
  endfacet
  facet normal 0.7409511253549594 0.6715589548470181 0
    outer loop
      vertex 5.160826834065942 -0.8247112694127392 0
      vertex 5.160826834065942 -0.8247112694127392 7
      vertex 5.246501607894988 -0.9192388155425119 0
    endloop
  endfacet
  facet normal 0.8032075314806444 0.5956993044924339 0
    outer loop
      vertex 5.160826834065942 -0.8247112694127392 0
      vertex 5.084829927444191 -0.7222413029254828 0
      vertex 5.084829927444191 -0.7222413029254828 7
    endloop
  endfacet
  facet normal 0.6715589548470181 0.7409511253549594 0
    outer loop
      vertex 5.341029154024761 -1.0049135893715582 0
      vertex 5.246501607894988 -0.9192388155425119 0
      vertex 5.246501607894988 -0.9192388155425119 7
    endloop
  endfacet
  facet normal 0.595699304492432 0.8032075314806459 0
    outer loop
      vertex 5.341029154024761 -1.0049135893715582 0
      vertex 5.341029154024761 -1.0049135893715582 7
      vertex 5.443499120512017 -1.080910495993309 0
    endloop
  endfacet
  facet normal 0.8577286100002716 0.5141027441932228 0
    outer loop
      vertex 5.084829927444191 -0.7222413029254828 0
      vertex 5.019242779784638 -0.6128157578737969 0
      vertex 5.019242779784638 -0.6128157578737969 7
    endloop
  endfacet
  facet normal 0.4275550934302817 0.9039892931234436 0
    outer loop
      vertex 5.668251961362883 -1.2010433922646728 0
      vertex 5.552924665563703 -1.1464976436528616 0
      vertex 5.552924665563703 -1.1464976436528616 7
    endloop
  endfacet
  facet normal 0.336889853392219 0.9415440651830211 0
    outer loop
      vertex 5.668251961362883 -1.2010433922646728 0
      vertex 5.668251961362883 -1.2010433922646728 7
      vertex 5.788370343006699 -1.2440224364518715 0
    endloop
  endfacet
  facet normal 0.24298017990326465 0.9700312531945439 0
    outer loop
      vertex 5.788370343006699 -1.2440224364518715 0
      vertex 5.788370343006699 -1.2440224364518715 7
      vertex 5.912123004816533 -1.2750208645241996 0
    endloop
  endfacet
  facet normal 0.14673047445536214 0.9891765099647809 0
    outer loop
      vertex 5.912123004816533 -1.2750208645241996 0
      vertex 6.025002015059204 -1.2917648839808975 7
      vertex 6.025002015059204 -1.2917648839808975 0
    endloop
  endfacet
  facet normal 0.514102744193223 0.8577286100002713 0
    outer loop
      vertex 5.443499120512017 -1.080910495993309 0
      vertex 5.443499120512017 -1.080910495993309 7
      vertex 5.552924665563703 -1.1464976436528616 0
    endloop
  endfacet
  facet normal 0.9039892931234446 0.4275550934302795 0
    outer loop
      vertex 5.019242779784638 -0.6128157578737969 0
      vertex 4.964697031172827 -0.4974884620746167 7
      vertex 5.019242779784638 -0.6128157578737969 7
    endloop
  endfacet
  facet normal 0.941544065183021 0.33688985339221944 0
    outer loop
      vertex 4.964697031172827 -0.4974884620746167 0
      vertex 4.9217179869856285 -0.37737008043080106 7
      vertex 4.964697031172827 -0.4974884620746167 7
    endloop
  endfacet
  facet normal 0.8032075314806444 0.5956993044924339 0
    outer loop
      vertex 5.160826834065942 -0.8247112694127392 0
      vertex 5.084829927444191 -0.7222413029254828 7
      vertex 5.160826834065942 -0.8247112694127392 7
    endloop
  endfacet
  facet normal 0.6715589548470181 0.7409511253549594 0
    outer loop
      vertex 5.341029154024761 -1.0049135893715582 0
      vertex 5.246501607894988 -0.9192388155425119 7
      vertex 5.341029154024761 -1.0049135893715582 7
    endloop
  endfacet
  facet normal 0.7409511253549594 0.6715589548470181 0
    outer loop
      vertex 5.246501607894988 -0.9192388155425119 0
      vertex 5.160826834065942 -0.8247112694127392 7
      vertex 5.246501607894988 -0.9192388155425119 7
    endloop
  endfacet
  facet normal 0.8577286100002716 0.5141027441932228 0
    outer loop
      vertex 5.084829927444191 -0.7222413029254828 0
      vertex 5.019242779784638 -0.6128157578737969 7
      vertex 5.084829927444191 -0.7222413029254828 7
    endloop
  endfacet
  facet normal 0.514102744193223 0.8577286100002713 0
    outer loop
      vertex 5.552924665563703 -1.1464976436528616 0
      vertex 5.443499120512017 -1.080910495993309 7
      vertex 5.552924665563703 -1.1464976436528616 7
    endloop
  endfacet
  facet normal 0.4275550934302817 0.9039892931234436 0
    outer loop
      vertex 5.668251961362883 -1.2010433922646728 0
      vertex 5.552924665563703 -1.1464976436528616 7
      vertex 5.668251961362883 -1.2010433922646728 7
    endloop
  endfacet
  facet normal 0.336889853392219 0.9415440651830211 0
    outer loop
      vertex 5.788370343006699 -1.2440224364518715 0
      vertex 5.668251961362883 -1.2010433922646728 7
      vertex 5.788370343006699 -1.2440224364518715 7
    endloop
  endfacet
  facet normal 0.24298017990326465 0.9700312531945439 0
    outer loop
      vertex 5.912123004816533 -1.2750208645241996 0
      vertex 5.788370343006699 -1.2440224364518715 7
      vertex 5.912123004816533 -1.2750208645241996 7
    endloop
  endfacet
  facet normal 0.14673047445536214 0.9891765099647809 0
    outer loop
      vertex 5.912123004816533 -1.2750208645241996 0
      vertex 5.912123004816533 -1.2750208645241996 7
      vertex 6.025002015059204 -1.2917648839808975 7
    endloop
  endfacet
  facet normal 0.595699304492432 0.8032075314806459 0
    outer loop
      vertex 5.443499120512017 -1.080910495993309 0
      vertex 5.341029154024761 -1.0049135893715582 7
      vertex 5.443499120512017 -1.080910495993309 7
    endloop
  endfacet
  facet normal 0.970031253194544 0.24298017990326423 0
    outer loop
      vertex 4.8907195589133 -0.2536174186209667 0
      vertex 4.8907195589133 -0.2536174186209667 7
      vertex 4.9217179869856285 -0.37737008043080106 0
    endloop
  endfacet
  facet normal 0.9891765099647801 0.14673047445536808 0
    outer loop
      vertex 4.8907195589133 -0.2536174186209667 0
      vertex 4.872000278763643 -0.1274222824284288 0
      vertex 4.872000278763643 -0.1274222824284288 7
    endloop
  endfacet
  facet normal 0.9987954562051727 0.04906767432741185 0
    outer loop
      vertex 4.872000278763643 -0.1274222824284288 0
      vertex 4.8657404234375 0 0
      vertex 4.8657404234375 0 7
    endloop
  endfacet
  facet normal 0.9987954562051727 -0.04906767432741185 0
    outer loop
      vertex 4.8657404234375 0 0
      vertex 4.872000278763643 0.1274222824284288 0
      vertex 4.872000278763643 0.1274222824284288 7
    endloop
  endfacet
  facet normal 0.9891765099647801 -0.14673047445536808 0
    outer loop
      vertex 4.872000278763643 0.1274222824284288 0
      vertex 4.8907195589133 0.2536174186209667 0
      vertex 4.8907195589133 0.2536174186209667 7
    endloop
  endfacet
  facet normal 0.970031253194544 -0.24298017990326423 0
    outer loop
      vertex 4.8907195589133 0.2536174186209667 0
      vertex 4.9217179869856285 0.37737008043080106 0
      vertex 4.9217179869856285 0.37737008043080106 7
    endloop
  endfacet
  facet normal 0.941544065183021 -0.33688985339221944 0
    outer loop
      vertex 4.9217179869856285 0.37737008043080106 0
      vertex 4.964697031172827 0.4974884620746167 0
      vertex 4.964697031172827 0.4974884620746167 7
    endloop
  endfacet
  facet normal 0.9039892931234446 -0.4275550934302795 0
    outer loop
      vertex 4.964697031172827 0.4974884620746167 0
      vertex 5.019242779784638 0.6128157578737969 0
      vertex 5.019242779784638 0.6128157578737969 7
    endloop
  endfacet
  facet normal 0.8577286100002716 -0.5141027441932228 0
    outer loop
      vertex 5.019242779784638 0.6128157578737969 0
      vertex 5.084829927444191 0.7222413029254828 0
      vertex 5.084829927444191 0.7222413029254828 7
    endloop
  endfacet
  facet normal 0.8032075314806444 -0.5956993044924339 0
    outer loop
      vertex 5.084829927444191 0.7222413029254828 0
      vertex 5.160826834065942 0.8247112694127392 0
      vertex 5.160826834065942 0.8247112694127392 7
    endloop
  endfacet
  facet normal 0.7409511253549594 -0.6715589548470181 0
    outer loop
      vertex 5.160826834065942 0.8247112694127392 0
      vertex 5.246501607894988 0.9192388155425119 0
      vertex 5.246501607894988 0.9192388155425119 7
    endloop
  endfacet
  facet normal 0.6715589548470181 -0.7409511253549594 0
    outer loop
      vertex 5.246501607894988 0.9192388155425119 0
      vertex 5.341029154024761 1.0049135893715582 0
      vertex 5.341029154024761 1.0049135893715582 7
    endloop
  endfacet
  facet normal 0.595699304492432 -0.8032075314806459 0
    outer loop
      vertex 5.341029154024761 1.0049135893715582 0
      vertex 5.443499120512017 1.080910495993309 0
      vertex 5.443499120512017 1.080910495993309 7
    endloop
  endfacet
  facet normal 0.514102744193223 -0.8577286100002713 0
    outer loop
      vertex 5.443499120512017 1.080910495993309 0
      vertex 5.552924665563703 1.1464976436528616 0
      vertex 5.552924665563703 1.1464976436528616 7
    endloop
  endfacet
  facet normal 0.4275550934302817 -0.9039892931234436 0
    outer loop
      vertex 5.552924665563703 1.1464976436528616 0
      vertex 5.668251961362883 1.2010433922646728 0
      vertex 5.668251961362883 1.2010433922646728 7
    endloop
  endfacet
  facet normal 0.336889853392219 -0.9415440651830211 0
    outer loop
      vertex 5.668251961362883 1.2010433922646728 0
      vertex 5.788370343006699 1.2440224364518715 0
      vertex 5.788370343006699 1.2440224364518715 7
    endloop
  endfacet
  facet normal 0.24298017990326465 -0.9700312531945439 0
    outer loop
      vertex 5.788370343006699 1.2440224364518715 0
      vertex 5.912123004816533 1.2750208645241996 0
      vertex 5.912123004816533 1.2750208645241996 7
    endloop
  endfacet
  facet normal 0.14673047445536214 -0.9891765099647809 0
    outer loop
      vertex 5.912123004816533 1.2750208645241996 0
      vertex 6.025002015059204 1.2917648839808975 0
      vertex 5.912123004816533 1.2750208645241996 7
    endloop
  endfacet
  facet normal 0.970031253194544 0.24298017990326423 0
    outer loop
      vertex 4.9217179869856285 -0.37737008043080106 0
      vertex 4.8907195589133 -0.2536174186209667 7
      vertex 4.9217179869856285 -0.37737008043080106 7
    endloop
  endfacet
  facet normal 0.9891765099647801 0.14673047445536808 0
    outer loop
      vertex 4.8907195589133 -0.2536174186209667 0
      vertex 4.872000278763643 -0.1274222824284288 7
      vertex 4.8907195589133 -0.2536174186209667 7
    endloop
  endfacet
  facet normal 0.9987954562051727 0.04906767432741185 0
    outer loop
      vertex 4.872000278763643 -0.1274222824284288 0
      vertex 4.8657404234375 0 7
      vertex 4.872000278763643 -0.1274222824284288 7
    endloop
  endfacet
  facet normal 0.9987954562051727 -0.04906767432741185 0
    outer loop
      vertex 4.8657404234375 0 0
      vertex 4.872000278763643 0.1274222824284288 7
      vertex 4.8657404234375 0 7
    endloop
  endfacet
  facet normal 0.9891765099647801 -0.14673047445536808 0
    outer loop
      vertex 4.872000278763643 0.1274222824284288 0
      vertex 4.8907195589133 0.2536174186209667 7
      vertex 4.872000278763643 0.1274222824284288 7
    endloop
  endfacet
  facet normal 0.970031253194544 -0.24298017990326423 0
    outer loop
      vertex 4.8907195589133 0.2536174186209667 0
      vertex 4.9217179869856285 0.37737008043080106 7
      vertex 4.8907195589133 0.2536174186209667 7
    endloop
  endfacet
  facet normal 0.941544065183021 -0.33688985339221944 0
    outer loop
      vertex 4.9217179869856285 0.37737008043080106 0
      vertex 4.964697031172827 0.4974884620746167 7
      vertex 4.9217179869856285 0.37737008043080106 7
    endloop
  endfacet
  facet normal 0.9039892931234446 -0.4275550934302795 0
    outer loop
      vertex 4.964697031172827 0.4974884620746167 0
      vertex 5.019242779784638 0.6128157578737969 7
      vertex 4.964697031172827 0.4974884620746167 7
    endloop
  endfacet
  facet normal 0.8577286100002716 -0.5141027441932228 0
    outer loop
      vertex 5.019242779784638 0.6128157578737969 0
      vertex 5.084829927444191 0.7222413029254828 7
      vertex 5.019242779784638 0.6128157578737969 7
    endloop
  endfacet
  facet normal 0.8032075314806444 -0.5956993044924339 0
    outer loop
      vertex 5.084829927444191 0.7222413029254828 0
      vertex 5.160826834065942 0.8247112694127392 7
      vertex 5.084829927444191 0.7222413029254828 7
    endloop
  endfacet
  facet normal 0.7409511253549594 -0.6715589548470181 0
    outer loop
      vertex 5.160826834065942 0.8247112694127392 0
      vertex 5.246501607894988 0.9192388155425119 7
      vertex 5.160826834065942 0.8247112694127392 7
    endloop
  endfacet
  facet normal 0.6715589548470181 -0.7409511253549594 0
    outer loop
      vertex 5.246501607894988 0.9192388155425119 0
      vertex 5.341029154024761 1.0049135893715582 7
      vertex 5.246501607894988 0.9192388155425119 7
    endloop
  endfacet
  facet normal 0.595699304492432 -0.8032075314806459 0
    outer loop
      vertex 5.341029154024761 1.0049135893715582 0
      vertex 5.443499120512017 1.080910495993309 7
      vertex 5.341029154024761 1.0049135893715582 7
    endloop
  endfacet
  facet normal 0.514102744193223 -0.8577286100002713 0
    outer loop
      vertex 5.443499120512017 1.080910495993309 0
      vertex 5.552924665563703 1.1464976436528616 7
      vertex 5.443499120512017 1.080910495993309 7
    endloop
  endfacet
  facet normal 0.4275550934302817 -0.9039892931234436 0
    outer loop
      vertex 5.552924665563703 1.1464976436528616 0
      vertex 5.668251961362883 1.2010433922646728 7
      vertex 5.552924665563703 1.1464976436528616 7
    endloop
  endfacet
  facet normal 0.336889853392219 -0.9415440651830211 0
    outer loop
      vertex 5.668251961362883 1.2010433922646728 0
      vertex 5.788370343006699 1.2440224364518715 7
      vertex 5.668251961362883 1.2010433922646728 7
    endloop
  endfacet
  facet normal 0.24298017990326465 -0.9700312531945439 0
    outer loop
      vertex 5.788370343006699 1.2440224364518715 0
      vertex 5.912123004816533 1.2750208645241996 7
      vertex 5.788370343006699 1.2440224364518715 7
    endloop
  endfacet
  facet normal 0.14673047445536214 -0.9891765099647809 0
    outer loop
      vertex 6.025002015059204 1.2917648839808975 0
      vertex 6.025002015059204 1.2917648839808975 7
      vertex 5.912123004816533 1.2750208645241996 7
    endloop
  endfacet
  facet normal 0.878593945436274 0.4775695541413014 0
    outer loop
      vertex 4.383880640811522 2.111165648496513 0
      vertex 4.383880640811522 2.111165648496513 7
      vertex 4.44480703192489 1.9990781883866713 0
    endloop
  endfacet
  facet normal 0.7685428110327669 0.6397983648071106 0
    outer loop
      vertex 4.516426538118943 1.8935022906614112 0
      vertex 4.516426538118943 1.8935022906614112 7
      vertex 4.598049424397825 1.7954547089294823 0
    endloop
  endfacet
  facet normal 0.8275532734394444 0.5613871922476149 0
    outer loop
      vertex 4.516426538118943 1.8935022906614112 0
      vertex 4.44480703192489 1.9990781883866713 0
      vertex 4.44480703192489 1.9990781883866713 7
    endloop
  endfacet
  facet normal 0.9548812072378245 0.29698801333393027 0
    outer loop
      vertex 4.334234119231009 2.228685207476839 0
      vertex 4.2963455903257275 2.3505050877319436 0
      vertex 4.2963455903257275 2.3505050877319436 7
    endloop
  endfacet
  facet normal 0.921173277450234 0.3891526601625563 0
    outer loop
      vertex 4.383880640811522 2.111165648496513 0
      vertex 4.334234119231009 2.228685207476839 0
      vertex 4.334234119231009 2.228685207476839 7
    endloop
  endfacet
  facet normal 0.9793931090085367 0.2019632095867772 0
    outer loop
      vertex 4.2963455903257275 2.3505050877319436 0
      vertex 4.270579941341005 2.4754520972214498 0
      vertex 4.270579941341005 2.4754520972214498 7
    endloop
  endfacet
  facet normal 0.7021308612276069 0.7120479293641537 0
    outer loop
      vertex 4.598049424397825 1.7954547089294823 0
      vertex 4.598049424397825 1.7954547089294823 7
      vertex 4.688889617747062 1.7058796950012232 0
    endloop
  endfacet
  facet normal 0.6289570074050536 0.7774400831164286 0
    outer loop
      vertex 4.688889617747062 1.7058796950012232 0
      vertex 4.688889617747062 1.7058796950012232 7
      vertex 4.7880722774464 1.625639905227447 0
    endloop
  endfacet
  facet normal 0.4652007387059078 0.885205215025012 0
    outer loop
      vertex 5.007573119394005 1.496159664953598 0
      vertex 4.894642220264179 1.555508092647207 0
      vertex 4.894642220264179 1.555508092647207 7
    endloop
  endfacet
  facet normal 0.5497259537783042 0.8353450638763203 0
    outer loop
      vertex 4.7880722774464 1.625639905227447 0
      vertex 4.7880722774464 1.625639905227447 7
      vertex 4.894642220264179 1.555508092647207 0
    endloop
  endfacet
  facet normal 0.18820784093259585 0.9821292219517199 0
    outer loop
      vertex 5.248116655982082 1.411989841128302 0
      vertex 5.248116655982082 1.411989841128302 7
      vertex 5.373412727688518 1.3879790464119595 0
    endloop
  endfacet
  facet normal 0.37619538621517895 0.9265403560506215 0
    outer loop
      vertex 5.007573119394005 1.496159664953598 0
      vertex 5.007573119394005 1.496159664953598 7
      vertex 5.125777388542949 1.4481661799484606 0
    endloop
  endfacet
  facet normal 0.28356706650587776 0.9589524069489848 0
    outer loop
      vertex 5.125777388542949 1.4481661799484606 0
      vertex 5.125777388542949 1.4481661799484606 7
      vertex 5.248116655982082 1.411989841128302 0
    endloop
  endfacet
  facet normal 0.0910360709662726 0.9958475956606131 0
    outer loop
      vertex 5.373412727688518 1.3879790464119595 0
      vertex 5.373412727688518 1.3879790464119595 7
      vertex 5.500458933997922 1.3763650328781856 0
    endloop
  endfacet
  facet normal -0.007012426128842454 0.9999754126376246 0
    outer loop
      vertex 5.500458933997922 1.3763650328781856 0
      vertex 5.500458933997922 1.3763650328781856 7
      vertex 5.628031750493016 1.3772596498261769 0
    endloop
  endfacet
  facet normal -0.10499338972695706 0.9944729197487698 0
    outer loop
      vertex 5.628031750493016 1.3772596498261769 0
      vertex 5.628031750493016 1.3772596498261769 7
      vertex 5.754902581212556 1.3906542816056773 0
    endloop
  endfacet
  facet normal -0.20196320958676786 0.9793931090085386 0
    outer loop
      vertex 5.754902581212556 1.3906542816056773 0
      vertex 5.754902581212556 1.3906542816056773 7
      vertex 5.879849590702062 1.4164199305903986 0
    endloop
  endfacet
  facet normal -0.2969880133339425 0.9548812072378207 0
    outer loop
      vertex 5.879849590702062 1.4164199305903986 0
      vertex 5.985543304982484 1.4492928848260664 7
      vertex 5.985543304982484 1.4492928848260664 0
    endloop
  endfacet
  facet normal 0.878593945436274 0.4775695541413014 0
    outer loop
      vertex 4.44480703192489 1.9990781883866713 0
      vertex 4.383880640811522 2.111165648496513 7
      vertex 4.44480703192489 1.9990781883866713 7
    endloop
  endfacet
  facet normal 0.8275532734394444 0.5613871922476149 0
    outer loop
      vertex 4.516426538118943 1.8935022906614112 0
      vertex 4.44480703192489 1.9990781883866713 7
      vertex 4.516426538118943 1.8935022906614112 7
    endloop
  endfacet
  facet normal 0.7685428110327669 0.6397983648071106 0
    outer loop
      vertex 4.598049424397825 1.7954547089294823 0
      vertex 4.516426538118943 1.8935022906614112 7
      vertex 4.598049424397825 1.7954547089294823 7
    endloop
  endfacet
  facet normal 0.9548812072378245 0.29698801333393027 0
    outer loop
      vertex 4.334234119231009 2.228685207476839 0
      vertex 4.2963455903257275 2.3505050877319436 7
      vertex 4.334234119231009 2.228685207476839 7
    endloop
  endfacet
  facet normal 0.921173277450234 0.3891526601625563 0
    outer loop
      vertex 4.383880640811522 2.111165648496513 0
      vertex 4.334234119231009 2.228685207476839 7
      vertex 4.383880640811522 2.111165648496513 7
    endloop
  endfacet
  facet normal 0.9793931090085367 0.2019632095867772 0
    outer loop
      vertex 4.2963455903257275 2.3505050877319436 0
      vertex 4.270579941341005 2.4754520972214498 7
      vertex 4.2963455903257275 2.3505050877319436 7
    endloop
  endfacet
  facet normal 0.7021308612276069 0.7120479293641537 0
    outer loop
      vertex 4.688889617747062 1.7058796950012232 0
      vertex 4.598049424397825 1.7954547089294823 7
      vertex 4.688889617747062 1.7058796950012232 7
    endloop
  endfacet
  facet normal 0.6289570074050536 0.7774400831164286 0
    outer loop
      vertex 4.7880722774464 1.625639905227447 0
      vertex 4.688889617747062 1.7058796950012232 7
      vertex 4.7880722774464 1.625639905227447 7
    endloop
  endfacet
  facet normal 0.5497259537783042 0.8353450638763203 0
    outer loop
      vertex 4.894642220264179 1.555508092647207 0
      vertex 4.7880722774464 1.625639905227447 7
      vertex 4.894642220264179 1.555508092647207 7
    endloop
  endfacet
  facet normal 0.4652007387059078 0.885205215025012 0
    outer loop
      vertex 5.007573119394005 1.496159664953598 0
      vertex 4.894642220264179 1.555508092647207 7
      vertex 5.007573119394005 1.496159664953598 7
    endloop
  endfacet
  facet normal 0.18820784093259585 0.9821292219517199 0
    outer loop
      vertex 5.373412727688518 1.3879790464119595 0
      vertex 5.248116655982082 1.411989841128302 7
      vertex 5.373412727688518 1.3879790464119595 7
    endloop
  endfacet
  facet normal 0.37619538621517895 0.9265403560506215 0
    outer loop
      vertex 5.125777388542949 1.4481661799484606 0
      vertex 5.007573119394005 1.496159664953598 7
      vertex 5.125777388542949 1.4481661799484606 7
    endloop
  endfacet
  facet normal 0.28356706650587776 0.9589524069489848 0
    outer loop
      vertex 5.248116655982082 1.411989841128302 0
      vertex 5.125777388542949 1.4481661799484606 7
      vertex 5.248116655982082 1.411989841128302 7
    endloop
  endfacet
  facet normal 0.0910360709662726 0.9958475956606131 0
    outer loop
      vertex 5.500458933997922 1.3763650328781856 0
      vertex 5.373412727688518 1.3879790464119595 7
      vertex 5.500458933997922 1.3763650328781856 7
    endloop
  endfacet
  facet normal -0.007012426128842454 0.9999754126376246 0
    outer loop
      vertex 5.628031750493016 1.3772596498261769 0
      vertex 5.500458933997922 1.3763650328781856 7
      vertex 5.628031750493016 1.3772596498261769 7
    endloop
  endfacet
  facet normal -0.10499338972695706 0.9944729197487698 0
    outer loop
      vertex 5.754902581212556 1.3906542816056773 0
      vertex 5.628031750493016 1.3772596498261769 7
      vertex 5.754902581212556 1.3906542816056773 7
    endloop
  endfacet
  facet normal -0.20196320958676786 0.9793931090085386 0
    outer loop
      vertex 5.879849590702062 1.4164199305903986 0
      vertex 5.754902581212556 1.3906542816056773 7
      vertex 5.879849590702062 1.4164199305903986 7
    endloop
  endfacet
  facet normal -0.2969880133339425 0.9548812072378207 0
    outer loop
      vertex 5.879849590702062 1.4164199305903986 0
      vertex 5.879849590702062 1.4164199305903986 7
      vertex 5.985543304982484 1.4492928848260664 7
    endloop
  endfacet
  facet normal 0.9944729197487704 0.10499338972695227 0
    outer loop
      vertex 4.270579941341005 2.4754520972214498 0
      vertex 4.257185309561505 2.602322927940989 0
      vertex 4.257185309561505 2.602322927940989 7
    endloop
  endfacet
  facet normal 0.9999754126376246 0.007012426128847724 0
    outer loop
      vertex 4.257185309561505 2.602322927940989 0
      vertex 4.256290692613513 2.7298957444360825 0
      vertex 4.256290692613513 2.7298957444360825 7
    endloop
  endfacet
  facet normal 0.9958475956606131 -0.09103607096627134 0
    outer loop
      vertex 4.256290692613513 2.7298957444360825 0
      vertex 4.267904706147287 2.8569419507454876 0
      vertex 4.267904706147287 2.8569419507454876 7
    endloop
  endfacet
  facet normal 0.9821292219517179 -0.18820784093260656 0
    outer loop
      vertex 4.267904706147287 2.8569419507454876 0
      vertex 4.291915500863631 2.982238022451923 0
      vertex 4.291915500863631 2.982238022451923 7
    endloop
  endfacet
  facet normal 0.9589524069489855 -0.2835670665058748 0
    outer loop
      vertex 4.291915500863631 2.982238022451923 0
      vertex 4.328091839683789 3.1045772898910555 0
      vertex 4.328091839683789 3.1045772898910555 7
    endloop
  endfacet
  facet normal 0.9265403560506219 -0.3761953862151777 0
    outer loop
      vertex 4.328091839683789 3.1045772898910555 0
      vertex 4.376085324688926 3.2227815590400004 0
      vertex 4.376085324688926 3.2227815590400004 7
    endloop
  endfacet
  facet normal 0.885205215025012 -0.4652007387059076 0
    outer loop
      vertex 4.376085324688926 3.2227815590400004 0
      vertex 4.435433752382536 3.3357124581698274 0
      vertex 4.435433752382536 3.3357124581698274 7
    endloop
  endfacet
  facet normal 0.8353450638763207 -0.5497259537783038 0
    outer loop
      vertex 4.435433752382536 3.3357124581698274 0
      vertex 4.505565564962775 3.4422824009876054 0
      vertex 4.505565564962775 3.4422824009876054 7
    endloop
  endfacet
  facet normal 0.7774400831164309 -0.6289570074050508 0
    outer loop
      vertex 4.505565564962775 3.4422824009876054 0
      vertex 4.585805354736551 3.5414650606869436 0
      vertex 4.585805354736551 3.5414650606869436 7
    endloop
  endfacet
  facet normal 0.7120479293641546 -0.7021308612276062 0
    outer loop
      vertex 4.585805354736551 3.5414650606869436 0
      vertex 4.67538036866481 3.632305254036181 0
      vertex 4.67538036866481 3.632305254036181 7
    endloop
  endfacet
  facet normal 0.6397983648071074 -0.7685428110327697 0
    outer loop
      vertex 4.67538036866481 3.632305254036181 0
      vertex 4.773427950396739 3.713928140315062 0
      vertex 4.773427950396739 3.713928140315062 7
    endloop
  endfacet
  facet normal 0.5613871922476096 -0.8275532734394477 0
    outer loop
      vertex 4.773427950396739 3.713928140315062 0
      vertex 4.86609316864639 3.776789430774316 0
      vertex 4.773427950396739 3.713928140315062 7
    endloop
  endfacet
  facet normal 0.9944729197487704 0.10499338972695227 0
    outer loop
      vertex 4.270579941341005 2.4754520972214498 0
      vertex 4.257185309561505 2.602322927940989 7
      vertex 4.270579941341005 2.4754520972214498 7
    endloop
  endfacet
  facet normal 0.9999754126376246 0.007012426128847724 0
    outer loop
      vertex 4.257185309561505 2.602322927940989 0
      vertex 4.256290692613513 2.7298957444360825 7
      vertex 4.257185309561505 2.602322927940989 7
    endloop
  endfacet
  facet normal 0.9958475956606131 -0.09103607096627134 0
    outer loop
      vertex 4.256290692613513 2.7298957444360825 0
      vertex 4.267904706147287 2.8569419507454876 7
      vertex 4.256290692613513 2.7298957444360825 7
    endloop
  endfacet
  facet normal 0.9821292219517179 -0.18820784093260656 0
    outer loop
      vertex 4.267904706147287 2.8569419507454876 0
      vertex 4.291915500863631 2.982238022451923 7
      vertex 4.267904706147287 2.8569419507454876 7
    endloop
  endfacet
  facet normal 0.9589524069489855 -0.2835670665058748 0
    outer loop
      vertex 4.291915500863631 2.982238022451923 0
      vertex 4.328091839683789 3.1045772898910555 7
      vertex 4.291915500863631 2.982238022451923 7
    endloop
  endfacet
  facet normal 0.9265403560506219 -0.3761953862151777 0
    outer loop
      vertex 4.328091839683789 3.1045772898910555 0
      vertex 4.376085324688926 3.2227815590400004 7
      vertex 4.328091839683789 3.1045772898910555 7
    endloop
  endfacet
  facet normal 0.885205215025012 -0.4652007387059076 0
    outer loop
      vertex 4.376085324688926 3.2227815590400004 0
      vertex 4.435433752382536 3.3357124581698274 7
      vertex 4.376085324688926 3.2227815590400004 7
    endloop
  endfacet
  facet normal 0.8353450638763207 -0.5497259537783038 0
    outer loop
      vertex 4.435433752382536 3.3357124581698274 0
      vertex 4.505565564962775 3.4422824009876054 7
      vertex 4.435433752382536 3.3357124581698274 7
    endloop
  endfacet
  facet normal 0.7774400831164309 -0.6289570074050508 0
    outer loop
      vertex 4.505565564962775 3.4422824009876054 0
      vertex 4.585805354736551 3.5414650606869436 7
      vertex 4.505565564962775 3.4422824009876054 7
    endloop
  endfacet
  facet normal 0.7120479293641546 -0.7021308612276062 0
    outer loop
      vertex 4.585805354736551 3.5414650606869436 0
      vertex 4.67538036866481 3.632305254036181 7
      vertex 4.585805354736551 3.5414650606869436 7
    endloop
  endfacet
  facet normal 0.6397983648071074 -0.7685428110327697 0
    outer loop
      vertex 4.67538036866481 3.632305254036181 0
      vertex 4.773427950396739 3.713928140315062 7
      vertex 4.67538036866481 3.632305254036181 7
    endloop
  endfacet
  facet normal 0.5613871922476096 -0.8275532734394477 0
    outer loop
      vertex 4.86609316864639 3.776789430774316 0
      vertex 4.86609316864639 3.776789430774316 7
      vertex 4.773427950396739 3.713928140315062 7
    endloop
  endfacet
  facet normal 0.6611014336474301 0.7502965376631511 0
    outer loop
      vertex 3.0337395325050767 3.8041890485607595 0
      vertex 3 3.833917632114099 0
      vertex 3 3.833917632114099 7
    endloop
  endfacet
  facet normal 0.584376128526104 0.8114829267512917 0
    outer loop
      vertex 3.0337395325050767 3.8041890485607595 0
      vertex 3.0337395325050767 3.8041890485607595 7
      vertex 3.1372652404325168 3.7296367069067453 0
    endloop
  endfacet
  facet normal 0.6611014336474301 0.7502965376631511 0
    outer loop
      vertex 3.0337395325050767 3.8041890485607595 0
      vertex 3 3.833917632114099 7
      vertex 3.0337395325050767 3.8041890485607595 7
    endloop
  endfacet
  facet normal 0.5020229618345801 0.8648542916531292 0
    outer loop
      vertex 3.1372652404325168 3.7296367069067453 0
      vertex 3.1372652404325168 3.7296367069067453 7
      vertex 3.2475998511136313 3.6655906489966643 0
    endloop
  endfacet
  facet normal 0.41483503958692575 0.9098966369488976 0
    outer loop
      vertex 3.2475998511136313 3.6655906489966643 0
      vertex 3.2475998511136313 3.6655906489966643 7
      vertex 3.3636807819325267 3.612667673379327 0
    endloop
  endfacet
  facet normal 0.32365202913615293 0.946176180230749 0
    outer loop
      vertex 3.3636807819325267 3.612667673379327 0
      vertex 3.3636807819325267 3.612667673379327 7
      vertex 3.484390110069126 3.571377457240569 0
    endloop
  endfacet
  facet normal 0.2293520727186001 0.9733435296644664 0
    outer loop
      vertex 3.484390110069126 3.571377457240569 0
      vertex 3.484390110069126 3.571377457240569 7
      vertex 3.6085653387070424 3.542117647933335 0
    endloop
  endfacet
  facet normal 0.1328433304641701 0.991137048823818 0
    outer loop
      vertex 3.6085653387070424 3.542117647933335 0
      vertex 3.6085653387070424 3.542117647933335 7
      vertex 3.735010592513408 3.525170033416293 0
    endloop
  endfacet
  facet normal 0.0350552343178149 0.999385376392372 0
    outer loop
      vertex 3.735010592513408 3.525170033416293 0
      vertex 3.735010592513408 3.525170033416293 7
      vertex 3.8625081345720615 3.5206978284817505 0
    endloop
  endfacet
  facet normal -0.06307046289815602 0.9980090764666483 0
    outer loop
      vertex 3.8625081345720615 3.5206978284817505 0
      vertex 3.8625081345720615 3.5206978284817505 7
      vertex 3.9898300938557307 3.5287441029079827 0
    endloop
  endfacet
  facet normal -0.16058875707859754 0.987021403567294 0
    outer loop
      vertex 3.9898300938557307 3.5287441029079827 0
      vertex 3.9898300938557307 3.5287441029079827 7
      vertex 4.115750290295251 3.549231366673724 0
    endloop
  endfacet
  facet normal -0.256560493741631 0.9665281749908021 0
    outer loop
      vertex 4.115750290295251 3.549231366673724 0
      vertex 4.115750290295251 3.549231366673724 7
      vertex 4.23905604356393 3.5819623162294336 0
    endloop
  endfacet
  facet normal -0.3500614125996929 0.9367267517311052 0
    outer loop
      vertex 4.23905604356393 3.5819623162294336 0
      vertex 4.23905604356393 3.5819623162294336 7
      vertex 4.358559851852006 3.626621734638331 0
    endloop
  endfacet
  facet normal -0.4401910486913892 0.8979041377853066 0
    outer loop
      vertex 4.358559851852006 3.626621734638331 0
      vertex 4.358559851852006 3.626621734638331 7
      vertex 4.473110828158243 3.682779527287819 0
    endloop
  endfacet
  facet normal -0.5260814043512834 0.8504342161483046 0
    outer loop
      vertex 4.473110828158243 3.682779527287819 0
      vertex 4.473110828158243 3.682779527287819 7
      vertex 4.581605783960873 3.7498948639357095 0
    endloop
  endfacet
  facet normal -0.6069053085019216 0.7947741481151657 0
    outer loop
      vertex 4.581605783960873 3.7498948639357095 0
      vertex 4.581605783960873 3.7498948639357095 7
      vertex 4.682999853526145 3.8273213872011085 0
    endloop
  endfacet
  facet normal -0.6818843827635028 0.7314599705679299 0
    outer loop
      vertex 4.682999853526145 3.8273213872011085 0
      vertex 4.769092803406999 3.907579282850839 7
      vertex 4.769092803406999 3.907579282850839 0
    endloop
  endfacet
  facet normal 0.584376128526104 0.8114829267512917 0
    outer loop
      vertex 3.0337395325050767 3.8041890485607595 7
      vertex 3.1372652404325168 3.7296367069067453 7
      vertex 3.1372652404325168 3.7296367069067453 0
    endloop
  endfacet
  facet normal 0.5020229618345801 0.8648542916531292 0
    outer loop
      vertex 3.2475998511136313 3.6655906489966643 0
      vertex 3.1372652404325168 3.7296367069067453 7
      vertex 3.2475998511136313 3.6655906489966643 7
    endloop
  endfacet
  facet normal 0.41483503958692575 0.9098966369488976 0
    outer loop
      vertex 3.3636807819325267 3.612667673379327 0
      vertex 3.2475998511136313 3.6655906489966643 7
      vertex 3.3636807819325267 3.612667673379327 7
    endloop
  endfacet
  facet normal 0.32365202913615293 0.946176180230749 0
    outer loop
      vertex 3.484390110069126 3.571377457240569 0
      vertex 3.3636807819325267 3.612667673379327 7
      vertex 3.484390110069126 3.571377457240569 7
    endloop
  endfacet
  facet normal 0.2293520727186001 0.9733435296644664 0
    outer loop
      vertex 3.6085653387070424 3.542117647933335 0
      vertex 3.484390110069126 3.571377457240569 7
      vertex 3.6085653387070424 3.542117647933335 7
    endloop
  endfacet
  facet normal 0.1328433304641701 0.991137048823818 0
    outer loop
      vertex 3.735010592513408 3.525170033416293 0
      vertex 3.6085653387070424 3.542117647933335 7
      vertex 3.735010592513408 3.525170033416293 7
    endloop
  endfacet
  facet normal 0.0350552343178149 0.999385376392372 0
    outer loop
      vertex 3.8625081345720615 3.5206978284817505 0
      vertex 3.735010592513408 3.525170033416293 7
      vertex 3.8625081345720615 3.5206978284817505 7
    endloop
  endfacet
  facet normal -0.06307046289815602 0.9980090764666483 0
    outer loop
      vertex 3.9898300938557307 3.5287441029079827 0
      vertex 3.8625081345720615 3.5206978284817505 7
      vertex 3.9898300938557307 3.5287441029079827 7
    endloop
  endfacet
  facet normal -0.16058875707859754 0.987021403567294 0
    outer loop
      vertex 4.115750290295251 3.549231366673724 0
      vertex 3.9898300938557307 3.5287441029079827 7
      vertex 4.115750290295251 3.549231366673724 7
    endloop
  endfacet
  facet normal -0.256560493741631 0.9665281749908021 0
    outer loop
      vertex 4.23905604356393 3.5819623162294336 0
      vertex 4.115750290295251 3.549231366673724 7
      vertex 4.23905604356393 3.5819623162294336 7
    endloop
  endfacet
  facet normal -0.3500614125996929 0.9367267517311052 0
    outer loop
      vertex 4.358559851852006 3.626621734638331 0
      vertex 4.23905604356393 3.5819623162294336 7
      vertex 4.358559851852006 3.626621734638331 7
    endloop
  endfacet
  facet normal -0.4401910486913892 0.8979041377853066 0
    outer loop
      vertex 4.473110828158243 3.682779527287819 0
      vertex 4.358559851852006 3.626621734638331 7
      vertex 4.473110828158243 3.682779527287819 7
    endloop
  endfacet
  facet normal -0.5260814043512834 0.8504342161483046 0
    outer loop
      vertex 4.581605783960873 3.7498948639357095 0
      vertex 4.473110828158243 3.682779527287819 7
      vertex 4.581605783960873 3.7498948639357095 7
    endloop
  endfacet
  facet normal -0.6069053085019216 0.7947741481151657 0
    outer loop
      vertex 4.682999853526145 3.8273213872011085 0
      vertex 4.581605783960873 3.7498948639357095 7
      vertex 4.682999853526145 3.8273213872011085 7
    endloop
  endfacet
  facet normal -0.6818843827635028 0.7314599705679299 0
    outer loop
      vertex 4.682999853526145 3.8273213872011085 0
      vertex 4.682999853526145 3.8273213872011085 7
      vertex 4.769092803406999 3.907579282850839 7
    endloop
  endfacet
  facet normal 0.6069053085019228 0.7947741481151649 0
    outer loop
      vertex -4.6829998535261455 3.827321387201107 0
      vertex -4.6829998535261455 3.827321387201107 7
      vertex -4.581605783960875 3.7498948639357086 0
    endloop
  endfacet
  facet normal 0.6818843827635106 0.7314599705679226 0
    outer loop
      vertex -4.6829998535261455 3.827321387201107 0
      vertex -4.769092803406999 3.9075792828508384 0
      vertex -4.6829998535261455 3.827321387201107 7
    endloop
  endfacet
  facet normal 0.5260814043512828 0.850434216148305 0
    outer loop
      vertex -4.581605783960875 3.7498948639357086 0
      vertex -4.581605783960875 3.7498948639357086 7
      vertex -4.4731108281582435 3.682779527287818 0
    endloop
  endfacet
  facet normal 0.4401910486913892 0.8979041377853066 0
    outer loop
      vertex -4.4731108281582435 3.682779527287818 0
      vertex -4.4731108281582435 3.682779527287818 7
      vertex -4.358559851852007 3.62662173463833 0
    endloop
  endfacet
  facet normal 0.35006141259968987 0.9367267517311063 0
    outer loop
      vertex -4.358559851852007 3.62662173463833 0
      vertex -4.358559851852007 3.62662173463833 7
      vertex -4.239056043563931 3.5819623162294327 0
    endloop
  endfacet
  facet normal 0.2565604937416245 0.9665281749908039 0
    outer loop
      vertex -4.239056043563931 3.5819623162294327 0
      vertex -4.239056043563931 3.5819623162294327 7
      vertex -4.115750290295252 3.549231366673724 0
    endloop
  endfacet
  facet normal 0.16058875707860093 0.9870214035672935 0
    outer loop
      vertex -4.115750290295252 3.549231366673724 0
      vertex -4.115750290295252 3.549231366673724 7
      vertex -3.9898300938557316 3.5287441029079822 0
    endloop
  endfacet
  facet normal 0.06307046289815278 0.9980090764666485 0
    outer loop
      vertex -3.9898300938557316 3.5287441029079822 0
      vertex -3.9898300938557316 3.5287441029079822 7
      vertex -3.862508134572063 3.5206978284817505 0
    endloop
  endfacet
  facet normal -0.03505523431781142 0.9993853763923721 0
    outer loop
      vertex -3.862508134572063 3.5206978284817505 0
      vertex -3.862508134572063 3.5206978284817505 7
      vertex -3.7350105925134094 3.5251700334162925 0
    endloop
  endfacet
  facet normal -0.1328433304641662 0.9911370488238185 0
    outer loop
      vertex -3.7350105925134094 3.5251700334162925 0
      vertex -3.7350105925134094 3.5251700334162925 7
      vertex -3.6085653387070433 3.5421176479333343 0
    endloop
  endfacet
  facet normal -0.2293520727186001 0.9733435296644664 0
    outer loop
      vertex -3.6085653387070433 3.5421176479333343 0
      vertex -3.6085653387070433 3.5421176479333343 7
      vertex -3.484390110069127 3.571377457240568 0
    endloop
  endfacet
  facet normal -0.32365202913615715 0.9461761802307476 0
    outer loop
      vertex -3.484390110069127 3.571377457240568 0
      vertex -3.484390110069127 3.571377457240568 7
      vertex -3.363680781932528 3.6126676733793266 0
    endloop
  endfacet
  facet normal -0.41483503958692575 0.9098966369488976 0
    outer loop
      vertex -3.363680781932528 3.6126676733793266 0
      vertex -3.363680781932528 3.6126676733793266 7
      vertex -3.2475998511136326 3.665590648996664 0
    endloop
  endfacet
  facet normal -0.502022961834576 0.8648542916531317 0
    outer loop
      vertex -3.2475998511136326 3.665590648996664 0
      vertex -3.2475998511136326 3.665590648996664 7
      vertex -3.1372652404325176 3.7296367069067444 0
    endloop
  endfacet
  facet normal -0.584376128526108 0.8114829267512889 0
    outer loop
      vertex -3.1372652404325176 3.7296367069067444 0
      vertex -3.1372652404325176 3.7296367069067444 7
      vertex -3.033739532505078 3.804189048560759 0
    endloop
  endfacet
  facet normal 0.6818843827635106 0.7314599705679226 0
    outer loop
      vertex -4.769092803406999 3.9075792828508384 0
      vertex -4.769092803406999 3.9075792828508384 7
      vertex -4.6829998535261455 3.827321387201107 7
    endloop
  endfacet
  facet normal 0.5260814043512828 0.850434216148305 0
    outer loop
      vertex -4.4731108281582435 3.682779527287818 0
      vertex -4.581605783960875 3.7498948639357086 7
      vertex -4.4731108281582435 3.682779527287818 7
    endloop
  endfacet
  facet normal 0.6069053085019228 0.7947741481151649 0
    outer loop
      vertex -4.581605783960875 3.7498948639357086 0
      vertex -4.6829998535261455 3.827321387201107 7
      vertex -4.581605783960875 3.7498948639357086 7
    endloop
  endfacet
  facet normal 0.4401910486913892 0.8979041377853066 0
    outer loop
      vertex -4.358559851852007 3.62662173463833 0
      vertex -4.4731108281582435 3.682779527287818 7
      vertex -4.358559851852007 3.62662173463833 7
    endloop
  endfacet
  facet normal 0.35006141259968987 0.9367267517311063 0
    outer loop
      vertex -4.239056043563931 3.5819623162294327 0
      vertex -4.358559851852007 3.62662173463833 7
      vertex -4.239056043563931 3.5819623162294327 7
    endloop
  endfacet
  facet normal 0.2565604937416245 0.9665281749908039 0
    outer loop
      vertex -4.115750290295252 3.549231366673724 0
      vertex -4.239056043563931 3.5819623162294327 7
      vertex -4.115750290295252 3.549231366673724 7
    endloop
  endfacet
  facet normal 0.16058875707860093 0.9870214035672935 0
    outer loop
      vertex -3.9898300938557316 3.5287441029079822 0
      vertex -4.115750290295252 3.549231366673724 7
      vertex -3.9898300938557316 3.5287441029079822 7
    endloop
  endfacet
  facet normal 0.06307046289815278 0.9980090764666485 0
    outer loop
      vertex -3.862508134572063 3.5206978284817505 0
      vertex -3.9898300938557316 3.5287441029079822 7
      vertex -3.862508134572063 3.5206978284817505 7
    endloop
  endfacet
  facet normal -0.03505523431781142 0.9993853763923721 0
    outer loop
      vertex -3.7350105925134094 3.5251700334162925 0
      vertex -3.862508134572063 3.5206978284817505 7
      vertex -3.7350105925134094 3.5251700334162925 7
    endloop
  endfacet
  facet normal -0.1328433304641662 0.9911370488238185 0
    outer loop
      vertex -3.6085653387070433 3.5421176479333343 0
      vertex -3.7350105925134094 3.5251700334162925 7
      vertex -3.6085653387070433 3.5421176479333343 7
    endloop
  endfacet
  facet normal -0.2293520727186001 0.9733435296644664 0
    outer loop
      vertex -3.484390110069127 3.571377457240568 0
      vertex -3.6085653387070433 3.5421176479333343 7
      vertex -3.484390110069127 3.571377457240568 7
    endloop
  endfacet
  facet normal -0.32365202913615715 0.9461761802307476 0
    outer loop
      vertex -3.363680781932528 3.6126676733793266 0
      vertex -3.484390110069127 3.571377457240568 7
      vertex -3.363680781932528 3.6126676733793266 7
    endloop
  endfacet
  facet normal -0.41483503958692575 0.9098966369488976 0
    outer loop
      vertex -3.2475998511136326 3.665590648996664 0
      vertex -3.363680781932528 3.6126676733793266 7
      vertex -3.2475998511136326 3.665590648996664 7
    endloop
  endfacet
  facet normal -0.502022961834576 0.8648542916531317 0
    outer loop
      vertex -3.1372652404325176 3.7296367069067444 0
      vertex -3.2475998511136326 3.665590648996664 7
      vertex -3.1372652404325176 3.7296367069067444 7
    endloop
  endfacet
  facet normal -0.661101433647421 0.7502965376631592 0
    outer loop
      vertex -3.033739532505078 3.804189048560759 0
      vertex -3.033739532505078 3.804189048560759 7
      vertex -3 3.833917632114099 0
    endloop
  endfacet
  facet normal -0.584376128526108 0.8114829267512889 0
    outer loop
      vertex -3.1372652404325176 3.7296367069067444 7
      vertex -3.033739532505078 3.804189048560759 7
      vertex -3.033739532505078 3.804189048560759 0
    endloop
  endfacet
  facet normal -0.661101433647421 0.7502965376631592 0
    outer loop
      vertex -3.033739532505078 3.804189048560759 7
      vertex -3 3.833917632114099 7
      vertex -3 3.833917632114099 0
    endloop
  endfacet
  facet normal 0.20196320958676953 0.9793931090085383 0
    outer loop
      vertex -5.879849590702061 1.4164199305903995 0
      vertex -5.879849590702061 1.4164199305903995 7
      vertex -5.754902581212555 1.390654281605678 0
    endloop
  endfacet
  facet normal 0.29698801333394204 0.9548812072378208 0
    outer loop
      vertex -5.985543304982484 1.4492928848260676 0
      vertex -5.879849590702061 1.4164199305903995 7
      vertex -5.879849590702061 1.4164199305903995 0
    endloop
  endfacet
  facet normal 0.10499338972695609 0.9944729197487701 0
    outer loop
      vertex -5.754902581212555 1.390654281605678 0
      vertex -5.754902581212555 1.390654281605678 7
      vertex -5.628031750493016 1.3772596498261778 0
    endloop
  endfacet
  facet normal 0.007012426128845934 0.9999754126376246 0
    outer loop
      vertex -5.628031750493016 1.3772596498261778 0
      vertex -5.628031750493016 1.3772596498261778 7
      vertex -5.500458933997922 1.376365032878186 0
    endloop
  endfacet
  facet normal -0.09103607096627368 0.9958475956606129 0
    outer loop
      vertex -5.500458933997922 1.376365032878186 0
      vertex -5.500458933997922 1.376365032878186 7
      vertex -5.3734127276885175 1.3879790464119601 0
    endloop
  endfacet
  facet normal -0.18820784093259918 0.9821292219517191 0
    outer loop
      vertex -5.3734127276885175 1.3879790464119601 0
      vertex -5.3734127276885175 1.3879790464119601 7
      vertex -5.2481166559820815 1.4119898411283032 0
    endloop
  endfacet
  facet normal -0.28356706650587615 0.9589524069489852 0
    outer loop
      vertex -5.2481166559820815 1.4119898411283032 0
      vertex -5.2481166559820815 1.4119898411283032 7
      vertex -5.125777388542948 1.4481661799484615 0
    endloop
  endfacet
  facet normal -0.3761953862151759 0.9265403560506227 0
    outer loop
      vertex -5.125777388542948 1.4481661799484615 0
      vertex -5.125777388542948 1.4481661799484615 7
      vertex -5.007573119394004 1.4961596649535984 0
    endloop
  endfacet
  facet normal -0.4652007387059078 0.885205215025012 0
    outer loop
      vertex -5.007573119394004 1.4961596649535984 0
      vertex -5.007573119394004 1.4961596649535984 7
      vertex -4.894642220264178 1.5555080926472074 0
    endloop
  endfacet
  facet normal -0.5497259537783111 0.8353450638763159 0
    outer loop
      vertex -4.894642220264178 1.5555080926472074 0
      vertex -4.894642220264178 1.5555080926472074 7
      vertex -4.7880722774464 1.6256399052274482 0
    endloop
  endfacet
  facet normal -0.6289570074050491 0.7774400831164322 0
    outer loop
      vertex -4.7880722774464 1.6256399052274482 0
      vertex -4.7880722774464 1.6256399052274482 7
      vertex -4.688889617747061 1.705879695001224 0
    endloop
  endfacet
  facet normal -0.7021308612276053 0.7120479293641555 0
    outer loop
      vertex -4.688889617747061 1.705879695001224 0
      vertex -4.688889617747061 1.705879695001224 7
      vertex -4.598049424397824 1.7954547089294828 0
    endloop
  endfacet
  facet normal -0.7685428110327669 0.6397983648071106 0
    outer loop
      vertex -4.598049424397824 1.7954547089294828 0
      vertex -4.598049424397824 1.7954547089294828 7
      vertex -4.516426538118942 1.8935022906614116 0
    endloop
  endfacet
  facet normal -0.8275532734394475 0.56138719224761 0
    outer loop
      vertex -4.516426538118942 1.8935022906614116 0
      vertex -4.516426538118942 1.8935022906614116 7
      vertex -4.44480703192489 1.9990781883866717 0
    endloop
  endfacet
  facet normal -0.878593945436274 0.4775695541413014 0
    outer loop
      vertex -4.44480703192489 1.9990781883866717 0
      vertex -4.44480703192489 1.9990781883866717 7
      vertex -4.383880640811522 2.1111656484965136 0
    endloop
  endfacet
  facet normal -0.921173277450234 0.3891526601625563 0
    outer loop
      vertex -4.383880640811522 2.1111656484965136 0
      vertex -4.383880640811522 2.1111656484965136 7
      vertex -4.334234119231009 2.2286852074768393 0
    endloop
  endfacet
  facet normal -0.9548812072378225 0.2969880133339366 0
    outer loop
      vertex -4.334234119231009 2.2286852074768393 0
      vertex -4.334234119231009 2.2286852074768393 7
      vertex -4.296345590325727 2.350505087731944 0
    endloop
  endfacet
  facet normal -0.9793931090085367 0.2019632095867772 0
    outer loop
      vertex -4.296345590325727 2.350505087731944 0
      vertex -4.296345590325727 2.350505087731944 7
      vertex -4.270579941341004 2.47545209722145 0
    endloop
  endfacet
  facet normal 0.20196320958676953 0.9793931090085383 0
    outer loop
      vertex -5.754902581212555 1.390654281605678 0
      vertex -5.879849590702061 1.4164199305903995 7
      vertex -5.754902581212555 1.390654281605678 7
    endloop
  endfacet
  facet normal 0.29698801333394204 0.9548812072378208 0
    outer loop
      vertex -5.985543304982484 1.4492928848260676 0
      vertex -5.985543304982484 1.4492928848260676 7
      vertex -5.879849590702061 1.4164199305903995 7
    endloop
  endfacet
  facet normal 0.10499338972695609 0.9944729197487701 0
    outer loop
      vertex -5.628031750493016 1.3772596498261778 0
      vertex -5.754902581212555 1.390654281605678 7
      vertex -5.628031750493016 1.3772596498261778 7
    endloop
  endfacet
  facet normal 0.007012426128845934 0.9999754126376246 0
    outer loop
      vertex -5.500458933997922 1.376365032878186 0
      vertex -5.628031750493016 1.3772596498261778 7
      vertex -5.500458933997922 1.376365032878186 7
    endloop
  endfacet
  facet normal -0.09103607096627368 0.9958475956606129 0
    outer loop
      vertex -5.3734127276885175 1.3879790464119601 0
      vertex -5.500458933997922 1.376365032878186 7
      vertex -5.3734127276885175 1.3879790464119601 7
    endloop
  endfacet
  facet normal -0.18820784093259918 0.9821292219517191 0
    outer loop
      vertex -5.2481166559820815 1.4119898411283032 0
      vertex -5.3734127276885175 1.3879790464119601 7
      vertex -5.2481166559820815 1.4119898411283032 7
    endloop
  endfacet
  facet normal -0.28356706650587615 0.9589524069489852 0
    outer loop
      vertex -5.125777388542948 1.4481661799484615 0
      vertex -5.2481166559820815 1.4119898411283032 7
      vertex -5.125777388542948 1.4481661799484615 7
    endloop
  endfacet
  facet normal -0.3761953862151759 0.9265403560506227 0
    outer loop
      vertex -5.007573119394004 1.4961596649535984 0
      vertex -5.125777388542948 1.4481661799484615 7
      vertex -5.007573119394004 1.4961596649535984 7
    endloop
  endfacet
  facet normal -0.4652007387059078 0.885205215025012 0
    outer loop
      vertex -4.894642220264178 1.5555080926472074 0
      vertex -5.007573119394004 1.4961596649535984 7
      vertex -4.894642220264178 1.5555080926472074 7
    endloop
  endfacet
  facet normal -0.5497259537783111 0.8353450638763159 0
    outer loop
      vertex -4.7880722774464 1.6256399052274482 0
      vertex -4.894642220264178 1.5555080926472074 7
      vertex -4.7880722774464 1.6256399052274482 7
    endloop
  endfacet
  facet normal -0.6289570074050491 0.7774400831164322 0
    outer loop
      vertex -4.688889617747061 1.705879695001224 0
      vertex -4.7880722774464 1.6256399052274482 7
      vertex -4.688889617747061 1.705879695001224 7
    endloop
  endfacet
  facet normal -0.7021308612276053 0.7120479293641555 0
    outer loop
      vertex -4.598049424397824 1.7954547089294828 0
      vertex -4.688889617747061 1.705879695001224 7
      vertex -4.598049424397824 1.7954547089294828 7
    endloop
  endfacet
  facet normal -0.7685428110327669 0.6397983648071106 0
    outer loop
      vertex -4.516426538118942 1.8935022906614116 0
      vertex -4.598049424397824 1.7954547089294828 7
      vertex -4.516426538118942 1.8935022906614116 7
    endloop
  endfacet
  facet normal -0.8275532734394475 0.56138719224761 0
    outer loop
      vertex -4.44480703192489 1.9990781883866717 0
      vertex -4.516426538118942 1.8935022906614116 7
      vertex -4.44480703192489 1.9990781883866717 7
    endloop
  endfacet
  facet normal -0.878593945436274 0.4775695541413014 0
    outer loop
      vertex -4.383880640811522 2.1111656484965136 0
      vertex -4.44480703192489 1.9990781883866717 7
      vertex -4.383880640811522 2.1111656484965136 7
    endloop
  endfacet
  facet normal -0.921173277450234 0.3891526601625563 0
    outer loop
      vertex -4.334234119231009 2.2286852074768393 0
      vertex -4.383880640811522 2.1111656484965136 7
      vertex -4.334234119231009 2.2286852074768393 7
    endloop
  endfacet
  facet normal -0.9548812072378225 0.2969880133339366 0
    outer loop
      vertex -4.296345590325727 2.350505087731944 0
      vertex -4.334234119231009 2.2286852074768393 7
      vertex -4.296345590325727 2.350505087731944 7
    endloop
  endfacet
  facet normal -0.9793931090085367 0.2019632095867772 0
    outer loop
      vertex -4.270579941341004 2.47545209722145 0
      vertex -4.296345590325727 2.350505087731944 7
      vertex -4.270579941341004 2.47545209722145 7
    endloop
  endfacet
  facet normal -0.561387192247606 -0.8275532734394503 0
    outer loop
      vertex -4.86609316864639 3.776789430774317 0
      vertex -4.773427950396738 3.713928140315063 0
      vertex -4.86609316864639 3.776789430774317 7
    endloop
  endfacet
  facet normal -0.6397983648071115 -0.7685428110327662 0
    outer loop
      vertex -4.675380368664809 3.632305254036181 0
      vertex -4.675380368664809 3.632305254036181 7
      vertex -4.773427950396738 3.713928140315063 0
    endloop
  endfacet
  facet normal -0.9944729197487704 0.10499338972695191 0
    outer loop
      vertex -4.270579941341004 2.47545209722145 0
      vertex -4.270579941341004 2.47545209722145 7
      vertex -4.257185309561504 2.60232292794099 0
    endloop
  endfacet
  facet normal -0.9999754126376246 0.007012426128840762 0
    outer loop
      vertex -4.257185309561504 2.60232292794099 0
      vertex -4.257185309561504 2.60232292794099 7
      vertex -4.256290692613513 2.7298957444360834 0
    endloop
  endfacet
  facet normal -0.9958475956606138 -0.09103607096626475 0
    outer loop
      vertex -4.256290692613513 2.7298957444360834 0
      vertex -4.256290692613513 2.7298957444360834 7
      vertex -4.267904706147286 2.856941950745488 0
    endloop
  endfacet
  facet normal -0.9821292219517179 -0.18820784093260656 0
    outer loop
      vertex -4.267904706147286 2.856941950745488 0
      vertex -4.267904706147286 2.856941950745488 7
      vertex -4.29191550086363 2.9822380224519236 0
    endloop
  endfacet
  facet normal -0.9589524069489858 -0.2835670665058739 0
    outer loop
      vertex -4.29191550086363 2.9822380224519236 0
      vertex -4.29191550086363 2.9822380224519236 7
      vertex -4.328091839683788 3.1045772898910564 0
    endloop
  endfacet
  facet normal -0.9265403560506219 -0.3761953862151777 0
    outer loop
      vertex -4.376085324688925 3.2227815590400013 0
      vertex -4.328091839683788 3.1045772898910564 0
      vertex -4.328091839683788 3.1045772898910564 7
    endloop
  endfacet
  facet normal -0.8353450638763175 -0.5497259537783087 0
    outer loop
      vertex -4.435433752382535 3.3357124581698274 0
      vertex -4.435433752382535 3.3357124581698274 7
      vertex -4.505565564962775 3.4422824009876054 0
    endloop
  endfacet
  facet normal -0.7774400831164335 -0.6289570074050473 0
    outer loop
      vertex -4.505565564962775 3.4422824009876054 0
      vertex -4.505565564962775 3.4422824009876054 7
      vertex -4.585805354736551 3.5414650606869444 0
    endloop
  endfacet
  facet normal -0.7120479293641547 -0.7021308612276062 0
    outer loop
      vertex -4.675380368664809 3.632305254036181 0
      vertex -4.585805354736551 3.5414650606869444 0
      vertex -4.585805354736551 3.5414650606869444 7
    endloop
  endfacet
  facet normal -0.8852052150250105 -0.46520073870591044 0
    outer loop
      vertex -4.435433752382535 3.3357124581698274 0
      vertex -4.376085324688925 3.2227815590400013 0
      vertex -4.376085324688925 3.2227815590400013 7
    endloop
  endfacet
  facet normal -0.561387192247606 -0.8275532734394503 0
    outer loop
      vertex -4.773427950396738 3.713928140315063 0
      vertex -4.773427950396738 3.713928140315063 7
      vertex -4.86609316864639 3.776789430774317 7
    endloop
  endfacet
  facet normal -0.6397983648071115 -0.7685428110327662 0
    outer loop
      vertex -4.773427950396738 3.713928140315063 0
      vertex -4.675380368664809 3.632305254036181 7
      vertex -4.773427950396738 3.713928140315063 7
    endloop
  endfacet
  facet normal -0.7120479293641547 -0.7021308612276062 0
    outer loop
      vertex -4.675380368664809 3.632305254036181 0
      vertex -4.585805354736551 3.5414650606869444 7
      vertex -4.675380368664809 3.632305254036181 7
    endloop
  endfacet
  facet normal -0.9944729197487704 0.10499338972695191 0
    outer loop
      vertex -4.257185309561504 2.60232292794099 0
      vertex -4.270579941341004 2.47545209722145 7
      vertex -4.257185309561504 2.60232292794099 7
    endloop
  endfacet
  facet normal -0.9999754126376246 0.007012426128840762 0
    outer loop
      vertex -4.256290692613513 2.7298957444360834 0
      vertex -4.257185309561504 2.60232292794099 7
      vertex -4.256290692613513 2.7298957444360834 7
    endloop
  endfacet
  facet normal -0.9958475956606138 -0.09103607096626475 0
    outer loop
      vertex -4.267904706147286 2.856941950745488 0
      vertex -4.256290692613513 2.7298957444360834 7
      vertex -4.267904706147286 2.856941950745488 7
    endloop
  endfacet
  facet normal -0.9821292219517179 -0.18820784093260656 0
    outer loop
      vertex -4.29191550086363 2.9822380224519236 0
      vertex -4.267904706147286 2.856941950745488 7
      vertex -4.29191550086363 2.9822380224519236 7
    endloop
  endfacet
  facet normal -0.9265403560506219 -0.3761953862151777 0
    outer loop
      vertex -4.376085324688925 3.2227815590400013 0
      vertex -4.328091839683788 3.1045772898910564 7
      vertex -4.376085324688925 3.2227815590400013 7
    endloop
  endfacet
  facet normal -0.9589524069489858 -0.2835670665058739 0
    outer loop
      vertex -4.29191550086363 2.9822380224519236 7
      vertex -4.328091839683788 3.1045772898910564 7
      vertex -4.328091839683788 3.1045772898910564 0
    endloop
  endfacet
  facet normal -0.7774400831164335 -0.6289570074050473 0
    outer loop
      vertex -4.585805354736551 3.5414650606869444 0
      vertex -4.505565564962775 3.4422824009876054 7
      vertex -4.585805354736551 3.5414650606869444 7
    endloop
  endfacet
  facet normal -0.8353450638763175 -0.5497259537783087 0
    outer loop
      vertex -4.505565564962775 3.4422824009876054 0
      vertex -4.435433752382535 3.3357124581698274 7
      vertex -4.505565564962775 3.4422824009876054 7
    endloop
  endfacet
  facet normal -0.8852052150250105 -0.46520073870591044 0
    outer loop
      vertex -4.435433752382535 3.3357124581698274 0
      vertex -4.376085324688925 3.2227815590400013 7
      vertex -4.435433752382535 3.3357124581698274 7
    endloop
  endfacet
  facet normal -0.14673047445536214 0.9891765099647809 0
    outer loop
      vertex -6.025002015059204 -1.2917648839808975 0
      vertex -5.912123004816533 -1.2750208645241996 7
      vertex -5.912123004816533 -1.2750208645241996 0
    endloop
  endfacet
  facet normal -0.24298017990326465 0.9700312531945439 0
    outer loop
      vertex -5.912123004816533 -1.2750208645241996 0
      vertex -5.912123004816533 -1.2750208645241996 7
      vertex -5.788370343006699 -1.2440224364518715 0
    endloop
  endfacet
  facet normal -0.336889853392219 0.9415440651830211 0
    outer loop
      vertex -5.788370343006699 -1.2440224364518715 0
      vertex -5.788370343006699 -1.2440224364518715 7
      vertex -5.668251961362883 -1.2010433922646728 0
    endloop
  endfacet
  facet normal -0.4275550934302817 0.9039892931234436 0
    outer loop
      vertex -5.668251961362883 -1.2010433922646728 0
      vertex -5.668251961362883 -1.2010433922646728 7
      vertex -5.552924665563703 -1.1464976436528616 0
    endloop
  endfacet
  facet normal -0.514102744193223 0.8577286100002713 0
    outer loop
      vertex -5.552924665563703 -1.1464976436528616 0
      vertex -5.552924665563703 -1.1464976436528616 7
      vertex -5.443499120512017 -1.080910495993309 0
    endloop
  endfacet
  facet normal -0.595699304492432 0.8032075314806459 0
    outer loop
      vertex -5.443499120512017 -1.080910495993309 0
      vertex -5.443499120512017 -1.080910495993309 7
      vertex -5.341029154024761 -1.0049135893715582 0
    endloop
  endfacet
  facet normal -0.6715589548470181 0.7409511253549594 0
    outer loop
      vertex -5.341029154024761 -1.0049135893715582 0
      vertex -5.341029154024761 -1.0049135893715582 7
      vertex -5.246501607894988 -0.9192388155425119 0
    endloop
  endfacet
  facet normal -0.7409511253549594 0.6715589548470181 0
    outer loop
      vertex -5.246501607894988 -0.9192388155425119 0
      vertex -5.246501607894988 -0.9192388155425119 7
      vertex -5.160826834065942 -0.8247112694127392 0
    endloop
  endfacet
  facet normal -0.8032075314806444 0.5956993044924339 0
    outer loop
      vertex -5.160826834065942 -0.8247112694127392 0
      vertex -5.160826834065942 -0.8247112694127392 7
      vertex -5.084829927444191 -0.7222413029254828 0
    endloop
  endfacet
  facet normal -0.8577286100002716 0.5141027441932228 0
    outer loop
      vertex -5.084829927444191 -0.7222413029254828 0
      vertex -5.084829927444191 -0.7222413029254828 7
      vertex -5.019242779784638 -0.6128157578737969 0
    endloop
  endfacet
  facet normal -0.9039892931234446 0.4275550934302795 0
    outer loop
      vertex -5.019242779784638 -0.6128157578737969 0
      vertex -5.019242779784638 -0.6128157578737969 7
      vertex -4.964697031172827 -0.4974884620746167 0
    endloop
  endfacet
  facet normal -0.941544065183021 0.33688985339221944 0
    outer loop
      vertex -4.964697031172827 -0.4974884620746167 0
      vertex -4.964697031172827 -0.4974884620746167 7
      vertex -4.9217179869856285 -0.37737008043080106 0
    endloop
  endfacet
  facet normal -0.14673047445536214 0.9891765099647809 0
    outer loop
      vertex -6.025002015059204 -1.2917648839808975 0
      vertex -6.025002015059204 -1.2917648839808975 7
      vertex -5.912123004816533 -1.2750208645241996 7
    endloop
  endfacet
  facet normal -0.24298017990326465 0.9700312531945439 0
    outer loop
      vertex -5.788370343006699 -1.2440224364518715 0
      vertex -5.912123004816533 -1.2750208645241996 7
      vertex -5.788370343006699 -1.2440224364518715 7
    endloop
  endfacet
  facet normal -0.336889853392219 0.9415440651830211 0
    outer loop
      vertex -5.668251961362883 -1.2010433922646728 0
      vertex -5.788370343006699 -1.2440224364518715 7
      vertex -5.668251961362883 -1.2010433922646728 7
    endloop
  endfacet
  facet normal -0.4275550934302817 0.9039892931234436 0
    outer loop
      vertex -5.552924665563703 -1.1464976436528616 0
      vertex -5.668251961362883 -1.2010433922646728 7
      vertex -5.552924665563703 -1.1464976436528616 7
    endloop
  endfacet
  facet normal -0.514102744193223 0.8577286100002713 0
    outer loop
      vertex -5.443499120512017 -1.080910495993309 0
      vertex -5.552924665563703 -1.1464976436528616 7
      vertex -5.443499120512017 -1.080910495993309 7
    endloop
  endfacet
  facet normal -0.595699304492432 0.8032075314806459 0
    outer loop
      vertex -5.341029154024761 -1.0049135893715582 0
      vertex -5.443499120512017 -1.080910495993309 7
      vertex -5.341029154024761 -1.0049135893715582 7
    endloop
  endfacet
  facet normal -0.6715589548470181 0.7409511253549594 0
    outer loop
      vertex -5.246501607894988 -0.9192388155425119 0
      vertex -5.341029154024761 -1.0049135893715582 7
      vertex -5.246501607894988 -0.9192388155425119 7
    endloop
  endfacet
  facet normal -0.7409511253549594 0.6715589548470181 0
    outer loop
      vertex -5.160826834065942 -0.8247112694127392 0
      vertex -5.246501607894988 -0.9192388155425119 7
      vertex -5.160826834065942 -0.8247112694127392 7
    endloop
  endfacet
  facet normal -0.8032075314806444 0.5956993044924339 0
    outer loop
      vertex -5.084829927444191 -0.7222413029254828 0
      vertex -5.160826834065942 -0.8247112694127392 7
      vertex -5.084829927444191 -0.7222413029254828 7
    endloop
  endfacet
  facet normal -0.8577286100002716 0.5141027441932228 0
    outer loop
      vertex -5.019242779784638 -0.6128157578737969 0
      vertex -5.084829927444191 -0.7222413029254828 7
      vertex -5.019242779784638 -0.6128157578737969 7
    endloop
  endfacet
  facet normal -0.9039892931234446 0.4275550934302795 0
    outer loop
      vertex -4.964697031172827 -0.4974884620746167 0
      vertex -5.019242779784638 -0.6128157578737969 7
      vertex -4.964697031172827 -0.4974884620746167 7
    endloop
  endfacet
  facet normal -0.941544065183021 0.33688985339221944 0
    outer loop
      vertex -4.9217179869856285 -0.37737008043080106 0
      vertex -4.964697031172827 -0.4974884620746167 7
      vertex -4.9217179869856285 -0.37737008043080106 7
    endloop
  endfacet
  facet normal -0.970031253194544 0.24298017990326423 0
    outer loop
      vertex -4.9217179869856285 -0.37737008043080106 0
      vertex -4.9217179869856285 -0.37737008043080106 7
      vertex -4.8907195589133 -0.2536174186209667 0
    endloop
  endfacet
  facet normal -0.9891765099647801 0.14673047445536808 0
    outer loop
      vertex -4.8907195589133 -0.2536174186209667 0
      vertex -4.8907195589133 -0.2536174186209667 7
      vertex -4.872000278763643 -0.1274222824284288 0
    endloop
  endfacet
  facet normal -0.9987954562051727 0.04906767432741185 0
    outer loop
      vertex -4.872000278763643 -0.1274222824284288 0
      vertex -4.872000278763643 -0.1274222824284288 7
      vertex -4.8657404234375 0 0
    endloop
  endfacet
  facet normal -0.9987954562051727 -0.04906767432741185 0
    outer loop
      vertex -4.8657404234375 0 0
      vertex -4.8657404234375 0 7
      vertex -4.872000278763643 0.1274222824284288 0
    endloop
  endfacet
  facet normal -0.9891765099647801 -0.14673047445536808 0
    outer loop
      vertex -4.872000278763643 0.1274222824284288 0
      vertex -4.872000278763643 0.1274222824284288 7
      vertex -4.8907195589133 0.2536174186209667 0
    endloop
  endfacet
  facet normal -0.970031253194544 -0.24298017990326423 0
    outer loop
      vertex -4.9217179869856285 0.37737008043080106 0
      vertex -4.8907195589133 0.2536174186209667 0
      vertex -4.8907195589133 0.2536174186209667 7
    endloop
  endfacet
  facet normal -0.8577286100002716 -0.5141027441932228 0
    outer loop
      vertex -5.019242779784638 0.6128157578737969 0
      vertex -5.019242779784638 0.6128157578737969 7
      vertex -5.084829927444191 0.7222413029254828 0
    endloop
  endfacet
  facet normal -0.595699304492432 -0.8032075314806459 0
    outer loop
      vertex -5.443499120512017 1.080910495993309 0
      vertex -5.341029154024761 1.0049135893715582 0
      vertex -5.341029154024761 1.0049135893715582 7
    endloop
  endfacet
  facet normal -0.6715589548470181 -0.7409511253549594 0
    outer loop
      vertex -5.246501607894988 0.9192388155425119 0
      vertex -5.246501607894988 0.9192388155425119 7
      vertex -5.341029154024761 1.0049135893715582 0
    endloop
  endfacet
  facet normal -0.8032075314806444 -0.5956993044924339 0
    outer loop
      vertex -5.084829927444191 0.7222413029254828 0
      vertex -5.084829927444191 0.7222413029254828 7
      vertex -5.160826834065942 0.8247112694127392 0
    endloop
  endfacet
  facet normal -0.7409511253549594 -0.6715589548470181 0
    outer loop
      vertex -5.246501607894988 0.9192388155425119 0
      vertex -5.160826834065942 0.8247112694127392 0
      vertex -5.160826834065942 0.8247112694127392 7
    endloop
  endfacet
  facet normal -0.941544065183021 -0.33688985339221944 0
    outer loop
      vertex -4.9217179869856285 0.37737008043080106 0
      vertex -4.9217179869856285 0.37737008043080106 7
      vertex -4.964697031172827 0.4974884620746167 0
    endloop
  endfacet
  facet normal -0.9039892931234446 -0.4275550934302795 0
    outer loop
      vertex -5.019242779784638 0.6128157578737969 0
      vertex -4.964697031172827 0.4974884620746167 0
      vertex -4.964697031172827 0.4974884620746167 7
    endloop
  endfacet
  facet normal -0.14673047445536214 -0.9891765099647809 0
    outer loop
      vertex -6.025002015059204 1.2917648839808975 0
      vertex -5.912123004816533 1.2750208645241996 0
      vertex -6.025002015059204 1.2917648839808975 7
    endloop
  endfacet
  facet normal -0.24298017990326465 -0.9700312531945439 0
    outer loop
      vertex -5.912123004816533 1.2750208645241996 0
      vertex -5.788370343006699 1.2440224364518715 0
      vertex -5.788370343006699 1.2440224364518715 7
    endloop
  endfacet
  facet normal -0.336889853392219 -0.9415440651830211 0
    outer loop
      vertex -5.788370343006699 1.2440224364518715 0
      vertex -5.668251961362883 1.2010433922646728 0
      vertex -5.668251961362883 1.2010433922646728 7
    endloop
  endfacet
  facet normal -0.4275550934302817 -0.9039892931234436 0
    outer loop
      vertex -5.552924665563703 1.1464976436528616 0
      vertex -5.552924665563703 1.1464976436528616 7
      vertex -5.668251961362883 1.2010433922646728 0
    endloop
  endfacet
  facet normal -0.514102744193223 -0.8577286100002713 0
    outer loop
      vertex -5.552924665563703 1.1464976436528616 0
      vertex -5.443499120512017 1.080910495993309 0
      vertex -5.443499120512017 1.080910495993309 7
    endloop
  endfacet
  facet normal -0.970031253194544 0.24298017990326423 0
    outer loop
      vertex -4.8907195589133 -0.2536174186209667 0
      vertex -4.9217179869856285 -0.37737008043080106 7
      vertex -4.8907195589133 -0.2536174186209667 7
    endloop
  endfacet
  facet normal -0.9891765099647801 0.14673047445536808 0
    outer loop
      vertex -4.872000278763643 -0.1274222824284288 0
      vertex -4.8907195589133 -0.2536174186209667 7
      vertex -4.872000278763643 -0.1274222824284288 7
    endloop
  endfacet
  facet normal -0.9987954562051727 0.04906767432741185 0
    outer loop
      vertex -4.872000278763643 -0.1274222824284288 7
      vertex -4.8657404234375 0 7
      vertex -4.8657404234375 0 0
    endloop
  endfacet
  facet normal -0.9987954562051727 -0.04906767432741185 0
    outer loop
      vertex -4.872000278763643 0.1274222824284288 0
      vertex -4.8657404234375 0 7
      vertex -4.872000278763643 0.1274222824284288 7
    endloop
  endfacet
  facet normal -0.9891765099647801 -0.14673047445536808 0
    outer loop
      vertex -4.8907195589133 0.2536174186209667 0
      vertex -4.872000278763643 0.1274222824284288 7
      vertex -4.8907195589133 0.2536174186209667 7
    endloop
  endfacet
  facet normal -0.8577286100002716 -0.5141027441932228 0
    outer loop
      vertex -5.084829927444191 0.7222413029254828 0
      vertex -5.019242779784638 0.6128157578737969 7
      vertex -5.084829927444191 0.7222413029254828 7
    endloop
  endfacet
  facet normal -0.6715589548470181 -0.7409511253549594 0
    outer loop
      vertex -5.341029154024761 1.0049135893715582 0
      vertex -5.246501607894988 0.9192388155425119 7
      vertex -5.341029154024761 1.0049135893715582 7
    endloop
  endfacet
  facet normal -0.7409511253549594 -0.6715589548470181 0
    outer loop
      vertex -5.246501607894988 0.9192388155425119 0
      vertex -5.160826834065942 0.8247112694127392 7
      vertex -5.246501607894988 0.9192388155425119 7
    endloop
  endfacet
  facet normal -0.8032075314806444 -0.5956993044924339 0
    outer loop
      vertex -5.160826834065942 0.8247112694127392 0
      vertex -5.084829927444191 0.7222413029254828 7
      vertex -5.160826834065942 0.8247112694127392 7
    endloop
  endfacet
  facet normal -0.941544065183021 -0.33688985339221944 0
    outer loop
      vertex -4.964697031172827 0.4974884620746167 0
      vertex -4.9217179869856285 0.37737008043080106 7
      vertex -4.964697031172827 0.4974884620746167 7
    endloop
  endfacet
  facet normal -0.970031253194544 -0.24298017990326423 0
    outer loop
      vertex -4.9217179869856285 0.37737008043080106 0
      vertex -4.8907195589133 0.2536174186209667 7
      vertex -4.9217179869856285 0.37737008043080106 7
    endloop
  endfacet
  facet normal -0.9039892931234446 -0.4275550934302795 0
    outer loop
      vertex -5.019242779784638 0.6128157578737969 0
      vertex -4.964697031172827 0.4974884620746167 7
      vertex -5.019242779784638 0.6128157578737969 7
    endloop
  endfacet
  facet normal -0.14673047445536214 -0.9891765099647809 0
    outer loop
      vertex -5.912123004816533 1.2750208645241996 0
      vertex -5.912123004816533 1.2750208645241996 7
      vertex -6.025002015059204 1.2917648839808975 7
    endloop
  endfacet
  facet normal -0.24298017990326465 -0.9700312531945439 0
    outer loop
      vertex -5.912123004816533 1.2750208645241996 0
      vertex -5.788370343006699 1.2440224364518715 7
      vertex -5.912123004816533 1.2750208645241996 7
    endloop
  endfacet
  facet normal -0.336889853392219 -0.9415440651830211 0
    outer loop
      vertex -5.788370343006699 1.2440224364518715 0
      vertex -5.668251961362883 1.2010433922646728 7
      vertex -5.788370343006699 1.2440224364518715 7
    endloop
  endfacet
  facet normal -0.4275550934302817 -0.9039892931234436 0
    outer loop
      vertex -5.668251961362883 1.2010433922646728 0
      vertex -5.552924665563703 1.1464976436528616 7
      vertex -5.668251961362883 1.2010433922646728 7
    endloop
  endfacet
  facet normal -0.514102744193223 -0.8577286100002713 0
    outer loop
      vertex -5.552924665563703 1.1464976436528616 0
      vertex -5.443499120512017 1.080910495993309 7
      vertex -5.552924665563703 1.1464976436528616 7
    endloop
  endfacet
  facet normal -0.595699304492432 -0.8032075314806459 0
    outer loop
      vertex -5.443499120512017 1.080910495993309 0
      vertex -5.341029154024761 1.0049135893715582 7
      vertex -5.443499120512017 1.080910495993309 7
    endloop
  endfacet
  facet normal -0.561387192247606 0.8275532734394503 0
    outer loop
      vertex -4.86609316864639 -3.776789430774317 0
      vertex -4.773427950396738 -3.713928140315063 7
      vertex -4.773427950396738 -3.713928140315063 0
    endloop
  endfacet
  facet normal -0.6397983648071115 0.7685428110327662 0
    outer loop
      vertex -4.773427950396738 -3.713928140315063 0
      vertex -4.773427950396738 -3.713928140315063 7
      vertex -4.675380368664809 -3.632305254036181 0
    endloop
  endfacet
  facet normal -0.7120479293641547 0.7021308612276062 0
    outer loop
      vertex -4.675380368664809 -3.632305254036181 0
      vertex -4.675380368664809 -3.632305254036181 7
      vertex -4.585805354736551 -3.5414650606869444 0
    endloop
  endfacet
  facet normal -0.7774400831164335 0.6289570074050473 0
    outer loop
      vertex -4.585805354736551 -3.5414650606869444 0
      vertex -4.585805354736551 -3.5414650606869444 7
      vertex -4.505565564962775 -3.4422824009876054 0
    endloop
  endfacet
  facet normal -0.8353450638763175 0.5497259537783087 0
    outer loop
      vertex -4.505565564962775 -3.4422824009876054 0
      vertex -4.505565564962775 -3.4422824009876054 7
      vertex -4.435433752382535 -3.3357124581698274 0
    endloop
  endfacet
  facet normal -0.8852052150250105 0.46520073870591044 0
    outer loop
      vertex -4.435433752382535 -3.3357124581698274 0
      vertex -4.435433752382535 -3.3357124581698274 7
      vertex -4.376085324688925 -3.2227815590400013 0
    endloop
  endfacet
  facet normal -0.561387192247606 0.8275532734394503 0
    outer loop
      vertex -4.86609316864639 -3.776789430774317 0
      vertex -4.86609316864639 -3.776789430774317 7
      vertex -4.773427950396738 -3.713928140315063 7
    endloop
  endfacet
  facet normal -0.6397983648071115 0.7685428110327662 0
    outer loop
      vertex -4.675380368664809 -3.632305254036181 0
      vertex -4.773427950396738 -3.713928140315063 7
      vertex -4.675380368664809 -3.632305254036181 7
    endloop
  endfacet
  facet normal -0.7120479293641547 0.7021308612276062 0
    outer loop
      vertex -4.585805354736551 -3.5414650606869444 0
      vertex -4.675380368664809 -3.632305254036181 7
      vertex -4.585805354736551 -3.5414650606869444 7
    endloop
  endfacet
  facet normal -0.7774400831164335 0.6289570074050473 0
    outer loop
      vertex -4.505565564962775 -3.4422824009876054 0
      vertex -4.585805354736551 -3.5414650606869444 7
      vertex -4.505565564962775 -3.4422824009876054 7
    endloop
  endfacet
  facet normal -0.8353450638763175 0.5497259537783087 0
    outer loop
      vertex -4.435433752382535 -3.3357124581698274 0
      vertex -4.505565564962775 -3.4422824009876054 7
      vertex -4.435433752382535 -3.3357124581698274 7
    endloop
  endfacet
  facet normal 0.29698801333394204 -0.9548812072378208 0
    outer loop
      vertex -5.985543304982484 -1.4492928848260676 0
      vertex -5.879849590702061 -1.4164199305903995 0
      vertex -5.985543304982484 -1.4492928848260676 7
    endloop
  endfacet
  facet normal 0.20196320958676953 -0.9793931090085383 0
    outer loop
      vertex -5.879849590702061 -1.4164199305903995 0
      vertex -5.754902581212555 -1.390654281605678 0
      vertex -5.754902581212555 -1.390654281605678 7
    endloop
  endfacet
  facet normal 0.10499338972695609 -0.9944729197487701 0
    outer loop
      vertex -5.754902581212555 -1.390654281605678 0
      vertex -5.628031750493016 -1.3772596498261778 0
      vertex -5.628031750493016 -1.3772596498261778 7
    endloop
  endfacet
  facet normal 0.007012426128845934 -0.9999754126376246 0
    outer loop
      vertex -5.628031750493016 -1.3772596498261778 0
      vertex -5.500458933997922 -1.376365032878186 0
      vertex -5.500458933997922 -1.376365032878186 7
    endloop
  endfacet
  facet normal -0.09103607096627368 -0.9958475956606129 0
    outer loop
      vertex -5.500458933997922 -1.376365032878186 0
      vertex -5.3734127276885175 -1.3879790464119601 0
      vertex -5.3734127276885175 -1.3879790464119601 7
    endloop
  endfacet
  facet normal -0.3761953862151759 -0.9265403560506227 0
    outer loop
      vertex -5.125777388542948 -1.4481661799484615 0
      vertex -5.007573119394004 -1.4961596649535984 0
      vertex -5.007573119394004 -1.4961596649535984 7
    endloop
  endfacet
  facet normal -0.18820784093259918 -0.9821292219517191 0
    outer loop
      vertex -5.3734127276885175 -1.3879790464119601 0
      vertex -5.2481166559820815 -1.4119898411283032 0
      vertex -5.2481166559820815 -1.4119898411283032 7
    endloop
  endfacet
  facet normal -0.28356706650587615 -0.9589524069489852 0
    outer loop
      vertex -5.2481166559820815 -1.4119898411283032 0
      vertex -5.125777388542948 -1.4481661799484615 0
      vertex -5.125777388542948 -1.4481661799484615 7
    endloop
  endfacet
  facet normal -0.4652007387059078 -0.885205215025012 0
    outer loop
      vertex -4.894642220264178 -1.5555080926472074 0
      vertex -4.894642220264178 -1.5555080926472074 7
      vertex -5.007573119394004 -1.4961596649535984 0
    endloop
  endfacet
  facet normal -0.5497259537783111 -0.8353450638763159 0
    outer loop
      vertex -4.894642220264178 -1.5555080926472074 0
      vertex -4.7880722774464 -1.6256399052274482 0
      vertex -4.7880722774464 -1.6256399052274482 7
    endloop
  endfacet
  facet normal -0.6289570074050491 -0.7774400831164322 0
    outer loop
      vertex -4.7880722774464 -1.6256399052274482 0
      vertex -4.688889617747061 -1.705879695001224 0
      vertex -4.688889617747061 -1.705879695001224 7
    endloop
  endfacet
  facet normal -0.7021308612276053 -0.7120479293641555 0
    outer loop
      vertex -4.688889617747061 -1.705879695001224 0
      vertex -4.598049424397824 -1.7954547089294828 0
      vertex -4.598049424397824 -1.7954547089294828 7
    endloop
  endfacet
  facet normal -0.9265403560506219 0.3761953862151777 0
    outer loop
      vertex -4.376085324688925 -3.2227815590400013 0
      vertex -4.376085324688925 -3.2227815590400013 7
      vertex -4.328091839683788 -3.1045772898910564 0
    endloop
  endfacet
  facet normal -0.9589524069489858 0.2835670665058739 0
    outer loop
      vertex -4.328091839683788 -3.1045772898910564 0
      vertex -4.328091839683788 -3.1045772898910564 7
      vertex -4.29191550086363 -2.9822380224519236 0
    endloop
  endfacet
  facet normal -0.9821292219517179 0.18820784093260656 0
    outer loop
      vertex -4.29191550086363 -2.9822380224519236 0
      vertex -4.29191550086363 -2.9822380224519236 7
      vertex -4.267904706147286 -2.856941950745488 0
    endloop
  endfacet
  facet normal -0.9958475956606138 0.09103607096626475 0
    outer loop
      vertex -4.267904706147286 -2.856941950745488 0
      vertex -4.267904706147286 -2.856941950745488 7
      vertex -4.256290692613513 -2.7298957444360834 0
    endloop
  endfacet
  facet normal -0.9999754126376246 -0.007012426128840762 0
    outer loop
      vertex -4.256290692613513 -2.7298957444360834 0
      vertex -4.256290692613513 -2.7298957444360834 7
      vertex -4.257185309561504 -2.60232292794099 0
    endloop
  endfacet
  facet normal -0.9944729197487704 -0.10499338972695191 0
    outer loop
      vertex -4.257185309561504 -2.60232292794099 0
      vertex -4.257185309561504 -2.60232292794099 7
      vertex -4.270579941341004 -2.47545209722145 0
    endloop
  endfacet
  facet normal -0.9793931090085367 -0.2019632095867772 0
    outer loop
      vertex -4.270579941341004 -2.47545209722145 0
      vertex -4.270579941341004 -2.47545209722145 7
      vertex -4.296345590325727 -2.350505087731944 0
    endloop
  endfacet
  facet normal -0.9548812072378225 -0.2969880133339366 0
    outer loop
      vertex -4.296345590325727 -2.350505087731944 0
      vertex -4.296345590325727 -2.350505087731944 7
      vertex -4.334234119231009 -2.2286852074768393 0
    endloop
  endfacet
  facet normal -0.7685428110327669 -0.6397983648071106 0
    outer loop
      vertex -4.598049424397824 -1.7954547089294828 0
      vertex -4.516426538118942 -1.8935022906614116 0
      vertex -4.516426538118942 -1.8935022906614116 7
    endloop
  endfacet
  facet normal -0.8275532734394475 -0.56138719224761 0
    outer loop
      vertex -4.44480703192489 -1.9990781883866717 0
      vertex -4.44480703192489 -1.9990781883866717 7
      vertex -4.516426538118942 -1.8935022906614116 0
    endloop
  endfacet
  facet normal -0.921173277450234 -0.3891526601625563 0
    outer loop
      vertex -4.334234119231009 -2.2286852074768393 0
      vertex -4.334234119231009 -2.2286852074768393 7
      vertex -4.383880640811522 -2.1111656484965136 0
    endloop
  endfacet
  facet normal -0.878593945436274 -0.4775695541413014 0
    outer loop
      vertex -4.44480703192489 -1.9990781883866717 0
      vertex -4.383880640811522 -2.1111656484965136 0
      vertex -4.383880640811522 -2.1111656484965136 7
    endloop
  endfacet
  facet normal 0.29698801333394204 -0.9548812072378208 0
    outer loop
      vertex -5.879849590702061 -1.4164199305903995 0
      vertex -5.879849590702061 -1.4164199305903995 7
      vertex -5.985543304982484 -1.4492928848260676 7
    endloop
  endfacet
  facet normal 0.20196320958676953 -0.9793931090085383 0
    outer loop
      vertex -5.879849590702061 -1.4164199305903995 0
      vertex -5.754902581212555 -1.390654281605678 7
      vertex -5.879849590702061 -1.4164199305903995 7
    endloop
  endfacet
  facet normal 0.10499338972695609 -0.9944729197487701 0
    outer loop
      vertex -5.754902581212555 -1.390654281605678 0
      vertex -5.628031750493016 -1.3772596498261778 7
      vertex -5.754902581212555 -1.390654281605678 7
    endloop
  endfacet
  facet normal 0.007012426128845934 -0.9999754126376246 0
    outer loop
      vertex -5.628031750493016 -1.3772596498261778 0
      vertex -5.500458933997922 -1.376365032878186 7
      vertex -5.628031750493016 -1.3772596498261778 7
    endloop
  endfacet
  facet normal -0.09103607096627368 -0.9958475956606129 0
    outer loop
      vertex -5.500458933997922 -1.376365032878186 0
      vertex -5.3734127276885175 -1.3879790464119601 7
      vertex -5.500458933997922 -1.376365032878186 7
    endloop
  endfacet
  facet normal -0.18820784093259918 -0.9821292219517191 0
    outer loop
      vertex -5.3734127276885175 -1.3879790464119601 0
      vertex -5.2481166559820815 -1.4119898411283032 7
      vertex -5.3734127276885175 -1.3879790464119601 7
    endloop
  endfacet
  facet normal -0.28356706650587615 -0.9589524069489852 0
    outer loop
      vertex -5.2481166559820815 -1.4119898411283032 0
      vertex -5.125777388542948 -1.4481661799484615 7
      vertex -5.2481166559820815 -1.4119898411283032 7
    endloop
  endfacet
  facet normal -0.3761953862151759 -0.9265403560506227 0
    outer loop
      vertex -5.125777388542948 -1.4481661799484615 0
      vertex -5.007573119394004 -1.4961596649535984 7
      vertex -5.125777388542948 -1.4481661799484615 7
    endloop
  endfacet
  facet normal -0.4652007387059078 -0.885205215025012 0
    outer loop
      vertex -5.007573119394004 -1.4961596649535984 0
      vertex -4.894642220264178 -1.5555080926472074 7
      vertex -5.007573119394004 -1.4961596649535984 7
    endloop
  endfacet
  facet normal -0.5497259537783111 -0.8353450638763159 0
    outer loop
      vertex -4.894642220264178 -1.5555080926472074 0
      vertex -4.7880722774464 -1.6256399052274482 7
      vertex -4.894642220264178 -1.5555080926472074 7
    endloop
  endfacet
  facet normal -0.7021308612276053 -0.7120479293641555 0
    outer loop
      vertex -4.688889617747061 -1.705879695001224 0
      vertex -4.598049424397824 -1.7954547089294828 7
      vertex -4.688889617747061 -1.705879695001224 7
    endloop
  endfacet
  facet normal -0.6289570074050491 -0.7774400831164322 0
    outer loop
      vertex -4.7880722774464 -1.6256399052274482 0
      vertex -4.688889617747061 -1.705879695001224 7
      vertex -4.7880722774464 -1.6256399052274482 7
    endloop
  endfacet
  facet normal -0.8852052150250105 0.46520073870591044 0
    outer loop
      vertex -4.376085324688925 -3.2227815590400013 0
      vertex -4.435433752382535 -3.3357124581698274 7
      vertex -4.376085324688925 -3.2227815590400013 7
    endloop
  endfacet
  facet normal -0.9265403560506219 0.3761953862151777 0
    outer loop
      vertex -4.328091839683788 -3.1045772898910564 0
      vertex -4.376085324688925 -3.2227815590400013 7
      vertex -4.328091839683788 -3.1045772898910564 7
    endloop
  endfacet
  facet normal -0.9589524069489858 0.2835670665058739 0
    outer loop
      vertex -4.328091839683788 -3.1045772898910564 7
      vertex -4.29191550086363 -2.9822380224519236 7
      vertex -4.29191550086363 -2.9822380224519236 0
    endloop
  endfacet
  facet normal -0.9821292219517179 0.18820784093260656 0
    outer loop
      vertex -4.267904706147286 -2.856941950745488 0
      vertex -4.29191550086363 -2.9822380224519236 7
      vertex -4.267904706147286 -2.856941950745488 7
    endloop
  endfacet
  facet normal -0.9958475956606138 0.09103607096626475 0
    outer loop
      vertex -4.256290692613513 -2.7298957444360834 0
      vertex -4.267904706147286 -2.856941950745488 7
      vertex -4.256290692613513 -2.7298957444360834 7
    endloop
  endfacet
  facet normal -0.9999754126376246 -0.007012426128840762 0
    outer loop
      vertex -4.257185309561504 -2.60232292794099 0
      vertex -4.256290692613513 -2.7298957444360834 7
      vertex -4.257185309561504 -2.60232292794099 7
    endloop
  endfacet
  facet normal -0.9944729197487704 -0.10499338972695191 0
    outer loop
      vertex -4.270579941341004 -2.47545209722145 0
      vertex -4.257185309561504 -2.60232292794099 7
      vertex -4.270579941341004 -2.47545209722145 7
    endloop
  endfacet
  facet normal -0.9793931090085367 -0.2019632095867772 0
    outer loop
      vertex -4.296345590325727 -2.350505087731944 0
      vertex -4.270579941341004 -2.47545209722145 7
      vertex -4.296345590325727 -2.350505087731944 7
    endloop
  endfacet
  facet normal -0.9548812072378225 -0.2969880133339366 0
    outer loop
      vertex -4.334234119231009 -2.2286852074768393 0
      vertex -4.296345590325727 -2.350505087731944 7
      vertex -4.334234119231009 -2.2286852074768393 7
    endloop
  endfacet
  facet normal -0.8275532734394475 -0.56138719224761 0
    outer loop
      vertex -4.516426538118942 -1.8935022906614116 0
      vertex -4.44480703192489 -1.9990781883866717 7
      vertex -4.516426538118942 -1.8935022906614116 7
    endloop
  endfacet
  facet normal -0.921173277450234 -0.3891526601625563 0
    outer loop
      vertex -4.383880640811522 -2.1111656484965136 0
      vertex -4.334234119231009 -2.2286852074768393 7
      vertex -4.383880640811522 -2.1111656484965136 7
    endloop
  endfacet
  facet normal -0.878593945436274 -0.4775695541413014 0
    outer loop
      vertex -4.44480703192489 -1.9990781883866717 0
      vertex -4.383880640811522 -2.1111656484965136 7
      vertex -4.44480703192489 -1.9990781883866717 7
    endloop
  endfacet
  facet normal -0.7685428110327669 -0.6397983648071106 0
    outer loop
      vertex -4.598049424397824 -1.7954547089294828 0
      vertex -4.516426538118942 -1.8935022906614116 7
      vertex -4.598049424397824 -1.7954547089294828 7
    endloop
  endfacet
  facet normal 0.6818843827635106 -0.7314599705679226 0
    outer loop
      vertex -4.769092803406999 -3.9075792828508384 0
      vertex -4.6829998535261455 -3.827321387201107 0
      vertex -4.769092803406999 -3.9075792828508384 7
    endloop
  endfacet
  facet normal 0.6069053085019228 -0.7947741481151649 0
    outer loop
      vertex -4.6829998535261455 -3.827321387201107 0
      vertex -4.581605783960875 -3.7498948639357086 0
      vertex -4.581605783960875 -3.7498948639357086 7
    endloop
  endfacet
  facet normal 0.5260814043512828 -0.850434216148305 0
    outer loop
      vertex -4.581605783960875 -3.7498948639357086 0
      vertex -4.4731108281582435 -3.682779527287818 0
      vertex -4.4731108281582435 -3.682779527287818 7
    endloop
  endfacet
  facet normal 0.4401910486913892 -0.8979041377853066 0
    outer loop
      vertex -4.4731108281582435 -3.682779527287818 0
      vertex -4.358559851852007 -3.62662173463833 0
      vertex -4.358559851852007 -3.62662173463833 7
    endloop
  endfacet
  facet normal 0.35006141259968987 -0.9367267517311063 0
    outer loop
      vertex -4.358559851852007 -3.62662173463833 0
      vertex -4.239056043563931 -3.5819623162294327 0
      vertex -4.239056043563931 -3.5819623162294327 7
    endloop
  endfacet
  facet normal 0.2565604937416245 -0.9665281749908039 0
    outer loop
      vertex -4.239056043563931 -3.5819623162294327 0
      vertex -4.115750290295252 -3.549231366673724 0
      vertex -4.115750290295252 -3.549231366673724 7
    endloop
  endfacet
  facet normal 0.16058875707860093 -0.9870214035672935 0
    outer loop
      vertex -4.115750290295252 -3.549231366673724 0
      vertex -3.9898300938557316 -3.5287441029079822 0
      vertex -3.9898300938557316 -3.5287441029079822 7
    endloop
  endfacet
  facet normal 0.06307046289815278 -0.9980090764666485 0
    outer loop
      vertex -3.9898300938557316 -3.5287441029079822 0
      vertex -3.862508134572063 -3.5206978284817505 0
      vertex -3.862508134572063 -3.5206978284817505 7
    endloop
  endfacet
  facet normal -0.03505523431781142 -0.9993853763923721 0
    outer loop
      vertex -3.862508134572063 -3.5206978284817505 0
      vertex -3.7350105925134094 -3.5251700334162925 0
      vertex -3.7350105925134094 -3.5251700334162925 7
    endloop
  endfacet
  facet normal -0.1328433304641662 -0.9911370488238185 0
    outer loop
      vertex -3.7350105925134094 -3.5251700334162925 0
      vertex -3.6085653387070433 -3.5421176479333343 0
      vertex -3.6085653387070433 -3.5421176479333343 7
    endloop
  endfacet
  facet normal -0.2293520727186001 -0.9733435296644664 0
    outer loop
      vertex -3.6085653387070433 -3.5421176479333343 0
      vertex -3.484390110069127 -3.571377457240568 0
      vertex -3.484390110069127 -3.571377457240568 7
    endloop
  endfacet
  facet normal -0.41483503958692575 -0.9098966369488976 0
    outer loop
      vertex -3.363680781932528 -3.6126676733793266 0
      vertex -3.2475998511136326 -3.665590648996664 0
      vertex -3.2475998511136326 -3.665590648996664 7
    endloop
  endfacet
  facet normal -0.502022961834576 -0.8648542916531317 0
    outer loop
      vertex -3.2475998511136326 -3.665590648996664 0
      vertex -3.1372652404325176 -3.7296367069067444 0
      vertex -3.1372652404325176 -3.7296367069067444 7
    endloop
  endfacet
  facet normal -0.32365202913615715 -0.9461761802307476 0
    outer loop
      vertex -3.484390110069127 -3.571377457240568 0
      vertex -3.363680781932528 -3.6126676733793266 0
      vertex -3.363680781932528 -3.6126676733793266 7
    endloop
  endfacet
  facet normal 0.6818843827635106 -0.7314599705679226 0
    outer loop
      vertex -4.6829998535261455 -3.827321387201107 0
      vertex -4.6829998535261455 -3.827321387201107 7
      vertex -4.769092803406999 -3.9075792828508384 7
    endloop
  endfacet
  facet normal 0.6069053085019228 -0.7947741481151649 0
    outer loop
      vertex -4.6829998535261455 -3.827321387201107 0
      vertex -4.581605783960875 -3.7498948639357086 7
      vertex -4.6829998535261455 -3.827321387201107 7
    endloop
  endfacet
  facet normal 0.5260814043512828 -0.850434216148305 0
    outer loop
      vertex -4.581605783960875 -3.7498948639357086 0
      vertex -4.4731108281582435 -3.682779527287818 7
      vertex -4.581605783960875 -3.7498948639357086 7
    endloop
  endfacet
  facet normal 0.4401910486913892 -0.8979041377853066 0
    outer loop
      vertex -4.4731108281582435 -3.682779527287818 0
      vertex -4.358559851852007 -3.62662173463833 7
      vertex -4.4731108281582435 -3.682779527287818 7
    endloop
  endfacet
  facet normal 0.35006141259968987 -0.9367267517311063 0
    outer loop
      vertex -4.358559851852007 -3.62662173463833 0
      vertex -4.239056043563931 -3.5819623162294327 7
      vertex -4.358559851852007 -3.62662173463833 7
    endloop
  endfacet
  facet normal 0.2565604937416245 -0.9665281749908039 0
    outer loop
      vertex -4.239056043563931 -3.5819623162294327 0
      vertex -4.115750290295252 -3.549231366673724 7
      vertex -4.239056043563931 -3.5819623162294327 7
    endloop
  endfacet
  facet normal 0.16058875707860093 -0.9870214035672935 0
    outer loop
      vertex -4.115750290295252 -3.549231366673724 0
      vertex -3.9898300938557316 -3.5287441029079822 7
      vertex -4.115750290295252 -3.549231366673724 7
    endloop
  endfacet
  facet normal 0.06307046289815278 -0.9980090764666485 0
    outer loop
      vertex -3.9898300938557316 -3.5287441029079822 0
      vertex -3.862508134572063 -3.5206978284817505 7
      vertex -3.9898300938557316 -3.5287441029079822 7
    endloop
  endfacet
  facet normal -0.03505523431781142 -0.9993853763923721 0
    outer loop
      vertex -3.862508134572063 -3.5206978284817505 0
      vertex -3.7350105925134094 -3.5251700334162925 7
      vertex -3.862508134572063 -3.5206978284817505 7
    endloop
  endfacet
  facet normal -0.1328433304641662 -0.9911370488238185 0
    outer loop
      vertex -3.7350105925134094 -3.5251700334162925 0
      vertex -3.6085653387070433 -3.5421176479333343 7
      vertex -3.7350105925134094 -3.5251700334162925 7
    endloop
  endfacet
  facet normal -0.2293520727186001 -0.9733435296644664 0
    outer loop
      vertex -3.6085653387070433 -3.5421176479333343 0
      vertex -3.484390110069127 -3.571377457240568 7
      vertex -3.6085653387070433 -3.5421176479333343 7
    endloop
  endfacet
  facet normal -0.502022961834576 -0.8648542916531317 0
    outer loop
      vertex -3.2475998511136326 -3.665590648996664 0
      vertex -3.1372652404325176 -3.7296367069067444 7
      vertex -3.2475998511136326 -3.665590648996664 7
    endloop
  endfacet
  facet normal -0.584376128526108 -0.8114829267512889 0
    outer loop
      vertex -3.1372652404325176 -3.7296367069067444 0
      vertex -3.033739532505078 -3.804189048560759 7
      vertex -3.1372652404325176 -3.7296367069067444 7
    endloop
  endfacet
  facet normal -0.32365202913615715 -0.9461761802307476 0
    outer loop
      vertex -3.484390110069127 -3.571377457240568 0
      vertex -3.363680781932528 -3.6126676733793266 7
      vertex -3.484390110069127 -3.571377457240568 7
    endloop
  endfacet
  facet normal -0.41483503958692575 -0.9098966369488976 0
    outer loop
      vertex -3.363680781932528 -3.6126676733793266 0
      vertex -3.2475998511136326 -3.665590648996664 7
      vertex -3.363680781932528 -3.6126676733793266 7
    endloop
  endfacet
  facet normal -0.8648542916531282 0.5020229618345817 0
    outer loop
      vertex -2.7453998256909657 -5.513896987508342 0
      vertex -2.6892969481488977 -5.417246399576997 7
      vertex -2.6892969481488977 -5.417246399576997 0
    endloop
  endfacet
  facet normal -0.9098966369488969 0.414835039586927 0
    outer loop
      vertex -2.6892969481488977 -5.417246399576997 0
      vertex -2.6892969481488977 -5.417246399576997 7
      vertex -2.6363739725315605 -5.301165468758102 0
    endloop
  endfacet
  facet normal -0.946176180230749 0.32365202913615293 0
    outer loop
      vertex -2.6363739725315605 -5.301165468758102 0
      vertex -2.6363739725315605 -5.301165468758102 7
      vertex -2.5950837563928024 -5.180456140621502 0
    endloop
  endfacet
  facet normal -0.9733435296644666 0.2293520727185993 0
    outer loop
      vertex -2.5950837563928024 -5.180456140621502 0
      vertex -2.5950837563928024 -5.180456140621502 7
      vertex -2.5658239470855686 -5.056280911983586 0
    endloop
  endfacet
  facet normal -0.9911370488238189 0.13284333046416325 0
    outer loop
      vertex -2.5658239470855686 -5.056280911983586 0
      vertex -2.5658239470855686 -5.056280911983586 7
      vertex -2.5488763325685273 -4.92983565817722 0
    endloop
  endfacet
  facet normal -0.9993853763923718 0.035055234317821975 0
    outer loop
      vertex -2.5488763325685273 -4.92983565817722 0
      vertex -2.5488763325685273 -4.92983565817722 7
      vertex -2.544404127633984 -4.802338116118567 0
    endloop
  endfacet
  facet normal -0.9980090764666485 -0.06307046289815278 0
    outer loop
      vertex -2.544404127633984 -4.802338116118567 0
      vertex -2.544404127633984 -4.802338116118567 7
      vertex -2.5524504020602157 -4.675016156834898 0
    endloop
  endfacet
  facet normal -0.7947741481151627 -0.6069053085019255 0
    outer loop
      vertex -2.7736011630879425 -4.083240466729755 0
      vertex -2.7736011630879425 -4.083240466729755 7
      vertex -2.851027686353342 -3.981846397164484 0
    endloop
  endfacet
  facet normal -0.850434216148305 -0.5260814043512828 0
    outer loop
      vertex -2.7064858264400518 -4.191735422532386 0
      vertex -2.7064858264400518 -4.191735422532386 7
      vertex -2.7736011630879425 -4.083240466729755 0
    endloop
  endfacet
  facet normal -0.9870214035672935 -0.16058875707860093 0
    outer loop
      vertex -2.5524504020602157 -4.675016156834898 0
      vertex -2.5524504020602157 -4.675016156834898 7
      vertex -2.5729376658259575 -4.549095960395378 0
    endloop
  endfacet
  facet normal -0.936726751731106 -0.3500614125996906 0
    outer loop
      vertex -2.6056686153816666 -4.425790207126698 0
      vertex -2.6056686153816666 -4.425790207126698 7
      vertex -2.650328033790564 -4.306286398838621 0
    endloop
  endfacet
  facet normal -0.9665281749908035 -0.256560493741626 0
    outer loop
      vertex -2.5729376658259575 -4.549095960395378 0
      vertex -2.5729376658259575 -4.549095960395378 7
      vertex -2.6056686153816666 -4.425790207126698 0
    endloop
  endfacet
  facet normal -0.8979041377853053 -0.4401910486913919 0
    outer loop
      vertex -2.7064858264400518 -4.191735422532386 0
      vertex -2.650328033790564 -4.306286398838621 0
      vertex -2.650328033790564 -4.306286398838621 7
    endloop
  endfacet
  facet normal -0.6611014336474238 -0.7502965376631567 0
    outer loop
      vertex -2.938019736491561 -3.8885296941541214 0
      vertex -2.938019736491561 -3.8885296941541214 7
      vertex -3.033739532505078 -3.804189048560759 0
    endloop
  endfacet
  facet normal -0.584376128526108 -0.8114829267512889 0
    outer loop
      vertex -3.1372652404325176 -3.7296367069067444 0
      vertex -3.033739532505078 -3.804189048560759 0
      vertex -3.033739532505078 -3.804189048560759 7
    endloop
  endfacet
  facet normal -0.7314599705679337 -0.6818843827634986 0
    outer loop
      vertex -2.938019736491561 -3.8885296941541214 0
      vertex -2.851027686353342 -3.981846397164484 0
      vertex -2.851027686353342 -3.981846397164484 7
    endloop
  endfacet
  facet normal -0.8648542916531282 0.5020229618345817 0
    outer loop
      vertex -2.7453998256909657 -5.513896987508342 0
      vertex -2.7453998256909657 -5.513896987508342 7
      vertex -2.6892969481488977 -5.417246399576997 7
    endloop
  endfacet
  facet normal -0.9098966369488969 0.414835039586927 0
    outer loop
      vertex -2.6363739725315605 -5.301165468758102 0
      vertex -2.6892969481488977 -5.417246399576997 7
      vertex -2.6363739725315605 -5.301165468758102 7
    endloop
  endfacet
  facet normal -0.946176180230749 0.32365202913615293 0
    outer loop
      vertex -2.5950837563928024 -5.180456140621502 0
      vertex -2.6363739725315605 -5.301165468758102 7
      vertex -2.5950837563928024 -5.180456140621502 7
    endloop
  endfacet
  facet normal -0.9733435296644666 0.2293520727185993 0
    outer loop
      vertex -2.5658239470855686 -5.056280911983586 0
      vertex -2.5950837563928024 -5.180456140621502 7
      vertex -2.5658239470855686 -5.056280911983586 7
    endloop
  endfacet
  facet normal -0.9911370488238189 0.13284333046416325 0
    outer loop
      vertex -2.5488763325685273 -4.92983565817722 0
      vertex -2.5658239470855686 -5.056280911983586 7
      vertex -2.5488763325685273 -4.92983565817722 7
    endloop
  endfacet
  facet normal -0.9993853763923718 0.035055234317821975 0
    outer loop
      vertex -2.544404127633984 -4.802338116118567 0
      vertex -2.5488763325685273 -4.92983565817722 7
      vertex -2.544404127633984 -4.802338116118567 7
    endloop
  endfacet
  facet normal -0.7947741481151627 -0.6069053085019255 0
    outer loop
      vertex -2.851027686353342 -3.981846397164484 0
      vertex -2.7736011630879425 -4.083240466729755 7
      vertex -2.851027686353342 -3.981846397164484 7
    endloop
  endfacet
  facet normal -0.850434216148305 -0.5260814043512828 0
    outer loop
      vertex -2.7736011630879425 -4.083240466729755 0
      vertex -2.7064858264400518 -4.191735422532386 7
      vertex -2.7736011630879425 -4.083240466729755 7
    endloop
  endfacet
  facet normal -0.9980090764666485 -0.06307046289815278 0
    outer loop
      vertex -2.5524504020602157 -4.675016156834898 0
      vertex -2.544404127633984 -4.802338116118567 7
      vertex -2.5524504020602157 -4.675016156834898 7
    endloop
  endfacet
  facet normal -0.9870214035672935 -0.16058875707860093 0
    outer loop
      vertex -2.5729376658259575 -4.549095960395378 0
      vertex -2.5524504020602157 -4.675016156834898 7
      vertex -2.5729376658259575 -4.549095960395378 7
    endloop
  endfacet
  facet normal -0.9665281749908035 -0.256560493741626 0
    outer loop
      vertex -2.6056686153816666 -4.425790207126698 0
      vertex -2.5729376658259575 -4.549095960395378 7
      vertex -2.6056686153816666 -4.425790207126698 7
    endloop
  endfacet
  facet normal -0.936726751731106 -0.3500614125996906 0
    outer loop
      vertex -2.650328033790564 -4.306286398838621 0
      vertex -2.6056686153816666 -4.425790207126698 7
      vertex -2.650328033790564 -4.306286398838621 7
    endloop
  endfacet
  facet normal -0.8979041377853053 -0.4401910486913919 0
    outer loop
      vertex -2.7064858264400518 -4.191735422532386 0
      vertex -2.650328033790564 -4.306286398838621 7
      vertex -2.7064858264400518 -4.191735422532386 7
    endloop
  endfacet
  facet normal -0.6611014336474238 -0.7502965376631567 0
    outer loop
      vertex -3.033739532505078 -3.804189048560759 0
      vertex -2.938019736491561 -3.8885296941541214 7
      vertex -3.033739532505078 -3.804189048560759 7
    endloop
  endfacet
  facet normal -0.7314599705679337 -0.6818843827634986 0
    outer loop
      vertex -2.938019736491561 -3.8885296941541214 0
      vertex -2.851027686353342 -3.981846397164484 7
      vertex -2.938019736491561 -3.8885296941541214 7
    endloop
  endfacet
  facet normal 0.9317251874236071 -0.3631641159592236 0
    outer loop
      vertex -2.598795225578969 -5.583235799344949 0
      vertex -2.5586245621352264 -5.480174904060201 0
      vertex -2.598795225578969 -5.583235799344949 7
    endloop
  endfacet
  facet normal 0.891642367863125 -0.452740419922321 0
    outer loop
      vertex -2.5586245621352264 -5.480174904060201 0
      vertex -2.5008657714882485 -5.366422779020828 0
      vertex -2.5008657714882485 -5.366422779020828 7
    endloop
  endfacet
  facet normal 0.8429725448788288 -0.5379565861484652 0
    outer loop
      vertex -2.5008657714882485 -5.366422779020828 0
      vertex -2.43223544720255 -5.2588797530432485 0
      vertex -2.43223544720255 -5.2588797530432485 7
    endloop
  endfacet
  facet normal 0.7861844354716749 -0.6179919363730273 0
    outer loop
      vertex -2.43223544720255 -5.2588797530432485 0
      vertex -2.3533945368181524 -5.158581524256625 0
      vertex -2.3533945368181524 -5.158581524256625 7
    endloop
  endfacet
  facet normal 0.7218249401788052 -0.6920756864215535 0
    outer loop
      vertex -2.3533945368181524 -5.158581524256625 0
      vertex -2.2651023214008843 -5.066494019432761 0
      vertex -2.2651023214008843 -5.066494019432761 7
    endloop
  endfacet
  facet normal 0.6505138761223561 -0.7594943692827933 0
    outer loop
      vertex -2.2651023214008843 -5.066494019432761 0
      vertex -2.168209103250647 -4.983504091583262 0
      vertex -2.168209103250647 -4.983504091583262 7
    endloop
  endfacet
  facet normal 0.572938007831804 -0.8195987061859746 0
    outer loop
      vertex -2.168209103250647 -4.983504091583262 0
      vertex -2.063648017025449 -4.9104109790802255 0
      vertex -2.063648017025449 -4.9104109790802255 7
    endloop
  endfacet
  facet normal 0.48984443332604016 -0.8718098595103697 0
    outer loop
      vertex -2.063648017025449 -4.9104109790802255 0
      vertex -1.9524260431445437 -4.84791860855382 0
      vertex -1.9524260431445437 -4.84791860855382 7
    endloop
  endfacet
  facet normal 0.4020333891511543 -0.9156250073079244 0
    outer loop
      vertex -1.9524260431445437 -4.84791860855382 0
      vertex -1.8356143100165185 -4.796628815694016 0
      vertex -1.8356143100165185 -4.796628815694016 7
    endloop
  endfacet
  facet normal 0.3103505436649342 -0.950622185753562 0
    outer loop
      vertex -1.8356143100165185 -4.796628815694016 0
      vertex -1.714337778487186 -4.7570355492439065 0
      vertex -1.714337778487186 -4.7570355492439065 7
    endloop
  endfacet
  facet normal 0.21567885278834553 -0.9764643528874483 0
    outer loop
      vertex -1.714337778487186 -4.7570355492439065 0
      vertex -1.5897644078516693 -4.729520114003289 0
      vertex -1.5897644078516693 -4.729520114003289 7
    endloop
  endfacet
  facet normal -0.17441545245844983 -0.9846721535332023 0
    outer loop
      vertex -1.2083495920392986 -4.721494934631483 0
      vertex -1.0827291034123032 -4.743746152240624 0
      vertex -1.0827291034123032 -4.743746152240624 7
    endloop
  endfacet
  facet normal -0.2700903430337425 -0.9628349840964002 0
    outer loop
      vertex -1.0827291034123032 -4.743746152240624 0
      vertex -0.9598945124925171 -4.778203185217121 0
      vertex -0.9598945124925171 -4.778203185217121 7
    endloop
  endfacet
  facet normal -0.36316411595922654 -0.9317251874236058 0
    outer loop
      vertex -0.8410287835387169 -4.82453419349728 0
      vertex -0.8410287835387169 -4.82453419349728 7
      vertex -0.9598945124925171 -4.778203185217121 0
    endloop
  endfacet
  facet normal -0.9970263918549273 0.07706084573079294 0
    outer loop
      vertex -0.08133903684711755 -6.161744492793918 0
      vertex -0.07251770325754259 -6.047612571235625 7
      vertex -0.07251770325754259 -6.047612571235625 0
    endloop
  endfacet
  facet normal -0.9997787209930222 -0.02103589906698989 0
    outer loop
      vertex -0.07251770325754259 -6.047612571235625 0
      vertex -0.07251770325754259 -6.047612571235625 7
      vertex -0.07520137813351169 -5.920064847864587 0
    endloop
  endfacet
  facet normal -0.9929026345133122 -0.11893005665736509 0
    outer loop
      vertex -0.07520137813351169 -5.920064847864587 0
      vertex -0.07520137813351169 -5.920064847864587 7
      vertex -0.09037399348180464 -5.793394347780837 0
    endloop
  endfacet
  facet normal -0.9764643528874465 -0.21567885278835383 0
    outer loop
      vertex -0.09037399348180464 -5.793394347780837 0
      vertex -0.09037399348180464 -5.793394347780837 7
      vertex -0.1178894287224228 -5.66882097714532 0
    endloop
  endfacet
  facet normal -0.9506221857535626 -0.3103505436649326 0
    outer loop
      vertex -0.1178894287224228 -5.66882097714532 0
      vertex -0.1178894287224228 -5.66882097714532 7
      vertex -0.15748269517253166 -5.547544445615988 0
    endloop
  endfacet
  facet normal -0.9156250073079247 -0.40203338915115355 0
    outer loop
      vertex -0.20877248803233572 -5.430732712487963 0
      vertex -0.15748269517253166 -5.547544445615988 0
      vertex -0.15748269517253166 -5.547544445615988 7
    endloop
  endfacet
  facet normal -0.6920756864215535 -0.7218249401788052 0
    outer loop
      vertex -0.5194354037351403 -5.029764218814354 0
      vertex -0.42734789891127645 -5.118056434231622 0
      vertex -0.42734789891127645 -5.118056434231622 7
    endloop
  endfacet
  facet normal -0.537956586148466 -0.8429725448788283 0
    outer loop
      vertex -0.7272766584993438 -4.882292984144258 0
      vertex -0.6197336325217642 -4.950923308429957 0
      vertex -0.6197336325217642 -4.950923308429957 7
    endloop
  endfacet
  facet normal -0.4527404199223189 -0.8916423678631261 0
    outer loop
      vertex -0.8410287835387169 -4.82453419349728 0
      vertex -0.7272766584993438 -4.882292984144258 0
      vertex -0.7272766584993438 -4.882292984144258 7
    endloop
  endfacet
  facet normal -0.6179919363730273 -0.7861844354716749 0
    outer loop
      vertex -0.5194354037351403 -5.029764218814354 0
      vertex -0.5194354037351403 -5.029764218814354 7
      vertex -0.6197336325217642 -4.950923308429957 0
    endloop
  endfacet
  facet normal -0.8195987061859772 -0.5729380078318004 0
    outer loop
      vertex -0.344357971061777 -5.21494965238186 0
      vertex -0.27126485855874205 -5.3195107386070575 0
      vertex -0.27126485855874205 -5.3195107386070575 7
    endloop
  endfacet
  facet normal -0.8718098595103675 -0.4898444333260442 0
    outer loop
      vertex -0.20877248803233572 -5.430732712487963 0
      vertex -0.20877248803233572 -5.430732712487963 7
      vertex -0.27126485855874205 -5.3195107386070575 0
    endloop
  endfacet
  facet normal -0.7594943692827946 -0.6505138761223546 0
    outer loop
      vertex -0.42734789891127645 -5.118056434231622 0
      vertex -0.344357971061777 -5.21494965238186 0
      vertex -0.344357971061777 -5.21494965238186 7
    endloop
  endfacet
  facet normal 0.11893005665737215 -0.9929026345133113 0
    outer loop
      vertex -1.5897644078516693 -4.729520114003289 0
      vertex -1.4630939077679193 -4.714347498654996 0
      vertex -1.4630939077679193 -4.714347498654996 7
    endloop
  endfacet
  facet normal 0.02103589906698652 -0.9997787209930223 0
    outer loop
      vertex -1.4630939077679193 -4.714347498654996 0
      vertex -1.3355461843968823 -4.711663823779027 0
      vertex -1.3355461843968823 -4.711663823779027 7
    endloop
  endfacet
  facet normal -0.07706084573079258 -0.9970263918549273 0
    outer loop
      vertex -1.3355461843968823 -4.711663823779027 0
      vertex -1.2083495920392986 -4.721494934631483 0
      vertex -1.2083495920392986 -4.721494934631483 7
    endloop
  endfacet
  facet normal 0.9317251874236071 -0.3631641159592236 0
    outer loop
      vertex -2.5586245621352264 -5.480174904060201 0
      vertex -2.5586245621352264 -5.480174904060201 7
      vertex -2.598795225578969 -5.583235799344949 7
    endloop
  endfacet
  facet normal 0.891642367863125 -0.452740419922321 0
    outer loop
      vertex -2.5586245621352264 -5.480174904060201 0
      vertex -2.5008657714882485 -5.366422779020828 7
      vertex -2.5586245621352264 -5.480174904060201 7
    endloop
  endfacet
  facet normal 0.8429725448788288 -0.5379565861484652 0
    outer loop
      vertex -2.5008657714882485 -5.366422779020828 0
      vertex -2.43223544720255 -5.2588797530432485 7
      vertex -2.5008657714882485 -5.366422779020828 7
    endloop
  endfacet
  facet normal 0.7861844354716749 -0.6179919363730273 0
    outer loop
      vertex -2.43223544720255 -5.2588797530432485 0
      vertex -2.3533945368181524 -5.158581524256625 7
      vertex -2.43223544720255 -5.2588797530432485 7
    endloop
  endfacet
  facet normal 0.7218249401788052 -0.6920756864215535 0
    outer loop
      vertex -2.3533945368181524 -5.158581524256625 0
      vertex -2.2651023214008843 -5.066494019432761 7
      vertex -2.3533945368181524 -5.158581524256625 7
    endloop
  endfacet
  facet normal 0.6505138761223561 -0.7594943692827933 0
    outer loop
      vertex -2.2651023214008843 -5.066494019432761 0
      vertex -2.168209103250647 -4.983504091583262 7
      vertex -2.2651023214008843 -5.066494019432761 7
    endloop
  endfacet
  facet normal 0.572938007831804 -0.8195987061859746 0
    outer loop
      vertex -2.168209103250647 -4.983504091583262 0
      vertex -2.063648017025449 -4.9104109790802255 7
      vertex -2.168209103250647 -4.983504091583262 7
    endloop
  endfacet
  facet normal 0.48984443332604016 -0.8718098595103697 0
    outer loop
      vertex -2.063648017025449 -4.9104109790802255 0
      vertex -1.9524260431445437 -4.84791860855382 7
      vertex -2.063648017025449 -4.9104109790802255 7
    endloop
  endfacet
  facet normal 0.4020333891511543 -0.9156250073079244 0
    outer loop
      vertex -1.9524260431445437 -4.84791860855382 0
      vertex -1.8356143100165185 -4.796628815694016 7
      vertex -1.9524260431445437 -4.84791860855382 7
    endloop
  endfacet
  facet normal 0.3103505436649342 -0.950622185753562 0
    outer loop
      vertex -1.8356143100165185 -4.796628815694016 0
      vertex -1.714337778487186 -4.7570355492439065 7
      vertex -1.8356143100165185 -4.796628815694016 7
    endloop
  endfacet
  facet normal 0.21567885278834553 -0.9764643528874483 0
    outer loop
      vertex -1.714337778487186 -4.7570355492439065 0
      vertex -1.5897644078516693 -4.729520114003289 7
      vertex -1.714337778487186 -4.7570355492439065 7
    endloop
  endfacet
  facet normal 0.11893005665737215 -0.9929026345133113 0
    outer loop
      vertex -1.5897644078516693 -4.729520114003289 0
      vertex -1.4630939077679193 -4.714347498654996 7
      vertex -1.5897644078516693 -4.729520114003289 7
    endloop
  endfacet
  facet normal -0.17441545245844983 -0.9846721535332023 0
    outer loop
      vertex -1.2083495920392986 -4.721494934631483 0
      vertex -1.0827291034123032 -4.743746152240624 7
      vertex -1.2083495920392986 -4.721494934631483 7
    endloop
  endfacet
  facet normal -0.2700903430337425 -0.9628349840964002 0
    outer loop
      vertex -1.0827291034123032 -4.743746152240624 0
      vertex -0.9598945124925171 -4.778203185217121 7
      vertex -1.0827291034123032 -4.743746152240624 7
    endloop
  endfacet
  facet normal -0.36316411595922654 -0.9317251874236058 0
    outer loop
      vertex -0.9598945124925171 -4.778203185217121 0
      vertex -0.8410287835387169 -4.82453419349728 7
      vertex -0.9598945124925171 -4.778203185217121 7
    endloop
  endfacet
  facet normal -0.4527404199223189 -0.8916423678631261 0
    outer loop
      vertex -0.8410287835387169 -4.82453419349728 0
      vertex -0.7272766584993438 -4.882292984144258 7
      vertex -0.8410287835387169 -4.82453419349728 7
    endloop
  endfacet
  facet normal -0.9970263918549273 0.07706084573079294 0
    outer loop
      vertex -0.08133903684711755 -6.161744492793918 0
      vertex -0.08133903684711755 -6.161744492793918 7
      vertex -0.07251770325754259 -6.047612571235625 7
    endloop
  endfacet
  facet normal -0.9997787209930222 -0.02103589906698989 0
    outer loop
      vertex -0.07520137813351169 -5.920064847864587 0
      vertex -0.07251770325754259 -6.047612571235625 7
      vertex -0.07520137813351169 -5.920064847864587 7
    endloop
  endfacet
  facet normal -0.9929026345133122 -0.11893005665736509 0
    outer loop
      vertex -0.09037399348180464 -5.793394347780837 0
      vertex -0.07520137813351169 -5.920064847864587 7
      vertex -0.09037399348180464 -5.793394347780837 7
    endloop
  endfacet
  facet normal -0.9764643528874465 -0.21567885278835383 0
    outer loop
      vertex -0.1178894287224228 -5.66882097714532 0
      vertex -0.09037399348180464 -5.793394347780837 7
      vertex -0.1178894287224228 -5.66882097714532 7
    endloop
  endfacet
  facet normal -0.9506221857535626 -0.3103505436649326 0
    outer loop
      vertex -0.15748269517253166 -5.547544445615988 0
      vertex -0.1178894287224228 -5.66882097714532 7
      vertex -0.15748269517253166 -5.547544445615988 7
    endloop
  endfacet
  facet normal -0.9156250073079247 -0.40203338915115355 0
    outer loop
      vertex -0.20877248803233572 -5.430732712487963 0
      vertex -0.15748269517253166 -5.547544445615988 7
      vertex -0.20877248803233572 -5.430732712487963 7
    endloop
  endfacet
  facet normal -0.7594943692827946 -0.6505138761223546 0
    outer loop
      vertex -0.42734789891127645 -5.118056434231622 0
      vertex -0.344357971061777 -5.21494965238186 7
      vertex -0.42734789891127645 -5.118056434231622 7
    endloop
  endfacet
  facet normal -0.537956586148466 -0.8429725448788283 0
    outer loop
      vertex -0.7272766584993438 -4.882292984144258 0
      vertex -0.6197336325217642 -4.950923308429957 7
      vertex -0.7272766584993438 -4.882292984144258 7
    endloop
  endfacet
  facet normal -0.6179919363730273 -0.7861844354716749 0
    outer loop
      vertex -0.6197336325217642 -4.950923308429957 0
      vertex -0.5194354037351403 -5.029764218814354 7
      vertex -0.6197336325217642 -4.950923308429957 7
    endloop
  endfacet
  facet normal -0.6920756864215535 -0.7218249401788052 0
    outer loop
      vertex -0.5194354037351403 -5.029764218814354 0
      vertex -0.42734789891127645 -5.118056434231622 7
      vertex -0.5194354037351403 -5.029764218814354 7
    endloop
  endfacet
  facet normal -0.8718098595103675 -0.4898444333260442 0
    outer loop
      vertex -0.27126485855874205 -5.3195107386070575 0
      vertex -0.20877248803233572 -5.430732712487963 7
      vertex -0.27126485855874205 -5.3195107386070575 7
    endloop
  endfacet
  facet normal -0.8195987061859772 -0.5729380078318004 0
    outer loop
      vertex -0.344357971061777 -5.21494965238186 0
      vertex -0.27126485855874205 -5.3195107386070575 7
      vertex -0.344357971061777 -5.21494965238186 7
    endloop
  endfacet
  facet normal 0.02103589906698652 -0.9997787209930223 0
    outer loop
      vertex -1.4630939077679193 -4.714347498654996 0
      vertex -1.3355461843968823 -4.711663823779027 7
      vertex -1.4630939077679193 -4.714347498654996 7
    endloop
  endfacet
  facet normal -0.07706084573079258 -0.9970263918549273 0
    outer loop
      vertex -1.3355461843968823 -4.711663823779027 0
      vertex -1.2083495920392986 -4.721494934631483 7
      vertex -1.3355461843968823 -4.711663823779027 7
    endloop
  endfacet
  facet normal 0.9970263918549273 0.07706084573079294 0
    outer loop
      vertex 0.08133903684711755 -6.161744492793918 0
      vertex 0.07251770325754259 -6.047612571235625 0
      vertex 0.08133903684711755 -6.161744492793918 7
    endloop
  endfacet
  facet normal 0.9997787209930222 -0.02103589906698989 0
    outer loop
      vertex 0.07251770325754259 -6.047612571235625 0
      vertex 0.07520137813351169 -5.920064847864587 0
      vertex 0.07520137813351169 -5.920064847864587 7
    endloop
  endfacet
  facet normal 0.9929026345133122 -0.11893005665736509 0
    outer loop
      vertex 0.07520137813351169 -5.920064847864587 0
      vertex 0.09037399348180464 -5.793394347780837 0
      vertex 0.09037399348180464 -5.793394347780837 7
    endloop
  endfacet
  facet normal 0.9764643528874465 -0.21567885278835383 0
    outer loop
      vertex 0.09037399348180464 -5.793394347780837 0
      vertex 0.1178894287224228 -5.66882097714532 0
      vertex 0.1178894287224228 -5.66882097714532 7
    endloop
  endfacet
  facet normal 0.9506221857535626 -0.3103505436649326 0
    outer loop
      vertex 0.1178894287224228 -5.66882097714532 0
      vertex 0.15748269517253166 -5.547544445615988 0
      vertex 0.15748269517253166 -5.547544445615988 7
    endloop
  endfacet
  facet normal 0.9156250073079247 -0.40203338915115355 0
    outer loop
      vertex 0.15748269517253166 -5.547544445615988 0
      vertex 0.20877248803233572 -5.430732712487963 0
      vertex 0.20877248803233572 -5.430732712487963 7
    endloop
  endfacet
  facet normal 0.8718098595103675 -0.4898444333260442 0
    outer loop
      vertex 0.20877248803233572 -5.430732712487963 0
      vertex 0.27126485855874205 -5.3195107386070575 0
      vertex 0.27126485855874205 -5.3195107386070575 7
    endloop
  endfacet
  facet normal 0.8195987061859772 -0.5729380078318004 0
    outer loop
      vertex 0.27126485855874205 -5.3195107386070575 0
      vertex 0.344357971061777 -5.21494965238186 0
      vertex 0.344357971061777 -5.21494965238186 7
    endloop
  endfacet
  facet normal 0.7594943692827946 -0.6505138761223546 0
    outer loop
      vertex 0.344357971061777 -5.21494965238186 0
      vertex 0.42734789891127645 -5.118056434231622 0
      vertex 0.42734789891127645 -5.118056434231622 7
    endloop
  endfacet
  facet normal 0.6920756864215535 -0.7218249401788052 0
    outer loop
      vertex 0.42734789891127645 -5.118056434231622 0
      vertex 0.5194354037351403 -5.029764218814354 0
      vertex 0.5194354037351403 -5.029764218814354 7
    endloop
  endfacet
  facet normal 0.6179919363730273 -0.7861844354716749 0
    outer loop
      vertex 0.5194354037351403 -5.029764218814354 0
      vertex 0.6197336325217642 -4.950923308429957 0
      vertex 0.6197336325217642 -4.950923308429957 7
    endloop
  endfacet
  facet normal 0.537956586148466 -0.8429725448788283 0
    outer loop
      vertex 0.6197336325217642 -4.950923308429957 0
      vertex 0.7272766584993438 -4.882292984144258 0
      vertex 0.7272766584993438 -4.882292984144258 7
    endloop
  endfacet
  facet normal 0.4527404199223189 -0.8916423678631261 0
    outer loop
      vertex 0.7272766584993438 -4.882292984144258 0
      vertex 0.8410287835387169 -4.82453419349728 0
      vertex 0.8410287835387169 -4.82453419349728 7
    endloop
  endfacet
  facet normal 0.36316411595922654 -0.9317251874236058 0
    outer loop
      vertex 0.8410287835387169 -4.82453419349728 0
      vertex 0.9598945124925171 -4.778203185217121 0
      vertex 0.9598945124925171 -4.778203185217121 7
    endloop
  endfacet
  facet normal 0.2700903430337425 -0.9628349840964002 0
    outer loop
      vertex 0.9598945124925171 -4.778203185217121 0
      vertex 1.0827291034123032 -4.743746152240624 0
      vertex 1.0827291034123032 -4.743746152240624 7
    endloop
  endfacet
  facet normal 0.17441545245844983 -0.9846721535332023 0
    outer loop
      vertex 1.0827291034123032 -4.743746152240624 0
      vertex 1.2083495920392986 -4.721494934631483 0
      vertex 1.2083495920392986 -4.721494934631483 7
    endloop
  endfacet
  facet normal 0.07706084573079258 -0.9970263918549273 0
    outer loop
      vertex 1.2083495920392986 -4.721494934631483 0
      vertex 1.3355461843968823 -4.711663823779027 0
      vertex 1.3355461843968823 -4.711663823779027 7
    endloop
  endfacet
  facet normal -0.02103589906698652 -0.9997787209930223 0
    outer loop
      vertex 1.3355461843968823 -4.711663823779027 0
      vertex 1.4630939077679193 -4.714347498654996 0
      vertex 1.4630939077679193 -4.714347498654996 7
    endloop
  endfacet
  facet normal -0.11893005665737215 -0.9929026345133113 0
    outer loop
      vertex 1.4630939077679193 -4.714347498654996 0
      vertex 1.5897644078516693 -4.729520114003289 0
      vertex 1.5897644078516693 -4.729520114003289 7
    endloop
  endfacet
  facet normal -0.21567885278834553 -0.9764643528874483 0
    outer loop
      vertex 1.5897644078516693 -4.729520114003289 0
      vertex 1.714337778487186 -4.7570355492439065 0
      vertex 1.714337778487186 -4.7570355492439065 7
    endloop
  endfacet
  facet normal -0.3103505436649342 -0.950622185753562 0
    outer loop
      vertex 1.714337778487186 -4.7570355492439065 0
      vertex 1.8356143100165185 -4.796628815694016 0
      vertex 1.8356143100165185 -4.796628815694016 7
    endloop
  endfacet
  facet normal -0.4020333891511543 -0.9156250073079244 0
    outer loop
      vertex 1.8356143100165185 -4.796628815694016 0
      vertex 1.9524260431445437 -4.84791860855382 0
      vertex 1.9524260431445437 -4.84791860855382 7
    endloop
  endfacet
  facet normal -0.48984443332604016 -0.8718098595103697 0
    outer loop
      vertex 1.9524260431445437 -4.84791860855382 0
      vertex 2.063648017025449 -4.9104109790802255 0
      vertex 2.063648017025449 -4.9104109790802255 7
    endloop
  endfacet
  facet normal -0.572938007831804 -0.8195987061859746 0
    outer loop
      vertex 2.063648017025449 -4.9104109790802255 0
      vertex 2.168209103250647 -4.983504091583262 0
      vertex 2.168209103250647 -4.983504091583262 7
    endloop
  endfacet
  facet normal -0.6505138761223561 -0.7594943692827933 0
    outer loop
      vertex 2.2651023214008843 -5.066494019432761 0
      vertex 2.2651023214008843 -5.066494019432761 7
      vertex 2.168209103250647 -4.983504091583262 0
    endloop
  endfacet
  facet normal -0.9317251874236071 -0.3631641159592236 0
    outer loop
      vertex 2.598795225578969 -5.583235799344949 0
      vertex 2.5586245621352264 -5.480174904060201 7
      vertex 2.5586245621352264 -5.480174904060201 0
    endloop
  endfacet
  facet normal -0.8429725448788288 -0.5379565861484652 0
    outer loop
      vertex 2.5008657714882485 -5.366422779020828 0
      vertex 2.5008657714882485 -5.366422779020828 7
      vertex 2.43223544720255 -5.2588797530432485 0
    endloop
  endfacet
  facet normal -0.7861844354716749 -0.6179919363730273 0
    outer loop
      vertex 2.43223544720255 -5.2588797530432485 0
      vertex 2.43223544720255 -5.2588797530432485 7
      vertex 2.3533945368181524 -5.158581524256625 0
    endloop
  endfacet
  facet normal -0.7218249401788052 -0.6920756864215535 0
    outer loop
      vertex 2.2651023214008843 -5.066494019432761 0
      vertex 2.3533945368181524 -5.158581524256625 0
      vertex 2.3533945368181524 -5.158581524256625 7
    endloop
  endfacet
  facet normal -0.891642367863125 -0.452740419922321 0
    outer loop
      vertex 2.5586245621352264 -5.480174904060201 0
      vertex 2.5586245621352264 -5.480174904060201 7
      vertex 2.5008657714882485 -5.366422779020828 0
    endloop
  endfacet
  facet normal 0.9970263918549273 0.07706084573079294 0
    outer loop
      vertex 0.07251770325754259 -6.047612571235625 0
      vertex 0.07251770325754259 -6.047612571235625 7
      vertex 0.08133903684711755 -6.161744492793918 7
    endloop
  endfacet
  facet normal 0.9997787209930222 -0.02103589906698989 0
    outer loop
      vertex 0.07251770325754259 -6.047612571235625 0
      vertex 0.07520137813351169 -5.920064847864587 7
      vertex 0.07251770325754259 -6.047612571235625 7
    endloop
  endfacet
  facet normal 0.9929026345133122 -0.11893005665736509 0
    outer loop
      vertex 0.07520137813351169 -5.920064847864587 0
      vertex 0.09037399348180464 -5.793394347780837 7
      vertex 0.07520137813351169 -5.920064847864587 7
    endloop
  endfacet
  facet normal 0.9764643528874465 -0.21567885278835383 0
    outer loop
      vertex 0.09037399348180464 -5.793394347780837 0
      vertex 0.1178894287224228 -5.66882097714532 7
      vertex 0.09037399348180464 -5.793394347780837 7
    endloop
  endfacet
  facet normal 0.9506221857535626 -0.3103505436649326 0
    outer loop
      vertex 0.1178894287224228 -5.66882097714532 0
      vertex 0.15748269517253166 -5.547544445615988 7
      vertex 0.1178894287224228 -5.66882097714532 7
    endloop
  endfacet
  facet normal 0.9156250073079247 -0.40203338915115355 0
    outer loop
      vertex 0.15748269517253166 -5.547544445615988 0
      vertex 0.20877248803233572 -5.430732712487963 7
      vertex 0.15748269517253166 -5.547544445615988 7
    endloop
  endfacet
  facet normal 0.8718098595103675 -0.4898444333260442 0
    outer loop
      vertex 0.20877248803233572 -5.430732712487963 0
      vertex 0.27126485855874205 -5.3195107386070575 7
      vertex 0.20877248803233572 -5.430732712487963 7
    endloop
  endfacet
  facet normal 0.8195987061859772 -0.5729380078318004 0
    outer loop
      vertex 0.27126485855874205 -5.3195107386070575 0
      vertex 0.344357971061777 -5.21494965238186 7
      vertex 0.27126485855874205 -5.3195107386070575 7
    endloop
  endfacet
  facet normal 0.7594943692827946 -0.6505138761223546 0
    outer loop
      vertex 0.344357971061777 -5.21494965238186 0
      vertex 0.42734789891127645 -5.118056434231622 7
      vertex 0.344357971061777 -5.21494965238186 7
    endloop
  endfacet
  facet normal 0.6920756864215535 -0.7218249401788052 0
    outer loop
      vertex 0.42734789891127645 -5.118056434231622 0
      vertex 0.5194354037351403 -5.029764218814354 7
      vertex 0.42734789891127645 -5.118056434231622 7
    endloop
  endfacet
  facet normal 0.6179919363730273 -0.7861844354716749 0
    outer loop
      vertex 0.5194354037351403 -5.029764218814354 0
      vertex 0.6197336325217642 -4.950923308429957 7
      vertex 0.5194354037351403 -5.029764218814354 7
    endloop
  endfacet
  facet normal 0.537956586148466 -0.8429725448788283 0
    outer loop
      vertex 0.6197336325217642 -4.950923308429957 0
      vertex 0.7272766584993438 -4.882292984144258 7
      vertex 0.6197336325217642 -4.950923308429957 7
    endloop
  endfacet
  facet normal 0.4527404199223189 -0.8916423678631261 0
    outer loop
      vertex 0.7272766584993438 -4.882292984144258 0
      vertex 0.8410287835387169 -4.82453419349728 7
      vertex 0.7272766584993438 -4.882292984144258 7
    endloop
  endfacet
  facet normal 0.36316411595922654 -0.9317251874236058 0
    outer loop
      vertex 0.8410287835387169 -4.82453419349728 0
      vertex 0.9598945124925171 -4.778203185217121 7
      vertex 0.8410287835387169 -4.82453419349728 7
    endloop
  endfacet
  facet normal 0.2700903430337425 -0.9628349840964002 0
    outer loop
      vertex 0.9598945124925171 -4.778203185217121 0
      vertex 1.0827291034123032 -4.743746152240624 7
      vertex 0.9598945124925171 -4.778203185217121 7
    endloop
  endfacet
  facet normal 0.17441545245844983 -0.9846721535332023 0
    outer loop
      vertex 1.0827291034123032 -4.743746152240624 0
      vertex 1.2083495920392986 -4.721494934631483 7
      vertex 1.0827291034123032 -4.743746152240624 7
    endloop
  endfacet
  facet normal 0.07706084573079258 -0.9970263918549273 0
    outer loop
      vertex 1.2083495920392986 -4.721494934631483 0
      vertex 1.3355461843968823 -4.711663823779027 7
      vertex 1.2083495920392986 -4.721494934631483 7
    endloop
  endfacet
  facet normal -0.02103589906698652 -0.9997787209930223 0
    outer loop
      vertex 1.3355461843968823 -4.711663823779027 0
      vertex 1.4630939077679193 -4.714347498654996 7
      vertex 1.3355461843968823 -4.711663823779027 7
    endloop
  endfacet
  facet normal -0.11893005665737215 -0.9929026345133113 0
    outer loop
      vertex 1.4630939077679193 -4.714347498654996 0
      vertex 1.5897644078516693 -4.729520114003289 7
      vertex 1.4630939077679193 -4.714347498654996 7
    endloop
  endfacet
  facet normal -0.21567885278834553 -0.9764643528874483 0
    outer loop
      vertex 1.5897644078516693 -4.729520114003289 0
      vertex 1.714337778487186 -4.7570355492439065 7
      vertex 1.5897644078516693 -4.729520114003289 7
    endloop
  endfacet
  facet normal -0.3103505436649342 -0.950622185753562 0
    outer loop
      vertex 1.714337778487186 -4.7570355492439065 0
      vertex 1.8356143100165185 -4.796628815694016 7
      vertex 1.714337778487186 -4.7570355492439065 7
    endloop
  endfacet
  facet normal -0.4020333891511543 -0.9156250073079244 0
    outer loop
      vertex 1.8356143100165185 -4.796628815694016 0
      vertex 1.9524260431445437 -4.84791860855382 7
      vertex 1.8356143100165185 -4.796628815694016 7
    endloop
  endfacet
  facet normal -0.7218249401788052 -0.6920756864215535 0
    outer loop
      vertex 2.2651023214008843 -5.066494019432761 0
      vertex 2.3533945368181524 -5.158581524256625 7
      vertex 2.2651023214008843 -5.066494019432761 7
    endloop
  endfacet
  facet normal -0.572938007831804 -0.8195987061859746 0
    outer loop
      vertex 2.063648017025449 -4.9104109790802255 0
      vertex 2.168209103250647 -4.983504091583262 7
      vertex 2.063648017025449 -4.9104109790802255 7
    endloop
  endfacet
  facet normal -0.48984443332604016 -0.8718098595103697 0
    outer loop
      vertex 1.9524260431445437 -4.84791860855382 0
      vertex 2.063648017025449 -4.9104109790802255 7
      vertex 1.9524260431445437 -4.84791860855382 7
    endloop
  endfacet
  facet normal -0.6505138761223561 -0.7594943692827933 0
    outer loop
      vertex 2.168209103250647 -4.983504091583262 0
      vertex 2.2651023214008843 -5.066494019432761 7
      vertex 2.168209103250647 -4.983504091583262 7
    endloop
  endfacet
  facet normal -0.9317251874236071 -0.3631641159592236 0
    outer loop
      vertex 2.598795225578969 -5.583235799344949 0
      vertex 2.598795225578969 -5.583235799344949 7
      vertex 2.5586245621352264 -5.480174904060201 7
    endloop
  endfacet
  facet normal -0.8429725448788288 -0.5379565861484652 0
    outer loop
      vertex 2.43223544720255 -5.2588797530432485 0
      vertex 2.5008657714882485 -5.366422779020828 7
      vertex 2.43223544720255 -5.2588797530432485 7
    endloop
  endfacet
  facet normal -0.7861844354716749 -0.6179919363730273 0
    outer loop
      vertex 2.3533945368181524 -5.158581524256625 0
      vertex 2.43223544720255 -5.2588797530432485 7
      vertex 2.3533945368181524 -5.158581524256625 7
    endloop
  endfacet
  facet normal -0.891642367863125 -0.452740419922321 0
    outer loop
      vertex 2.5008657714882485 -5.366422779020828 0
      vertex 2.5586245621352264 -5.480174904060201 7
      vertex 2.5008657714882485 -5.366422779020828 7
    endloop
  endfacet
  facet normal 0.8648542916531282 0.5020229618345817 0
    outer loop
      vertex 2.689296948148896 -5.417246399576998 0
      vertex 2.745399825690964 -5.513896987508343 7
      vertex 2.745399825690964 -5.513896987508343 0
    endloop
  endfacet
  facet normal 0.9098966369488956 0.41483503958692985 0
    outer loop
      vertex 2.689296948148896 -5.417246399576998 0
      vertex 2.6363739725315583 -5.301165468758103 0
      vertex 2.6363739725315583 -5.301165468758103 7
    endloop
  endfacet
  facet normal 0.9733435296644678 0.22935207271859445 0
    outer loop
      vertex 2.5950837563927998 -5.180456140621503 0
      vertex 2.5658239470855664 -5.056280911983586 0
      vertex 2.5658239470855664 -5.056280911983586 7
    endloop
  endfacet
  facet normal 0.9461761802307479 0.3236520291361561 0
    outer loop
      vertex 2.6363739725315583 -5.301165468758103 0
      vertex 2.5950837563927998 -5.180456140621503 0
      vertex 2.5950837563927998 -5.180456140621503 7
    endloop
  endfacet
  facet normal 0.9911370488238183 0.13284333046416757 0
    outer loop
      vertex 2.5658239470855664 -5.056280911983586 0
      vertex 2.5488763325685246 -4.929835658177221 0
      vertex 2.5488763325685246 -4.929835658177221 7
    endloop
  endfacet
  facet normal 0.999385376392372 0.03505523431781502 0
    outer loop
      vertex 2.5488763325685246 -4.929835658177221 0
      vertex 2.544404127633982 -4.802338116118568 0
      vertex 2.544404127633982 -4.802338116118568 7
    endloop
  endfacet
  facet normal 0.9980090764666483 -0.06307046289815581 0
    outer loop
      vertex 2.544404127633982 -4.802338116118568 0
      vertex 2.5524504020602143 -4.675016156834898 0
      vertex 2.5524504020602143 -4.675016156834898 7
    endloop
  endfacet
  facet normal 0.987021403567294 -0.16058875707859754 0
    outer loop
      vertex 2.5524504020602143 -4.675016156834898 0
      vertex 2.5729376658259557 -4.549095960395378 0
      vertex 2.5729376658259557 -4.549095960395378 7
    endloop
  endfacet
  facet normal 0.9665281749908033 -0.25656049374162615 0
    outer loop
      vertex 2.5729376658259557 -4.549095960395378 0
      vertex 2.6056686153816644 -4.4257902071267 0
      vertex 2.6056686153816644 -4.4257902071267 7
    endloop
  endfacet
  facet normal 0.936726751731106 -0.3500614125996906 0
    outer loop
      vertex 2.6056686153816644 -4.4257902071267 0
      vertex 2.650328033790562 -4.306286398838623 0
      vertex 2.650328033790562 -4.306286398838623 7
    endloop
  endfacet
  facet normal 0.8979041377853066 -0.4401910486913892 0
    outer loop
      vertex 2.650328033790562 -4.306286398838623 0
      vertex 2.7064858264400495 -4.191735422532387 0
      vertex 2.7064858264400495 -4.191735422532387 7
    endloop
  endfacet
  facet normal 0.8504342161483035 -0.5260814043512854 0
    outer loop
      vertex 2.7064858264400495 -4.191735422532387 0
      vertex 2.7736011630879407 -4.083240466729756 0
      vertex 2.7736011630879407 -4.083240466729756 7
    endloop
  endfacet
  facet normal 0.7947741481151627 -0.6069053085019255 0
    outer loop
      vertex 2.7736011630879407 -4.083240466729756 0
      vertex 2.85102768635334 -3.981846397164485 0
      vertex 2.85102768635334 -3.981846397164485 7
    endloop
  endfacet
  facet normal 0.7314599705679321 -0.6818843827635004 0
    outer loop
      vertex 2.85102768635334 -3.981846397164485 0
      vertex 2.938019736491559 -3.8885296941541228 0
      vertex 2.938019736491559 -3.8885296941541228 7
    endloop
  endfacet
  facet normal 0.6611014336474238 -0.7502965376631567 0
    outer loop
      vertex 2.938019736491559 -3.8885296941541228 0
      vertex 3.033739532505076 -3.8041890485607603 0
      vertex 3.033739532505076 -3.8041890485607603 7
    endloop
  endfacet
  facet normal 0.8648542916531282 0.5020229618345817 0
    outer loop
      vertex 2.689296948148896 -5.417246399576998 0
      vertex 2.689296948148896 -5.417246399576998 7
      vertex 2.745399825690964 -5.513896987508343 7
    endloop
  endfacet
  facet normal 0.9098966369488956 0.41483503958692985 0
    outer loop
      vertex 2.689296948148896 -5.417246399576998 0
      vertex 2.6363739725315583 -5.301165468758103 7
      vertex 2.689296948148896 -5.417246399576998 7
    endloop
  endfacet
  facet normal 0.9733435296644678 0.22935207271859445 0
    outer loop
      vertex 2.5950837563927998 -5.180456140621503 0
      vertex 2.5658239470855664 -5.056280911983586 7
      vertex 2.5950837563927998 -5.180456140621503 7
    endloop
  endfacet
  facet normal 0.9461761802307479 0.3236520291361561 0
    outer loop
      vertex 2.6363739725315583 -5.301165468758103 0
      vertex 2.5950837563927998 -5.180456140621503 7
      vertex 2.6363739725315583 -5.301165468758103 7
    endloop
  endfacet
  facet normal 0.9911370488238183 0.13284333046416757 0
    outer loop
      vertex 2.5658239470855664 -5.056280911983586 0
      vertex 2.5488763325685246 -4.929835658177221 7
      vertex 2.5658239470855664 -5.056280911983586 7
    endloop
  endfacet
  facet normal 0.999385376392372 0.03505523431781502 0
    outer loop
      vertex 2.5488763325685246 -4.929835658177221 0
      vertex 2.544404127633982 -4.802338116118568 7
      vertex 2.5488763325685246 -4.929835658177221 7
    endloop
  endfacet
  facet normal 0.9980090764666483 -0.06307046289815581 0
    outer loop
      vertex 2.544404127633982 -4.802338116118568 0
      vertex 2.5524504020602143 -4.675016156834898 7
      vertex 2.544404127633982 -4.802338116118568 7
    endloop
  endfacet
  facet normal 0.987021403567294 -0.16058875707859754 0
    outer loop
      vertex 2.5524504020602143 -4.675016156834898 0
      vertex 2.5729376658259557 -4.549095960395378 7
      vertex 2.5524504020602143 -4.675016156834898 7
    endloop
  endfacet
  facet normal 0.9665281749908033 -0.25656049374162615 0
    outer loop
      vertex 2.5729376658259557 -4.549095960395378 0
      vertex 2.6056686153816644 -4.4257902071267 7
      vertex 2.5729376658259557 -4.549095960395378 7
    endloop
  endfacet
  facet normal 0.936726751731106 -0.3500614125996906 0
    outer loop
      vertex 2.6056686153816644 -4.4257902071267 0
      vertex 2.650328033790562 -4.306286398838623 7
      vertex 2.6056686153816644 -4.4257902071267 7
    endloop
  endfacet
  facet normal 0.8979041377853066 -0.4401910486913892 0
    outer loop
      vertex 2.650328033790562 -4.306286398838623 0
      vertex 2.7064858264400495 -4.191735422532387 7
      vertex 2.650328033790562 -4.306286398838623 7
    endloop
  endfacet
  facet normal 0.8504342161483035 -0.5260814043512854 0
    outer loop
      vertex 2.7064858264400495 -4.191735422532387 0
      vertex 2.7736011630879407 -4.083240466729756 7
      vertex 2.7064858264400495 -4.191735422532387 7
    endloop
  endfacet
  facet normal 0.7947741481151627 -0.6069053085019255 0
    outer loop
      vertex 2.7736011630879407 -4.083240466729756 0
      vertex 2.85102768635334 -3.981846397164485 7
      vertex 2.7736011630879407 -4.083240466729756 7
    endloop
  endfacet
  facet normal 0.7314599705679321 -0.6818843827635004 0
    outer loop
      vertex 2.85102768635334 -3.981846397164485 0
      vertex 2.938019736491559 -3.8885296941541228 7
      vertex 2.85102768635334 -3.981846397164485 7
    endloop
  endfacet
  facet normal 0.6611014336474238 -0.7502965376631567 0
    outer loop
      vertex 2.938019736491559 -3.8885296941541228 0
      vertex 3.033739532505076 -3.8041890485607603 7
      vertex 2.938019736491559 -3.8885296941541228 7
    endloop
  endfacet
  facet normal 0.584376128526108 -0.8114829267512889 0
    outer loop
      vertex 3.033739532505076 -3.8041890485607603 0
      vertex 3.137265240432516 -3.7296367069067458 7
      vertex 3.033739532505076 -3.8041890485607603 7
    endloop
  endfacet
  facet normal 0.584376128526108 -0.8114829267512889 0
    outer loop
      vertex 3.033739532505076 -3.8041890485607603 0
      vertex 3.137265240432516 -3.7296367069067458 0
      vertex 3.137265240432516 -3.7296367069067458 7
    endloop
  endfacet
  facet normal 0.5020229618345786 -0.8648542916531301 0
    outer loop
      vertex 3.137265240432516 -3.7296367069067458 0
      vertex 3.247599851113631 -3.6655906489966648 0
      vertex 3.247599851113631 -3.6655906489966648 7
    endloop
  endfacet
  facet normal 0.41483503958692575 -0.9098966369488976 0
    outer loop
      vertex 3.247599851113631 -3.6655906489966648 0
      vertex 3.3636807819325263 -3.6126676733793275 0
      vertex 3.3636807819325263 -3.6126676733793275 7
    endloop
  endfacet
  facet normal 0.32365202913615293 -0.946176180230749 0
    outer loop
      vertex 3.3636807819325263 -3.6126676733793275 0
      vertex 3.4843901100691257 -3.5713774572405694 0
      vertex 3.4843901100691257 -3.5713774572405694 7
    endloop
  endfacet
  facet normal 0.22935207271859678 -0.9733435296644671 0
    outer loop
      vertex 3.4843901100691257 -3.5713774572405694 0
      vertex 3.608565338707042 -3.542117647933336 0
      vertex 3.608565338707042 -3.542117647933336 7
    endloop
  endfacet
  facet normal 0.1328433304641662 -0.9911370488238185 0
    outer loop
      vertex 3.608565338707042 -3.542117647933336 0
      vertex 3.735010592513408 -3.5251700334162943 0
      vertex 3.735010592513408 -3.5251700334162943 7
    endloop
  endfacet
  facet normal 0.03505523431781502 -0.999385376392372 0
    outer loop
      vertex 3.735010592513408 -3.5251700334162943 0
      vertex 3.862508134572061 -3.520697828481752 0
      vertex 3.862508134572061 -3.520697828481752 7
    endloop
  endfacet
  facet normal -0.06307046289815256 -0.9980090764666485 0
    outer loop
      vertex 3.862508134572061 -3.520697828481752 0
      vertex 3.9898300938557303 -3.5287441029079836 0
      vertex 3.9898300938557303 -3.5287441029079836 7
    endloop
  endfacet
  facet normal -0.160588757078597 -0.9870214035672942 0
    outer loop
      vertex 3.9898300938557303 -3.5287441029079836 0
      vertex 4.115750290295251 -3.549231366673725 0
      vertex 4.115750290295251 -3.549231366673725 7
    endloop
  endfacet
  facet normal -0.25656049374162615 -0.9665281749908033 0
    outer loop
      vertex 4.115750290295251 -3.549231366673725 0
      vertex 4.239056043563929 -3.5819623162294336 0
      vertex 4.239056043563929 -3.5819623162294336 7
    endloop
  endfacet
  facet normal -0.44019104869139203 -0.8979041377853053 0
    outer loop
      vertex 4.358559851852006 -3.626621734638331 0
      vertex 4.473110828158242 -3.682779527287819 0
      vertex 4.473110828158242 -3.682779527287819 7
    endloop
  endfacet
  facet normal -0.5260814043512879 -0.850434216148302 0
    outer loop
      vertex 4.473110828158242 -3.682779527287819 0
      vertex 4.581605783960873 -3.749894863935711 0
      vertex 4.581605783960873 -3.749894863935711 7
    endloop
  endfacet
  facet normal -0.3500614125996906 -0.936726751731106 0
    outer loop
      vertex 4.239056043563929 -3.5819623162294336 0
      vertex 4.358559851852006 -3.626621734638331 0
      vertex 4.358559851852006 -3.626621734638331 7
    endloop
  endfacet
  facet normal -0.6818843827635028 -0.7314599705679299 0
    outer loop
      vertex 4.769092803406998 -3.90757928285084 0
      vertex 4.682999853526144 -3.82732138720111 7
      vertex 4.682999853526144 -3.82732138720111 0
    endloop
  endfacet
  facet normal -0.606905308501925 -0.7947741481151632 0
    outer loop
      vertex 4.581605783960873 -3.749894863935711 0
      vertex 4.682999853526144 -3.82732138720111 0
      vertex 4.682999853526144 -3.82732138720111 7
    endloop
  endfacet
  facet normal 0.5020229618345786 -0.8648542916531301 0
    outer loop
      vertex 3.137265240432516 -3.7296367069067458 0
      vertex 3.247599851113631 -3.6655906489966648 7
      vertex 3.137265240432516 -3.7296367069067458 7
    endloop
  endfacet
  facet normal 0.41483503958692575 -0.9098966369488976 0
    outer loop
      vertex 3.247599851113631 -3.6655906489966648 0
      vertex 3.3636807819325263 -3.6126676733793275 7
      vertex 3.247599851113631 -3.6655906489966648 7
    endloop
  endfacet
  facet normal 0.32365202913615293 -0.946176180230749 0
    outer loop
      vertex 3.3636807819325263 -3.6126676733793275 0
      vertex 3.4843901100691257 -3.5713774572405694 7
      vertex 3.3636807819325263 -3.6126676733793275 7
    endloop
  endfacet
  facet normal 0.22935207271859678 -0.9733435296644671 0
    outer loop
      vertex 3.4843901100691257 -3.5713774572405694 0
      vertex 3.608565338707042 -3.542117647933336 7
      vertex 3.4843901100691257 -3.5713774572405694 7
    endloop
  endfacet
  facet normal 0.1328433304641662 -0.9911370488238185 0
    outer loop
      vertex 3.608565338707042 -3.542117647933336 0
      vertex 3.735010592513408 -3.5251700334162943 7
      vertex 3.608565338707042 -3.542117647933336 7
    endloop
  endfacet
  facet normal 0.03505523431781502 -0.999385376392372 0
    outer loop
      vertex 3.735010592513408 -3.5251700334162943 0
      vertex 3.862508134572061 -3.520697828481752 7
      vertex 3.735010592513408 -3.5251700334162943 7
    endloop
  endfacet
  facet normal -0.06307046289815256 -0.9980090764666485 0
    outer loop
      vertex 3.862508134572061 -3.520697828481752 0
      vertex 3.9898300938557303 -3.5287441029079836 7
      vertex 3.862508134572061 -3.520697828481752 7
    endloop
  endfacet
  facet normal -0.160588757078597 -0.9870214035672942 0
    outer loop
      vertex 3.9898300938557303 -3.5287441029079836 0
      vertex 4.115750290295251 -3.549231366673725 7
      vertex 3.9898300938557303 -3.5287441029079836 7
    endloop
  endfacet
  facet normal -0.25656049374162615 -0.9665281749908033 0
    outer loop
      vertex 4.115750290295251 -3.549231366673725 0
      vertex 4.239056043563929 -3.5819623162294336 7
      vertex 4.115750290295251 -3.549231366673725 7
    endloop
  endfacet
  facet normal -0.44019104869139203 -0.8979041377853053 0
    outer loop
      vertex 4.358559851852006 -3.626621734638331 0
      vertex 4.473110828158242 -3.682779527287819 7
      vertex 4.358559851852006 -3.626621734638331 7
    endloop
  endfacet
  facet normal -0.5260814043512879 -0.850434216148302 0
    outer loop
      vertex 4.473110828158242 -3.682779527287819 0
      vertex 4.581605783960873 -3.749894863935711 7
      vertex 4.473110828158242 -3.682779527287819 7
    endloop
  endfacet
  facet normal -0.606905308501925 -0.7947741481151632 0
    outer loop
      vertex 4.581605783960873 -3.749894863935711 0
      vertex 4.682999853526144 -3.82732138720111 7
      vertex 4.581605783960873 -3.749894863935711 7
    endloop
  endfacet
  facet normal -0.3500614125996906 -0.936726751731106 0
    outer loop
      vertex 4.239056043563929 -3.5819623162294336 0
      vertex 4.358559851852006 -3.626621734638331 7
      vertex 4.239056043563929 -3.5819623162294336 7
    endloop
  endfacet
  facet normal -0.6818843827635007 -0.7314599705679317 4.6404782909494696e-17
    outer loop
      vertex 4.769092803406998 -3.90757928285084 0
      vertex 4.769092803406998 -3.9075792828508398 7
      vertex 4.682999853526144 -3.82732138720111 7
    endloop
  endfacet
  facet normal 0.7120479293641547 0.7021308612276062 0
    outer loop
      vertex 4.585805354736551 -3.5414650606869444 0
      vertex 4.585805354736551 -3.5414650606869444 7
      vertex 4.675380368664809 -3.632305254036181 0
    endloop
  endfacet
  facet normal 0.7774400831164335 0.6289570074050473 0
    outer loop
      vertex 4.585805354736551 -3.5414650606869444 0
      vertex 4.505565564962775 -3.4422824009876054 0
      vertex 4.505565564962775 -3.4422824009876054 7
    endloop
  endfacet
  facet normal 0.8353450638763175 0.5497259537783087 0
    outer loop
      vertex 4.505565564962775 -3.4422824009876054 0
      vertex 4.435433752382535 -3.3357124581698274 0
      vertex 4.435433752382535 -3.3357124581698274 7
    endloop
  endfacet
  facet normal 0.6397983648071115 0.7685428110327662 0
    outer loop
      vertex 4.773427950396738 -3.713928140315063 0
      vertex 4.675380368664809 -3.632305254036181 0
      vertex 4.675380368664809 -3.632305254036181 7
    endloop
  endfacet
  facet normal 0.561387192247606 0.8275532734394503 0
    outer loop
      vertex 4.773427950396738 -3.713928140315063 0
      vertex 4.86609316864639 -3.776789430774317 7
      vertex 4.86609316864639 -3.776789430774317 0
    endloop
  endfacet
  facet normal 0.8852052150250105 0.46520073870591044 0
    outer loop
      vertex 4.435433752382535 -3.3357124581698274 0
      vertex 4.376085324688925 -3.2227815590400013 7
      vertex 4.435433752382535 -3.3357124581698274 7
    endloop
  endfacet
  facet normal 0.7774400831164335 0.6289570074050473 0
    outer loop
      vertex 4.585805354736551 -3.5414650606869444 0
      vertex 4.505565564962775 -3.4422824009876054 7
      vertex 4.585805354736551 -3.5414650606869444 7
    endloop
  endfacet
  facet normal 0.8353450638763175 0.5497259537783087 0
    outer loop
      vertex 4.505565564962775 -3.4422824009876054 0
      vertex 4.435433752382535 -3.3357124581698274 7
      vertex 4.505565564962775 -3.4422824009876054 7
    endloop
  endfacet
  facet normal 0.561387192247606 0.8275532734394503 0
    outer loop
      vertex 4.773427950396738 -3.713928140315063 0
      vertex 4.773427950396738 -3.713928140315063 7
      vertex 4.86609316864639 -3.776789430774317 7
    endloop
  endfacet
  facet normal 0.6397983648071115 0.7685428110327662 0
    outer loop
      vertex 4.773427950396738 -3.713928140315063 0
      vertex 4.675380368664809 -3.632305254036181 7
      vertex 4.773427950396738 -3.713928140315063 7
    endloop
  endfacet
  facet normal 0.7120479293641547 0.7021308612276062 0
    outer loop
      vertex 4.675380368664809 -3.632305254036181 0
      vertex 4.585805354736551 -3.5414650606869444 7
      vertex 4.675380368664809 -3.632305254036181 7
    endloop
  endfacet
  facet normal 0.8852052150250105 0.46520073870591044 0
    outer loop
      vertex 4.376085324688925 -3.2227815590400013 0
      vertex 4.376085324688925 -3.2227815590400013 7
      vertex 4.435433752382535 -3.3357124581698274 0
    endloop
  endfacet
  facet normal 0.9265403560506219 0.3761953862151777 0
    outer loop
      vertex 4.328091839683788 -3.1045772898910564 0
      vertex 4.328091839683788 -3.1045772898910564 7
      vertex 4.376085324688925 -3.2227815590400013 0
    endloop
  endfacet
  facet normal 0.9589524069489858 0.2835670665058739 0
    outer loop
      vertex 4.328091839683788 -3.1045772898910564 0
      vertex 4.29191550086363 -2.9822380224519236 0
      vertex 4.29191550086363 -2.9822380224519236 7
    endloop
  endfacet
  facet normal 0.9821292219517179 0.18820784093260656 0
    outer loop
      vertex 4.29191550086363 -2.9822380224519236 0
      vertex 4.267904706147286 -2.856941950745488 0
      vertex 4.267904706147286 -2.856941950745488 7
    endloop
  endfacet
  facet normal 0.9958475956606138 0.09103607096626475 0
    outer loop
      vertex 4.267904706147286 -2.856941950745488 0
      vertex 4.256290692613513 -2.7298957444360834 0
      vertex 4.256290692613513 -2.7298957444360834 7
    endloop
  endfacet
  facet normal 0.9999754126376246 -0.007012426128840762 0
    outer loop
      vertex 4.256290692613513 -2.7298957444360834 0
      vertex 4.257185309561504 -2.60232292794099 0
      vertex 4.257185309561504 -2.60232292794099 7
    endloop
  endfacet
  facet normal 0.9944729197487704 -0.10499338972695191 0
    outer loop
      vertex 4.257185309561504 -2.60232292794099 0
      vertex 4.270579941341004 -2.47545209722145 0
      vertex 4.270579941341004 -2.47545209722145 7
    endloop
  endfacet
  facet normal 0.9793931090085367 -0.2019632095867772 0
    outer loop
      vertex 4.270579941341004 -2.47545209722145 0
      vertex 4.296345590325727 -2.350505087731944 0
      vertex 4.296345590325727 -2.350505087731944 7
    endloop
  endfacet
  facet normal 0.9548812072378225 -0.2969880133339366 0
    outer loop
      vertex 4.296345590325727 -2.350505087731944 0
      vertex 4.334234119231009 -2.2286852074768393 0
      vertex 4.334234119231009 -2.2286852074768393 7
    endloop
  endfacet
  facet normal 0.921173277450234 -0.3891526601625563 0
    outer loop
      vertex 4.334234119231009 -2.2286852074768393 0
      vertex 4.383880640811522 -2.1111656484965136 0
      vertex 4.383880640811522 -2.1111656484965136 7
    endloop
  endfacet
  facet normal 0.878593945436274 -0.4775695541413014 0
    outer loop
      vertex 4.383880640811522 -2.1111656484965136 0
      vertex 4.44480703192489 -1.9990781883866717 0
      vertex 4.44480703192489 -1.9990781883866717 7
    endloop
  endfacet
  facet normal 0.8275532734394475 -0.56138719224761 0
    outer loop
      vertex 4.44480703192489 -1.9990781883866717 0
      vertex 4.516426538118942 -1.8935022906614116 0
      vertex 4.516426538118942 -1.8935022906614116 7
    endloop
  endfacet
  facet normal 0.7685428110327669 -0.6397983648071106 0
    outer loop
      vertex 4.516426538118942 -1.8935022906614116 0
      vertex 4.598049424397824 -1.7954547089294828 0
      vertex 4.598049424397824 -1.7954547089294828 7
    endloop
  endfacet
  facet normal 0.7021308612276053 -0.7120479293641555 0
    outer loop
      vertex 4.598049424397824 -1.7954547089294828 0
      vertex 4.688889617747061 -1.705879695001224 0
      vertex 4.688889617747061 -1.705879695001224 7
    endloop
  endfacet
  facet normal 0.6289570074050491 -0.7774400831164322 0
    outer loop
      vertex 4.688889617747061 -1.705879695001224 0
      vertex 4.7880722774464 -1.6256399052274482 0
      vertex 4.7880722774464 -1.6256399052274482 7
    endloop
  endfacet
  facet normal 0.5497259537783111 -0.8353450638763159 0
    outer loop
      vertex 4.7880722774464 -1.6256399052274482 0
      vertex 4.894642220264178 -1.5555080926472074 0
      vertex 4.894642220264178 -1.5555080926472074 7
    endloop
  endfacet
  facet normal 0.4652007387059078 -0.885205215025012 0
    outer loop
      vertex 4.894642220264178 -1.5555080926472074 0
      vertex 5.007573119394004 -1.4961596649535984 0
      vertex 5.007573119394004 -1.4961596649535984 7
    endloop
  endfacet
  facet normal 0.3761953862151759 -0.9265403560506227 0
    outer loop
      vertex 5.007573119394004 -1.4961596649535984 0
      vertex 5.125777388542948 -1.4481661799484615 0
      vertex 5.125777388542948 -1.4481661799484615 7
    endloop
  endfacet
  facet normal 0.28356706650587615 -0.9589524069489852 0
    outer loop
      vertex 5.125777388542948 -1.4481661799484615 0
      vertex 5.2481166559820815 -1.4119898411283032 0
      vertex 5.2481166559820815 -1.4119898411283032 7
    endloop
  endfacet
  facet normal 0.18820784093259918 -0.9821292219517191 0
    outer loop
      vertex 5.2481166559820815 -1.4119898411283032 0
      vertex 5.3734127276885175 -1.3879790464119601 0
      vertex 5.3734127276885175 -1.3879790464119601 7
    endloop
  endfacet
  facet normal 0.09103607096627368 -0.9958475956606129 0
    outer loop
      vertex 5.3734127276885175 -1.3879790464119601 0
      vertex 5.500458933997922 -1.376365032878186 0
      vertex 5.500458933997922 -1.376365032878186 7
    endloop
  endfacet
  facet normal -0.007012426128845934 -0.9999754126376246 0
    outer loop
      vertex 5.500458933997922 -1.376365032878186 0
      vertex 5.628031750493016 -1.3772596498261778 0
      vertex 5.628031750493016 -1.3772596498261778 7
    endloop
  endfacet
  facet normal -0.10499338972695609 -0.9944729197487701 0
    outer loop
      vertex 5.628031750493016 -1.3772596498261778 0
      vertex 5.754902581212555 -1.390654281605678 0
      vertex 5.754902581212555 -1.390654281605678 7
    endloop
  endfacet
  facet normal -0.20196320958676953 -0.9793931090085383 0
    outer loop
      vertex 5.754902581212555 -1.390654281605678 0
      vertex 5.879849590702061 -1.4164199305903995 0
      vertex 5.879849590702061 -1.4164199305903995 7
    endloop
  endfacet
  facet normal -0.29698801333394204 -0.9548812072378208 0
    outer loop
      vertex 5.879849590702061 -1.4164199305903995 0
      vertex 5.985543304982484 -1.4492928848260676 0
      vertex 5.879849590702061 -1.4164199305903995 7
    endloop
  endfacet
  facet normal 0.9265403560506219 0.3761953862151777 0
    outer loop
      vertex 4.376085324688925 -3.2227815590400013 0
      vertex 4.328091839683788 -3.1045772898910564 7
      vertex 4.376085324688925 -3.2227815590400013 7
    endloop
  endfacet
  facet normal 0.9589524069489858 0.2835670665058739 0
    outer loop
      vertex 4.328091839683788 -3.1045772898910564 0
      vertex 4.29191550086363 -2.9822380224519236 7
      vertex 4.328091839683788 -3.1045772898910564 7
    endloop
  endfacet
  facet normal 0.9821292219517179 0.18820784093260656 0
    outer loop
      vertex 4.29191550086363 -2.9822380224519236 0
      vertex 4.267904706147286 -2.856941950745488 7
      vertex 4.29191550086363 -2.9822380224519236 7
    endloop
  endfacet
  facet normal 0.9958475956606138 0.09103607096626475 0
    outer loop
      vertex 4.267904706147286 -2.856941950745488 0
      vertex 4.256290692613513 -2.7298957444360834 7
      vertex 4.267904706147286 -2.856941950745488 7
    endloop
  endfacet
  facet normal 0.9999754126376246 -0.007012426128840762 0
    outer loop
      vertex 4.256290692613513 -2.7298957444360834 0
      vertex 4.257185309561504 -2.60232292794099 7
      vertex 4.256290692613513 -2.7298957444360834 7
    endloop
  endfacet
  facet normal 0.9944729197487704 -0.10499338972695191 0
    outer loop
      vertex 4.257185309561504 -2.60232292794099 0
      vertex 4.270579941341004 -2.47545209722145 7
      vertex 4.257185309561504 -2.60232292794099 7
    endloop
  endfacet
  facet normal 0.9793931090085367 -0.2019632095867772 0
    outer loop
      vertex 4.270579941341004 -2.47545209722145 0
      vertex 4.296345590325727 -2.350505087731944 7
      vertex 4.270579941341004 -2.47545209722145 7
    endloop
  endfacet
  facet normal 0.9548812072378225 -0.2969880133339366 0
    outer loop
      vertex 4.296345590325727 -2.350505087731944 0
      vertex 4.334234119231009 -2.2286852074768393 7
      vertex 4.296345590325727 -2.350505087731944 7
    endloop
  endfacet
  facet normal 0.921173277450234 -0.3891526601625563 0
    outer loop
      vertex 4.334234119231009 -2.2286852074768393 0
      vertex 4.383880640811522 -2.1111656484965136 7
      vertex 4.334234119231009 -2.2286852074768393 7
    endloop
  endfacet
  facet normal 0.878593945436274 -0.4775695541413014 0
    outer loop
      vertex 4.383880640811522 -2.1111656484965136 0
      vertex 4.44480703192489 -1.9990781883866717 7
      vertex 4.383880640811522 -2.1111656484965136 7
    endloop
  endfacet
  facet normal 0.8275532734394475 -0.56138719224761 0
    outer loop
      vertex 4.44480703192489 -1.9990781883866717 0
      vertex 4.516426538118942 -1.8935022906614116 7
      vertex 4.44480703192489 -1.9990781883866717 7
    endloop
  endfacet
  facet normal 0.7685428110327669 -0.6397983648071106 0
    outer loop
      vertex 4.516426538118942 -1.8935022906614116 0
      vertex 4.598049424397824 -1.7954547089294828 7
      vertex 4.516426538118942 -1.8935022906614116 7
    endloop
  endfacet
  facet normal 0.7021308612276053 -0.7120479293641555 0
    outer loop
      vertex 4.598049424397824 -1.7954547089294828 0
      vertex 4.688889617747061 -1.705879695001224 7
      vertex 4.598049424397824 -1.7954547089294828 7
    endloop
  endfacet
  facet normal 0.6289570074050491 -0.7774400831164322 0
    outer loop
      vertex 4.688889617747061 -1.705879695001224 0
      vertex 4.7880722774464 -1.6256399052274482 7
      vertex 4.688889617747061 -1.705879695001224 7
    endloop
  endfacet
  facet normal 0.5497259537783111 -0.8353450638763159 0
    outer loop
      vertex 4.7880722774464 -1.6256399052274482 0
      vertex 4.894642220264178 -1.5555080926472074 7
      vertex 4.7880722774464 -1.6256399052274482 7
    endloop
  endfacet
  facet normal 0.4652007387059078 -0.885205215025012 0
    outer loop
      vertex 4.894642220264178 -1.5555080926472074 0
      vertex 5.007573119394004 -1.4961596649535984 7
      vertex 4.894642220264178 -1.5555080926472074 7
    endloop
  endfacet
  facet normal 0.3761953862151759 -0.9265403560506227 0
    outer loop
      vertex 5.007573119394004 -1.4961596649535984 0
      vertex 5.125777388542948 -1.4481661799484615 7
      vertex 5.007573119394004 -1.4961596649535984 7
    endloop
  endfacet
  facet normal 0.28356706650587615 -0.9589524069489852 0
    outer loop
      vertex 5.125777388542948 -1.4481661799484615 0
      vertex 5.2481166559820815 -1.4119898411283032 7
      vertex 5.125777388542948 -1.4481661799484615 7
    endloop
  endfacet
  facet normal 0.18820784093259918 -0.9821292219517191 0
    outer loop
      vertex 5.2481166559820815 -1.4119898411283032 0
      vertex 5.3734127276885175 -1.3879790464119601 7
      vertex 5.2481166559820815 -1.4119898411283032 7
    endloop
  endfacet
  facet normal 0.09103607096627368 -0.9958475956606129 0
    outer loop
      vertex 5.3734127276885175 -1.3879790464119601 0
      vertex 5.500458933997922 -1.376365032878186 7
      vertex 5.3734127276885175 -1.3879790464119601 7
    endloop
  endfacet
  facet normal -0.007012426128845934 -0.9999754126376246 0
    outer loop
      vertex 5.500458933997922 -1.376365032878186 0
      vertex 5.628031750493016 -1.3772596498261778 7
      vertex 5.500458933997922 -1.376365032878186 7
    endloop
  endfacet
  facet normal -0.10499338972695609 -0.9944729197487701 0
    outer loop
      vertex 5.628031750493016 -1.3772596498261778 0
      vertex 5.754902581212555 -1.390654281605678 7
      vertex 5.628031750493016 -1.3772596498261778 7
    endloop
  endfacet
  facet normal -0.20196320958676953 -0.9793931090085383 0
    outer loop
      vertex 5.754902581212555 -1.390654281605678 0
      vertex 5.879849590702061 -1.4164199305903995 7
      vertex 5.754902581212555 -1.390654281605678 7
    endloop
  endfacet
  facet normal -0.29698801333394204 -0.9548812072378208 0
    outer loop
      vertex 5.985543304982484 -1.4492928848260676 0
      vertex 5.985543304982484 -1.4492928848260676 7
      vertex 5.879849590702061 -1.4164199305903995 7
    endloop
  endfacet
  facet normal 0 0 -1
    outer loop
      vertex -4.769092803406999 -3.9075792828508384 0
      vertex -4.86609316864639 -3.776789430774317 0
      vertex -4.773427950396738 -3.713928140315063 0
    endloop
  endfacet
  facet normal 0 0 -1
    outer loop
      vertex -4.769092803406999 -3.9075792828508384 0
      vertex -4.773427950396738 -3.713928140315063 0
      vertex -4.675380368664809 -3.632305254036181 0
    endloop
  endfacet
  facet normal 0 0 -1
    outer loop
      vertex -4.769092803406999 -3.9075792828508384 0
      vertex -4.675380368664809 -3.632305254036181 0
      vertex -4.6829998535261455 -3.827321387201107 0
    endloop
  endfacet
  facet normal 0 0 -1
    outer loop
      vertex -4.6829998535261455 -3.827321387201107 0
      vertex -4.675380368664809 -3.632305254036181 0
      vertex -4.581605783960875 -3.7498948639357086 0
    endloop
  endfacet
  facet normal -0.8032075314806438 -0.5956993044924348 0
    outer loop
      vertex -4.769092803406999 -3.9075792828508384 0
      vertex -4.769092803406999 -3.9075792828508384 7
      vertex -4.86609316864639 -3.776789430774317 0
    endloop
  endfacet
  facet normal 0 0 -1
    outer loop
      vertex -4.675380368664809 -3.632305254036181 0
      vertex -4.585805354736551 -3.5414650606869444 0
      vertex -4.581605783960875 -3.7498948639357086 0
    endloop
  endfacet
  facet normal 0 0 -1
    outer loop
      vertex -4.581605783960875 -3.7498948639357086 0
      vertex -4.585805354736551 -3.5414650606869444 0
      vertex -4.4731108281582435 -3.682779527287818 0
    endloop
  endfacet
  facet normal 0 0 -1
    outer loop
      vertex -4.4731108281582435 -3.682779527287818 0
      vertex -4.585805354736551 -3.5414650606869444 0
      vertex -4.505565564962775 -3.4422824009876054 0
    endloop
  endfacet
  facet normal 0 0 -1
    outer loop
      vertex -4.4731108281582435 -3.682779527287818 0
      vertex -4.505565564962775 -3.4422824009876054 0
      vertex -4.435433752382535 -3.3357124581698274 0
    endloop
  endfacet
  facet normal 0 0 -1
    outer loop
      vertex -4.4731108281582435 -3.682779527287818 0
      vertex -4.328091839683788 -3.1045772898910564 0
      vertex -4.358559851852007 -3.62662173463833 0
    endloop
  endfacet
  facet normal 0 0 -1
    outer loop
      vertex -4.4731108281582435 -3.682779527287818 0
      vertex -4.435433752382535 -3.3357124581698274 0
      vertex -4.376085324688925 -3.2227815590400013 0
    endloop
  endfacet
  facet normal 0 0 -1
    outer loop
      vertex -4.4731108281582435 -3.682779527287818 0
      vertex -4.376085324688925 -3.2227815590400013 0
      vertex -4.328091839683788 -3.1045772898910564 0
    endloop
  endfacet
  facet normal 0 0 -1
    outer loop
      vertex -4.358559851852007 -3.62662173463833 0
      vertex -4.29191550086363 -2.9822380224519236 0
      vertex -4.239056043563931 -3.5819623162294327 0
    endloop
  endfacet
  facet normal 0 0 -1
    outer loop
      vertex -4.239056043563931 -3.5819623162294327 0
      vertex -4.29191550086363 -2.9822380224519236 0
      vertex -4.115750290295252 -3.549231366673724 0
    endloop
  endfacet
  facet normal 0 0 -1
    outer loop
      vertex -4.115750290295252 -3.549231366673724 0
      vertex -4.29191550086363 -2.9822380224519236 0
      vertex -3.9898300938557316 -3.5287441029079822 0
    endloop
  endfacet
  facet normal -0.8032075314806438 -0.5956993044924348 0
    outer loop
      vertex -4.86609316864639 -3.776789430774317 0
      vertex -4.769092803406999 -3.9075792828508384 7
      vertex -4.86609316864639 -3.776789430774317 7
    endloop
  endfacet
  facet normal 0 0 -1
    outer loop
      vertex -5.985543304982484 -1.4492928848260676 0
      vertex -6.025002015059204 -1.2917648839808975 0
      vertex -5.912123004816533 -1.2750208645241996 0
    endloop
  endfacet
  facet normal 0 0 -1
    outer loop
      vertex -5.985543304982484 -1.4492928848260676 0
      vertex -5.788370343006699 -1.2440224364518715 0
      vertex -5.879849590702061 -1.4164199305903995 0
    endloop
  endfacet
  facet normal 0 0 -1
    outer loop
      vertex -5.985543304982484 -1.4492928848260676 0
      vertex -5.912123004816533 -1.2750208645241996 0
      vertex -5.788370343006699 -1.2440224364518715 0
    endloop
  endfacet
  facet normal 0 0 -1
    outer loop
      vertex -5.879849590702061 -1.4164199305903995 0
      vertex -5.788370343006699 -1.2440224364518715 0
      vertex -5.754902581212555 -1.390654281605678 0
    endloop
  endfacet
  facet normal 0 0 -1
    outer loop
      vertex -5.754902581212555 -1.390654281605678 0
      vertex -5.552924665563703 -1.1464976436528616 0
      vertex -5.628031750493016 -1.3772596498261778 0
    endloop
  endfacet
  facet normal 0 0 -1
    outer loop
      vertex -5.788370343006699 -1.2440224364518715 0
      vertex -5.668251961362883 -1.2010433922646728 0
      vertex -5.754902581212555 -1.390654281605678 0
    endloop
  endfacet
  facet normal 0 0 -1
    outer loop
      vertex -5.754902581212555 -1.390654281605678 0
      vertex -5.668251961362883 -1.2010433922646728 0
      vertex -5.552924665563703 -1.1464976436528616 0
    endloop
  endfacet
  facet normal 0 0 -1
    outer loop
      vertex -5.628031750493016 -1.3772596498261778 0
      vertex -5.552924665563703 -1.1464976436528616 0
      vertex -5.500458933997922 -1.376365032878186 0
    endloop
  endfacet
  facet normal 0 0 -1
    outer loop
      vertex -5.500458933997922 -1.376365032878186 0
      vertex -5.552924665563703 -1.1464976436528616 0
      vertex -5.443499120512017 -1.080910495993309 0
    endloop
  endfacet
  facet normal 0 0 -1
    outer loop
      vertex -5.500458933997922 -1.376365032878186 0
      vertex -5.341029154024761 -1.0049135893715582 0
      vertex -5.3734127276885175 -1.3879790464119601 0
    endloop
  endfacet
  facet normal 0 0 -1
    outer loop
      vertex -5.500458933997922 -1.376365032878186 0
      vertex -5.443499120512017 -1.080910495993309 0
      vertex -5.341029154024761 -1.0049135893715582 0
    endloop
  endfacet
  facet normal 0 0 -1
    outer loop
      vertex -5.3734127276885175 -1.3879790464119601 0
      vertex -5.341029154024761 -1.0049135893715582 0
      vertex -5.2481166559820815 -1.4119898411283032 0
    endloop
  endfacet
  facet normal 0 0 -1
    outer loop
      vertex -5.2481166559820815 -1.4119898411283032 0
      vertex -5.084829927444191 -0.7222413029254828 0
      vertex -5.125777388542948 -1.4481661799484615 0
    endloop
  endfacet
  facet normal 0 0 -1
    outer loop
      vertex -5.125777388542948 -1.4481661799484615 0
      vertex -4.964697031172827 -0.4974884620746167 0
      vertex -5.007573119394004 -1.4961596649535984 0
    endloop
  endfacet
  facet normal 0 0 -1
    outer loop
      vertex -4.894642220264178 -1.5555080926472074 0
      vertex -5.007573119394004 -1.4961596649535984 0
      vertex -4.964697031172827 -0.4974884620746167 0
    endloop
  endfacet
  facet normal 0 0 -1
    outer loop
      vertex -4.894642220264178 -1.5555080926472074 0
      vertex -4.964697031172827 -0.4974884620746167 0
      vertex -4.7880722774464 -1.6256399052274482 0
    endloop
  endfacet
  facet normal 0 0 -1
    outer loop
      vertex -4.7880722774464 -1.6256399052274482 0
      vertex -4.964697031172827 -0.4974884620746167 0
      vertex -4.688889617747061 -1.705879695001224 0
    endloop
  endfacet
  facet normal 0 0 -1
    outer loop
      vertex -5.2481166559820815 -1.4119898411283032 0
      vertex -5.341029154024761 -1.0049135893715582 0
      vertex -5.246501607894988 -0.9192388155425119 0
    endloop
  endfacet
  facet normal 0 0 -1
    outer loop
      vertex -5.2481166559820815 -1.4119898411283032 0
      vertex -5.246501607894988 -0.9192388155425119 0
      vertex -5.160826834065942 -0.8247112694127392 0
    endloop
  endfacet
  facet normal 0 0 -1
    outer loop
      vertex -5.2481166559820815 -1.4119898411283032 0
      vertex -5.160826834065942 -0.8247112694127392 0
      vertex -5.084829927444191 -0.7222413029254828 0
    endloop
  endfacet
  facet normal 0 0 -1
    outer loop
      vertex -5.125777388542948 -1.4481661799484615 0
      vertex -5.084829927444191 -0.7222413029254828 0
      vertex -5.019242779784638 -0.6128157578737969 0
    endloop
  endfacet
  facet normal 0 0 -1
    outer loop
      vertex -5.125777388542948 -1.4481661799484615 0
      vertex -5.019242779784638 -0.6128157578737969 0
      vertex -4.964697031172827 -0.4974884620746167 0
    endloop
  endfacet
  facet normal 0 0 -1
    outer loop
      vertex -4.688889617747061 -1.705879695001224 0
      vertex -4.964697031172827 -0.4974884620746167 0
      vertex -4.9217179869856285 -0.37737008043080106 0
    endloop
  endfacet
  facet normal 0 0 -1
    outer loop
      vertex -4.688889617747061 -1.705879695001224 0
      vertex -4.9217179869856285 -0.37737008043080106 0
      vertex -4.8907195589133 -0.2536174186209667 0
    endloop
  endfacet
  facet normal 0 0 -1
    outer loop
      vertex -4.688889617747061 -1.705879695001224 0
      vertex -4.8907195589133 -0.2536174186209667 0
      vertex -4.872000278763643 -0.1274222824284288 0
    endloop
  endfacet
  facet normal 0 0 -1
    outer loop
      vertex -4.688889617747061 -1.705879695001224 0
      vertex -4.872000278763643 -0.1274222824284288 0
      vertex -4.8657404234375 0 0
    endloop
  endfacet
  facet normal 0 0 -1
    outer loop
      vertex -4.688889617747061 -1.705879695001224 0
      vertex -4.8657404234375 0 0
      vertex -4.872000278763643 0.1274222824284288 0
    endloop
  endfacet
  facet normal -0.9700312531945443 -0.24298017990326284 0
    outer loop
      vertex -5.985543304982484 -1.4492928848260676 0
      vertex -5.985543304982484 -1.4492928848260676 7
      vertex -6.025002015059204 -1.2917648839808975 0
    endloop
  endfacet
  facet normal 0 0 -1
    outer loop
      vertex -4.358559851852007 -3.62662173463833 0
      vertex -4.328091839683788 -3.1045772898910564 0
      vertex -4.29191550086363 -2.9822380224519236 0
    endloop
  endfacet
  facet normal 0 0 -1
    outer loop
      vertex -3.9898300938557316 -3.5287441029079822 0
      vertex -4.29191550086363 -2.9822380224519236 0
      vertex -4.267904706147286 -2.856941950745488 0
    endloop
  endfacet
  facet normal 0 0 -1
    outer loop
      vertex -3.9898300938557316 -3.5287441029079822 0
      vertex -4.267904706147286 -2.856941950745488 0
      vertex -4.256290692613513 -2.7298957444360834 0
    endloop
  endfacet
  facet normal 0 0 -1
    outer loop
      vertex -3.9898300938557316 -3.5287441029079822 0
      vertex -4.256290692613513 -2.7298957444360834 0
      vertex -4.257185309561504 -2.60232292794099 0
    endloop
  endfacet
  facet normal 0 0 -1
    outer loop
      vertex -3.9898300938557316 -3.5287441029079822 0
      vertex -4.257185309561504 -2.60232292794099 0
      vertex -4.270579941341004 -2.47545209722145 0
    endloop
  endfacet
  facet normal 0 0 -1
    outer loop
      vertex -3.363680781932528 -3.6126676733793266 0
      vertex -3 0 0
      vertex -3.2475998511136326 -3.665590648996664 0
    endloop
  endfacet
  facet normal 0 0 -1
    outer loop
      vertex -3.2475998511136326 -3.665590648996664 0
      vertex -2.9958886042637216 -0.1570078687288315 0
      vertex -3.1372652404325176 -3.7296367069067444 0
    endloop
  endfacet
  facet normal 0 0 -1
    outer loop
      vertex -3.9898300938557316 -3.5287441029079822 0
      vertex -3.862508134572063 3.5206978284817505 0
      vertex -3.862508134572063 -3.5206978284817505 0
    endloop
  endfacet
  facet normal 0 0 -1
    outer loop
      vertex -4.688889617747061 -1.705879695001224 0
      vertex -4.44480703192489 1.9990781883866717 0
      vertex -4.598049424397824 -1.7954547089294828 0
    endloop
  endfacet
  facet normal 0 0 -1
    outer loop
      vertex -4.598049424397824 -1.7954547089294828 0
      vertex -4.44480703192489 1.9990781883866717 0
      vertex -4.516426538118942 -1.8935022906614116 0
    endloop
  endfacet
  facet normal 0 0 -1
    outer loop
      vertex -4.44480703192489 -1.9990781883866717 0
      vertex -4.516426538118942 -1.8935022906614116 0
      vertex -4.334234119231009 2.2286852074768393 0
    endloop
  endfacet
  facet normal 0 0 -1
    outer loop
      vertex -4.44480703192489 -1.9990781883866717 0
      vertex -4.334234119231009 2.2286852074768393 0
      vertex -4.383880640811522 -2.1111656484965136 0
    endloop
  endfacet
  facet normal 0 0 -1
    outer loop
      vertex -3.9898300938557316 -3.5287441029079822 0
      vertex -4.270579941341004 -2.47545209722145 0
      vertex -3.862508134572063 3.5206978284817505 0
    endloop
  endfacet
  facet normal 0 0 -1
    outer loop
      vertex -4.270579941341004 -2.47545209722145 0
      vertex -4.296345590325727 -2.350505087731944 0
      vertex -3.862508134572063 3.5206978284817505 0
    endloop
  endfacet
  facet normal 0 0 -1
    outer loop
      vertex -3.862508134572063 -3.5206978284817505 0
      vertex -3.484390110069127 3.571377457240568 0
      vertex -3.7350105925134094 -3.5251700334162925 0
    endloop
  endfacet
  facet normal 0 0 -1
    outer loop
      vertex -3.7350105925134094 -3.5251700334162925 0
      vertex -3.363680781932528 3.6126676733793266 0
      vertex -3.6085653387070433 -3.5421176479333343 0
    endloop
  endfacet
  facet normal 0 0 -1
    outer loop
      vertex -3.6085653387070433 -3.5421176479333343 0
      vertex -3.363680781932528 3.6126676733793266 0
      vertex -3.484390110069127 -3.571377457240568 0
    endloop
  endfacet
  facet normal 0 0 -1
    outer loop
      vertex -3.484390110069127 -3.571377457240568 0
      vertex -3.363680781932528 3.6126676733793266 0
      vertex -3.363680781932528 -3.6126676733793266 0
    endloop
  endfacet
  facet normal -0.9700312531945403 -0.24298017990327792 -3.601406832739147e-16
    outer loop
      vertex -6.025002015059204 -1.2917648839808975 0
      vertex -5.985543304982484 -1.4492928848260676 7
      vertex -5.990475643742075 -1.4296018847204213 7
    endloop
  endfacet
  facet normal -0.9700312531945448 -0.24298017990326068 0
    outer loop
      vertex -6.025002015059204 -1.2917648839808975 0
      vertex -5.990475643742075 -1.4296018847204213 7
      vertex -6.025002015059204 -1.2917648839808975 7
    endloop
  endfacet
  facet normal 0 0 -1
    outer loop
      vertex -2.7453998256909657 -5.513896987508342 0
      vertex -2.6892969481488977 -5.417246399576997 0
      vertex -2.598795225578969 -5.583235799344949 0
    endloop
  endfacet
  facet normal 0 0 -1
    outer loop
      vertex -2.6892969481488977 -5.417246399576997 0
      vertex -2.5586245621352264 -5.480174904060201 0
      vertex -2.598795225578969 -5.583235799344949 0
    endloop
  endfacet
  facet normal 0 0 -1
    outer loop
      vertex -2.6892969481488977 -5.417246399576997 0
      vertex -2.6363739725315605 -5.301165468758102 0
      vertex -2.5586245621352264 -5.480174904060201 0
    endloop
  endfacet
  facet normal 0 0 -1
    outer loop
      vertex -2.5586245621352264 -5.480174904060201 0
      vertex -2.6363739725315605 -5.301165468758102 0
      vertex -2.5008657714882485 -5.366422779020828 0
    endloop
  endfacet
  facet normal 0 0 -1
    outer loop
      vertex -2.6363739725315605 -5.301165468758102 0
      vertex -2.5950837563928024 -5.180456140621502 0
      vertex -2.5008657714882485 -5.366422779020828 0
    endloop
  endfacet
  facet normal 0 0 -1
    outer loop
      vertex -2.5950837563928024 -5.180456140621502 0
      vertex -2.43223544720255 -5.2588797530432485 0
      vertex -2.5008657714882485 -5.366422779020828 0
    endloop
  endfacet
  facet normal 0 0 -1
    outer loop
      vertex -2.5950837563928024 -5.180456140621502 0
      vertex -2.5658239470855686 -5.056280911983586 0
      vertex -2.43223544720255 -5.2588797530432485 0
    endloop
  endfacet
  facet normal 0 0 -1
    outer loop
      vertex -2.5658239470855686 -5.056280911983586 0
      vertex -2.5488763325685273 -4.92983565817722 0
      vertex -2.43223544720255 -5.2588797530432485 0
    endloop
  endfacet
  facet normal 0 0 -1
    outer loop
      vertex -2.43223544720255 -5.2588797530432485 0
      vertex -2.5488763325685273 -4.92983565817722 0
      vertex -2.544404127633984 -4.802338116118567 0
    endloop
  endfacet
  facet normal -0.4275550934302808 -0.903989293123444 0
    outer loop
      vertex -2.7453998256909657 -5.513896987508342 0
      vertex -2.598795225578969 -5.583235799344949 0
      vertex -2.598795225578969 -5.583235799344949 7
    endloop
  endfacet
  facet normal 0 0 -1
    outer loop
      vertex -2.43223544720255 -5.2588797530432485 0
      vertex -2.229434476432183 -2.0073918190765747 0
      vertex -2.3533945368181524 -5.158581524256625 0
    endloop
  endfacet
  facet normal 0 0 -1
    outer loop
      vertex -2.544404127633984 -4.802338116118567 0
      vertex -2.5524504020602157 -4.675016156834898 0
      vertex -2.4270509831248424 -1.7633557568774194 0
    endloop
  endfacet
  facet normal 0 0 -1
    outer loop
      vertex -2.5524504020602157 -4.675016156834898 0
      vertex -2.5729376658259575 -4.549095960395378 0
      vertex -2.4270509831248424 -1.7633557568774194 0
    endloop
  endfacet
  facet normal 0 0 -1
    outer loop
      vertex -2.43223544720255 -5.2588797530432485 0
      vertex -2.544404127633984 -4.802338116118567 0
      vertex -2.3314378843709127 -1.8879611731495123 0
    endloop
  endfacet
  facet normal 0 0 -1
    outer loop
      vertex -2.5729376658259575 -4.549095960395378 0
      vertex -2.6056686153816666 -4.425790207126698 0
      vertex -2.4270509831248424 -1.7633557568774194 0
    endloop
  endfacet
  facet normal 0 0 -1
    outer loop
      vertex -2.7064858264400518 -4.191735422532386 0
      vertex -2.516011703836272 -1.6339171050450814 0
      vertex -2.650328033790564 -4.306286398838621 0
    endloop
  endfacet
  facet normal 0 0 -1
    outer loop
      vertex -2.6056686153816666 -4.425790207126698 0
      vertex -2.650328033790564 -4.306286398838621 0
      vertex -2.516011703836272 -1.6339171050450814 0
    endloop
  endfacet
  facet normal 0 0 -1
    outer loop
      vertex -2.3533945368181524 -5.158581524256625 0
      vertex -2.121320343559643 -2.121320343559643 0
      vertex -2.2651023214008843 -5.066494019432761 0
    endloop
  endfacet
  facet normal 0 0 -1
    outer loop
      vertex -2.2651023214008843 -5.066494019432761 0
      vertex -2.121320343559643 -2.121320343559643 0
      vertex -2.168209103250647 -4.983504091583262 0
    endloop
  endfacet
  facet normal 0 0 -1
    outer loop
      vertex -2.168209103250647 -4.983504091583262 0
      vertex -2.0073918190765747 -2.229434476432183 0
      vertex -2.063648017025449 -4.9104109790802255 0
    endloop
  endfacet
  facet normal 0 0 -1
    outer loop
      vertex -2.063648017025449 -4.9104109790802255 0
      vertex -1.8879611731495123 -2.3314378843709127 0
      vertex -1.9524260431445437 -4.84791860855382 0
    endloop
  endfacet
  facet normal 0 0 -1
    outer loop
      vertex -1.8356143100165185 -4.796628815694016 0
      vertex -1.6339171050450814 -2.516011703836272 0
      vertex -1.714337778487186 -4.7570355492439065 0
    endloop
  endfacet
  facet normal 0 0 -1
    outer loop
      vertex -1.714337778487186 -4.7570355492439065 0
      vertex -1.5 -2.598076211353316 0
      vertex -1.5897644078516693 -4.729520114003289 0
    endloop
  endfacet
  facet normal 0 0 -1
    outer loop
      vertex -1.9524260431445437 -4.84791860855382 0
      vertex -1.8879611731495123 -2.3314378843709127 0
      vertex -1.8356143100165185 -4.796628815694016 0
    endloop
  endfacet
  facet normal 0 0 -1
    outer loop
      vertex -1.714337778487186 -4.7570355492439065 0
      vertex -1.6339171050450814 -2.516011703836272 0
      vertex -1.5 -2.598076211353316 0
    endloop
  endfacet
  facet normal 0 0 -1
    outer loop
      vertex -0.08133903684711755 -6.161744492793918 0
      vertex -0.07251770325754259 -6.047612571235625 0
      vertex 0 -6.1657404234375 0
    endloop
  endfacet
  facet normal 0 0 -1
    outer loop
      vertex -0.07251770325754259 -6.047612571235625 0
      vertex 0 -3 0
      vertex 0 -6.1657404234375 0
    endloop
  endfacet
  facet normal 0 0 -1
    outer loop
      vertex -0.07251770325754259 -6.047612571235625 0
      vertex -0.07520137813351169 -5.920064847864587 0
      vertex 0 -3 0
    endloop
  endfacet
  facet normal 0 0 -1
    outer loop
      vertex -0.07520137813351169 -5.920064847864587 0
      vertex -0.09037399348180464 -5.793394347780837 0
      vertex 0 -3 0
    endloop
  endfacet
  facet normal 0 0 -1
    outer loop
      vertex -0.09037399348180464 -5.793394347780837 0
      vertex -0.1178894287224228 -5.66882097714532 0
      vertex 0 -3 0
    endloop
  endfacet
  facet normal 0 0 -1
    outer loop
      vertex -0.1178894287224228 -5.66882097714532 0
      vertex -0.15748269517253166 -5.547544445615988 0
      vertex 0 -3 0
    endloop
  endfacet
  facet normal -0.04906767432741798 -0.9987954562051724 0
    outer loop
      vertex -0.08133903684711755 -6.161744492793918 0
      vertex 0 -6.1657404234375 0
      vertex 0 -6.1657404234375 7
    endloop
  endfacet
  facet normal 0 0 -1
    outer loop
      vertex -1.5897644078516693 -4.729520114003289 0
      vertex -1.3619714992186402 -2.673019572565104 0
      vertex -1.4630939077679193 -4.714347498654996 0
    endloop
  endfacet
  facet normal 0 0 -1
    outer loop
      vertex -1.4630939077679193 -4.714347498654996 0
      vertex -1.2202099292274007 -2.7406363729278027 0
      vertex -1.3355461843968823 -4.711663823779027 0
    endloop
  endfacet
  facet normal 0 0 -1
    outer loop
      vertex -1.3355461843968823 -4.711663823779027 0
      vertex -1.0751038486359008 -2.8007412794916053 0
      vertex -1.2083495920392986 -4.721494934631483 0
    endloop
  endfacet
  facet normal 0 0 -1
    outer loop
      vertex -1.2083495920392986 -4.721494934631483 0
      vertex -0.9270509831248421 -2.8531695488854605 0
      vertex -1.0827291034123032 -4.743746152240624 0
    endloop
  endfacet
  facet normal 0 0 -1
    outer loop
      vertex -1.0827291034123032 -4.743746152240624 0
      vertex -0.7764571353075622 -2.897777478867205 0
      vertex -0.9598945124925171 -4.778203185217121 0
    endloop
  endfacet
  facet normal 0 0 -1
    outer loop
      vertex -0.8410287835387169 -4.82453419349728 0
      vertex -0.9598945124925171 -4.778203185217121 0
      vertex -0.7764571353075622 -2.897777478867205 0
    endloop
  endfacet
  facet normal 0 0 -1
    outer loop
      vertex -1.5897644078516693 -4.729520114003289 0
      vertex -1.5 -2.598076211353316 0
      vertex -1.3619714992186402 -2.673019572565104 0
    endloop
  endfacet
  facet normal 0 0 -1
    outer loop
      vertex -1.4630939077679193 -4.714347498654996 0
      vertex -1.3619714992186402 -2.673019572565104 0
      vertex -1.2202099292274007 -2.7406363729278027 0
    endloop
  endfacet
  facet normal 0 0 -1
    outer loop
      vertex -1.3355461843968823 -4.711663823779027 0
      vertex -1.2202099292274007 -2.7406363729278027 0
      vertex -1.0751038486359008 -2.8007412794916053 0
    endloop
  endfacet
  facet normal 0 0 -1
    outer loop
      vertex -1.2083495920392986 -4.721494934631483 0
      vertex -1.0751038486359008 -2.8007412794916053 0
      vertex -0.9270509831248421 -2.8531695488854605 0
    endloop
  endfacet
  facet normal 0 0 -1
    outer loop
      vertex -1.0827291034123032 -4.743746152240624 0
      vertex -0.9270509831248421 -2.8531695488854605 0
      vertex -0.7764571353075622 -2.897777478867205 0
    endloop
  endfacet
  facet normal 0 0 -1
    outer loop
      vertex -0.5194354037351403 -5.029764218814354 0
      vertex -0.3135853898029604 -2.9835656861048196 0
      vertex -0.42734789891127645 -5.118056434231622 0
    endloop
  endfacet
  facet normal 0 0 -1
    outer loop
      vertex -0.8410287835387169 -4.82453419349728 0
      vertex -0.623735072453278 -2.934442802201417 0
      vertex -0.7272766584993438 -4.882292984144258 0
    endloop
  endfacet
  facet normal 0 0 -1
    outer loop
      vertex -0.7272766584993438 -4.882292984144258 0
      vertex -0.46930339512069263 -2.9630650217854133 0
      vertex -0.6197336325217642 -4.950923308429957 0
    endloop
  endfacet
  facet normal 0 0 -1
    outer loop
      vertex -0.5194354037351403 -5.029764218814354 0
      vertex -0.6197336325217642 -4.950923308429957 0
      vertex -0.3135853898029604 -2.9835656861048196 0
    endloop
  endfacet
  facet normal 0 0 -1
    outer loop
      vertex -0.20877248803233572 -5.430732712487963 0
      vertex -0.27126485855874205 -5.3195107386070575 0
      vertex -0.1570078687288315 -2.9958886042637216 0
    endloop
  endfacet
  facet normal 0 0 -1
    outer loop
      vertex -0.42734789891127645 -5.118056434231622 0
      vertex -0.1570078687288315 -2.9958886042637216 0
      vertex -0.344357971061777 -5.21494965238186 0
    endloop
  endfacet
  facet normal 0 0 -1
    outer loop
      vertex -0.344357971061777 -5.21494965238186 0
      vertex -0.1570078687288315 -2.9958886042637216 0
      vertex -0.27126485855874205 -5.3195107386070575 0
    endloop
  endfacet
  facet normal 0 0 -1
    outer loop
      vertex -0.20877248803233572 -5.430732712487963 0
      vertex 0 -3 0
      vertex -0.15748269517253166 -5.547544445615988 0
    endloop
  endfacet
  facet normal 0 0 -1
    outer loop
      vertex -0.8410287835387169 -4.82453419349728 0
      vertex -0.7764571353075622 -2.897777478867205 0
      vertex -0.623735072453278 -2.934442802201417 0
    endloop
  endfacet
  facet normal 0 0 -1
    outer loop
      vertex -0.7272766584993438 -4.882292984144258 0
      vertex -0.623735072453278 -2.934442802201417 0
      vertex -0.46930339512069263 -2.9630650217854133 0
    endloop
  endfacet
  facet normal 0 0 -1
    outer loop
      vertex -0.6197336325217642 -4.950923308429957 0
      vertex -0.46930339512069263 -2.9630650217854133 0
      vertex -0.3135853898029604 -2.9835656861048196 0
    endloop
  endfacet
  facet normal 0 0 -1
    outer loop
      vertex -0.42734789891127645 -5.118056434231622 0
      vertex -0.3135853898029604 -2.9835656861048196 0
      vertex -0.1570078687288315 -2.9958886042637216 0
    endloop
  endfacet
  facet normal 0 0 -1
    outer loop
      vertex -0.20877248803233572 -5.430732712487963 0
      vertex -0.1570078687288315 -2.9958886042637216 0
      vertex 0 -3 0
    endloop
  endfacet
  facet normal -0.4275550934302808 -0.903989293123444 0
    outer loop
      vertex -2.7453998256909657 -5.513896987508342 0
      vertex -2.598795225578969 -5.583235799344949 7
      vertex -2.7453998256909657 -5.513896987508342 7
    endloop
  endfacet
  facet normal -0.04906767432741798 -0.9987954562051724 0
    outer loop
      vertex -0.08133903684711755 -6.161744492793918 0
      vertex 0 -6.1657404234375 7
      vertex -0.08133903684711755 -6.161744492793918 7
    endloop
  endfacet
  facet normal 0 0 -1
    outer loop
      vertex -2.7736011630879425 -4.083240466729755 0
      vertex -2.851027686353342 -3.981846397164484 0
      vertex -2.598076211353316 -1.5 0
    endloop
  endfacet
  facet normal 0 0 -1
    outer loop
      vertex -2.938019736491561 -3.8885296941541214 0
      vertex -2.673019572565104 -1.3619714992186402 0
      vertex -2.851027686353342 -3.981846397164484 0
    endloop
  endfacet
  facet normal 0 0 -1
    outer loop
      vertex -2.938019736491561 -3.8885296941541214 0
      vertex -3.033739532505078 -3.804189048560759 0
      vertex -2.897777478867205 -0.7764571353075622 0
    endloop
  endfacet
  facet normal 0 0 -1
    outer loop
      vertex -3.1372652404325176 -3.7296367069067444 0
      vertex -2.934442802201417 -0.623735072453278 0
      vertex -3.033739532505078 -3.804189048560759 0
    endloop
  endfacet
  facet normal 0 0 -1
    outer loop
      vertex -2.7064858264400518 -4.191735422532386 0
      vertex -2.7736011630879425 -4.083240466729755 0
      vertex -2.598076211353316 -1.5 0
    endloop
  endfacet
  facet normal 0 0 -1
    outer loop
      vertex -2.43223544720255 -5.2588797530432485 0
      vertex -2.3314378843709127 -1.8879611731495123 0
      vertex -2.229434476432183 -2.0073918190765747 0
    endloop
  endfacet
  facet normal 0 0 -1
    outer loop
      vertex -2.6056686153816666 -4.425790207126698 0
      vertex -2.516011703836272 -1.6339171050450814 0
      vertex -2.4270509831248424 -1.7633557568774194 0
    endloop
  endfacet
  facet normal 0 0 -1
    outer loop
      vertex -2.544404127633984 -4.802338116118567 0
      vertex -2.4270509831248424 -1.7633557568774194 0
      vertex -2.3314378843709127 -1.8879611731495123 0
    endloop
  endfacet
  facet normal 0 0 -1
    outer loop
      vertex -2.851027686353342 -3.981846397164484 0
      vertex -2.673019572565104 -1.3619714992186402 0
      vertex -2.598076211353316 -1.5 0
    endloop
  endfacet
  facet normal 0 0 -1
    outer loop
      vertex -2.938019736491561 -3.8885296941541214 0
      vertex -2.897777478867205 -0.7764571353075622 0
      vertex -2.8531695488854605 -0.9270509831248421 0
    endloop
  endfacet
  facet normal 0 0 -1
    outer loop
      vertex -2.938019736491561 -3.8885296941541214 0
      vertex -2.8007412794916053 -1.0751038486359008 0
      vertex -2.7406363729278027 -1.2202099292274007 0
    endloop
  endfacet
  facet normal 0 0 -1
    outer loop
      vertex -2.938019736491561 -3.8885296941541214 0
      vertex -2.7406363729278027 -1.2202099292274007 0
      vertex -2.673019572565104 -1.3619714992186402 0
    endloop
  endfacet
  facet normal 0 0 -1
    outer loop
      vertex -2.938019736491561 -3.8885296941541214 0
      vertex -2.8531695488854605 -0.9270509831248421 0
      vertex -2.8007412794916053 -1.0751038486359008 0
    endloop
  endfacet
  facet normal 0 0 -1
    outer loop
      vertex -2.7064858264400518 -4.191735422532386 0
      vertex -2.598076211353316 -1.5 0
      vertex -2.516011703836272 -1.6339171050450814 0
    endloop
  endfacet
  facet normal 0 0 -1
    outer loop
      vertex -2.3533945368181524 -5.158581524256625 0
      vertex -2.229434476432183 -2.0073918190765747 0
      vertex -2.121320343559643 -2.121320343559643 0
    endloop
  endfacet
  facet normal 0 0 -1
    outer loop
      vertex -2.168209103250647 -4.983504091583262 0
      vertex -2.121320343559643 -2.121320343559643 0
      vertex -2.0073918190765747 -2.229434476432183 0
    endloop
  endfacet
  facet normal 0 0 -1
    outer loop
      vertex -2.063648017025449 -4.9104109790802255 0
      vertex -2.0073918190765747 -2.229434476432183 0
      vertex -1.8879611731495123 -2.3314378843709127 0
    endloop
  endfacet
  facet normal 0 0 -1
    outer loop
      vertex -1.8356143100165185 -4.796628815694016 0
      vertex -1.7633557568774194 -2.4270509831248424 0
      vertex -1.6339171050450814 -2.516011703836272 0
    endloop
  endfacet
  facet normal 0 0 -1
    outer loop
      vertex -1.8356143100165185 -4.796628815694016 0
      vertex -1.8879611731495123 -2.3314378843709127 0
      vertex -1.7633557568774194 -2.4270509831248424 0
    endloop
  endfacet
  facet normal 0 0 -1
    outer loop
      vertex -3.033739532505078 -3.804189048560759 0
      vertex -2.934442802201417 -0.623735072453278 0
      vertex -2.897777478867205 -0.7764571353075622 0
    endloop
  endfacet
  facet normal 0 0 -1
    outer loop
      vertex -3.1372652404325176 -3.7296367069067444 0
      vertex -2.9630650217854133 -0.46930339512069263 0
      vertex -2.934442802201417 -0.623735072453278 0
    endloop
  endfacet
  facet normal 0 0 -1
    outer loop
      vertex -3.1372652404325176 -3.7296367069067444 0
      vertex -2.9835656861048196 -0.3135853898029604 0
      vertex -2.9630650217854133 -0.46930339512069263 0
    endloop
  endfacet
  facet normal 0 0 -1
    outer loop
      vertex -3.1372652404325176 -3.7296367069067444 0
      vertex -2.9958886042637216 -0.1570078687288315 0
      vertex -2.9835656861048196 -0.3135853898029604 0
    endloop
  endfacet
  facet normal 0 0 -1
    outer loop
      vertex -3.2475998511136326 -3.665590648996664 0
      vertex -3 0 0
      vertex -2.9958886042637216 -0.1570078687288315 0
    endloop
  endfacet
  facet normal 0 0 -1
    outer loop
      vertex -4.688889617747061 -1.705879695001224 0
      vertex -4.872000278763643 0.1274222824284288 0
      vertex -4.688889617747061 1.705879695001224 0
    endloop
  endfacet
  facet normal 0 0 -1
    outer loop
      vertex -5.084829927444191 0.7222413029254828 0
      vertex -5.160826834065942 0.8247112694127392 0
      vertex -4.894642220264178 1.5555080926472074 0
    endloop
  endfacet
  facet normal 0 0 -1
    outer loop
      vertex -4.688889617747061 -1.705879695001224 0
      vertex -4.688889617747061 1.705879695001224 0
      vertex -4.598049424397824 1.7954547089294828 0
    endloop
  endfacet
  facet normal 0 0 -1
    outer loop
      vertex -4.872000278763643 0.1274222824284288 0
      vertex -4.8907195589133 0.2536174186209667 0
      vertex -4.688889617747061 1.705879695001224 0
    endloop
  endfacet
  facet normal 0 0 -1
    outer loop
      vertex -4.9217179869856285 0.37737008043080106 0
      vertex -4.688889617747061 1.705879695001224 0
      vertex -4.8907195589133 0.2536174186209667 0
    endloop
  endfacet
  facet normal 0 0 -1
    outer loop
      vertex -4.9217179869856285 0.37737008043080106 0
      vertex -4.964697031172827 0.4974884620746167 0
      vertex -4.688889617747061 1.705879695001224 0
    endloop
  endfacet
  facet normal 0 0 -1
    outer loop
      vertex -5.019242779784638 0.6128157578737969 0
      vertex -4.7880722774464 1.6256399052274482 0
      vertex -4.964697031172827 0.4974884620746167 0
    endloop
  endfacet
  facet normal 0 0 -1
    outer loop
      vertex -5.019242779784638 0.6128157578737969 0
      vertex -5.084829927444191 0.7222413029254828 0
      vertex -4.7880722774464 1.6256399052274482 0
    endloop
  endfacet
  facet normal 0 0 -1
    outer loop
      vertex -6.025002015059204 1.2917648839808975 0
      vertex -5.879849590702061 1.4164199305903995 0
      vertex -5.912123004816533 1.2750208645241996 0
    endloop
  endfacet
  facet normal 0 0 -1
    outer loop
      vertex -6.025002015059204 1.2917648839808975 0
      vertex -5.985543304982484 1.4492928848260676 0
      vertex -5.879849590702061 1.4164199305903995 0
    endloop
  endfacet
  facet normal 0 0 -1
    outer loop
      vertex -5.912123004816533 1.2750208645241996 0
      vertex -5.754902581212555 1.390654281605678 0
      vertex -5.788370343006699 1.2440224364518715 0
    endloop
  endfacet
  facet normal 0 0 -1
    outer loop
      vertex -5.912123004816533 1.2750208645241996 0
      vertex -5.879849590702061 1.4164199305903995 0
      vertex -5.754902581212555 1.390654281605678 0
    endloop
  endfacet
  facet normal 0 0 -1
    outer loop
      vertex -5.788370343006699 1.2440224364518715 0
      vertex -5.628031750493016 1.3772596498261778 0
      vertex -5.668251961362883 1.2010433922646728 0
    endloop
  endfacet
  facet normal 0 0 -1
    outer loop
      vertex -5.788370343006699 1.2440224364518715 0
      vertex -5.754902581212555 1.390654281605678 0
      vertex -5.628031750493016 1.3772596498261778 0
    endloop
  endfacet
  facet normal 0 0 -1
    outer loop
      vertex -5.668251961362883 1.2010433922646728 0
      vertex -5.628031750493016 1.3772596498261778 0
      vertex -5.500458933997922 1.376365032878186 0
    endloop
  endfacet
  facet normal 0 0 -1
    outer loop
      vertex -5.552924665563703 1.1464976436528616 0
      vertex -5.3734127276885175 1.3879790464119601 0
      vertex -5.443499120512017 1.080910495993309 0
    endloop
  endfacet
  facet normal 0 0 -1
    outer loop
      vertex -5.552924665563703 1.1464976436528616 0
      vertex -5.668251961362883 1.2010433922646728 0
      vertex -5.500458933997922 1.376365032878186 0
    endloop
  endfacet
  facet normal 0 0 -1
    outer loop
      vertex -5.552924665563703 1.1464976436528616 0
      vertex -5.500458933997922 1.376365032878186 0
      vertex -5.3734127276885175 1.3879790464119601 0
    endloop
  endfacet
  facet normal 0 0 -1
    outer loop
      vertex -5.443499120512017 1.080910495993309 0
      vertex -5.125777388542948 1.4481661799484615 0
      vertex -5.341029154024761 1.0049135893715582 0
    endloop
  endfacet
  facet normal 0 0 -1
    outer loop
      vertex -5.246501607894988 0.9192388155425119 0
      vertex -5.341029154024761 1.0049135893715582 0
      vertex -5.125777388542948 1.4481661799484615 0
    endloop
  endfacet
  facet normal 0 0 -1
    outer loop
      vertex -5.443499120512017 1.080910495993309 0
      vertex -5.3734127276885175 1.3879790464119601 0
      vertex -5.2481166559820815 1.4119898411283032 0
    endloop
  endfacet
  facet normal 0 0 -1
    outer loop
      vertex -5.443499120512017 1.080910495993309 0
      vertex -5.2481166559820815 1.4119898411283032 0
      vertex -5.125777388542948 1.4481661799484615 0
    endloop
  endfacet
  facet normal 0 0 -1
    outer loop
      vertex -5.246501607894988 0.9192388155425119 0
      vertex -5.125777388542948 1.4481661799484615 0
      vertex -5.160826834065942 0.8247112694127392 0
    endloop
  endfacet
  facet normal 0 0 -1
    outer loop
      vertex -5.160826834065942 0.8247112694127392 0
      vertex -5.125777388542948 1.4481661799484615 0
      vertex -5.007573119394004 1.4961596649535984 0
    endloop
  endfacet
  facet normal 0 0 -1
    outer loop
      vertex -5.160826834065942 0.8247112694127392 0
      vertex -5.007573119394004 1.4961596649535984 0
      vertex -4.894642220264178 1.5555080926472074 0
    endloop
  endfacet
  facet normal 0 0 -1
    outer loop
      vertex -5.084829927444191 0.7222413029254828 0
      vertex -4.894642220264178 1.5555080926472074 0
      vertex -4.7880722774464 1.6256399052274482 0
    endloop
  endfacet
  facet normal 0 0 -1
    outer loop
      vertex -4.964697031172827 0.4974884620746167 0
      vertex -4.7880722774464 1.6256399052274482 0
      vertex -4.688889617747061 1.705879695001224 0
    endloop
  endfacet
  facet normal -0.9700312531945443 0.24298017990326284 0
    outer loop
      vertex -6.025002015059204 1.2917648839808975 0
      vertex -6.025002015059204 1.2917648839808975 7
      vertex -5.985543304982484 1.4492928848260676 0
    endloop
  endfacet
  facet normal 0 0 -1
    outer loop
      vertex -4.296345590325727 -2.350505087731944 0
      vertex -4.334234119231009 -2.2286852074768393 0
      vertex -3.862508134572063 3.5206978284817505 0
    endloop
  endfacet
  facet normal 0 0 -1
    outer loop
      vertex -4.334234119231009 -2.2286852074768393 0
      vertex -4.383880640811522 -2.1111656484965136 0
      vertex -3.862508134572063 3.5206978284817505 0
    endloop
  endfacet
  facet normal 0 0 -1
    outer loop
      vertex -4.688889617747061 -1.705879695001224 0
      vertex -4.598049424397824 1.7954547089294828 0
      vertex -4.516426538118942 1.8935022906614116 0
    endloop
  endfacet
  facet normal 0 0 -1
    outer loop
      vertex -4.688889617747061 -1.705879695001224 0
      vertex -4.516426538118942 1.8935022906614116 0
      vertex -4.44480703192489 1.9990781883866717 0
    endloop
  endfacet
  facet normal 0 0 -1
    outer loop
      vertex -4.516426538118942 -1.8935022906614116 0
      vertex -4.44480703192489 1.9990781883866717 0
      vertex -4.383880640811522 2.1111656484965136 0
    endloop
  endfacet
  facet normal 0 0 -1
    outer loop
      vertex -4.516426538118942 -1.8935022906614116 0
      vertex -4.383880640811522 2.1111656484965136 0
      vertex -4.334234119231009 2.2286852074768393 0
    endloop
  endfacet
  facet normal 0 0 -1
    outer loop
      vertex -4.383880640811522 -2.1111656484965136 0
      vertex -4.334234119231009 2.2286852074768393 0
      vertex -4.296345590325727 2.350505087731944 0
    endloop
  endfacet
  facet normal 0 0 -1
    outer loop
      vertex -4.383880640811522 -2.1111656484965136 0
      vertex -4.296345590325727 2.350505087731944 0
      vertex -4.270579941341004 2.47545209722145 0
    endloop
  endfacet
  facet normal 0 0 -1
    outer loop
      vertex -4.383880640811522 -2.1111656484965136 0
      vertex -4.270579941341004 2.47545209722145 0
      vertex -4.257185309561504 2.60232292794099 0
    endloop
  endfacet
  facet normal 0 0 -1
    outer loop
      vertex -3.363680781932528 -3.6126676733793266 0
      vertex -3.033739532505078 3.804189048560759 0
      vertex -3 0 0
    endloop
  endfacet
  facet normal 0 0 -1
    outer loop
      vertex -4.383880640811522 -2.1111656484965136 0
      vertex -4.257185309561504 2.60232292794099 0
      vertex -3.862508134572063 3.5206978284817505 0
    endloop
  endfacet
  facet normal 0 0 -1
    outer loop
      vertex -3.862508134572063 -3.5206978284817505 0
      vertex -3.862508134572063 3.5206978284817505 0
      vertex -3.7350105925134094 3.5251700334162925 0
    endloop
  endfacet
  facet normal 0 0 -1
    outer loop
      vertex -3.862508134572063 -3.5206978284817505 0
      vertex -3.7350105925134094 3.5251700334162925 0
      vertex -3.6085653387070433 3.5421176479333343 0
    endloop
  endfacet
  facet normal 0 0 -1
    outer loop
      vertex -3.862508134572063 -3.5206978284817505 0
      vertex -3.6085653387070433 3.5421176479333343 0
      vertex -3.484390110069127 3.571377457240568 0
    endloop
  endfacet
  facet normal 0 0 -1
    outer loop
      vertex -3.7350105925134094 -3.5251700334162925 0
      vertex -3.484390110069127 3.571377457240568 0
      vertex -3.363680781932528 3.6126676733793266 0
    endloop
  endfacet
  facet normal 0 0 -1
    outer loop
      vertex -3.363680781932528 -3.6126676733793266 0
      vertex -3.363680781932528 3.6126676733793266 0
      vertex -3.2475998511136326 3.665590648996664 0
    endloop
  endfacet
  facet normal 0 0 -1
    outer loop
      vertex -3.363680781932528 -3.6126676733793266 0
      vertex -3.2475998511136326 3.665590648996664 0
      vertex -3.1372652404325176 3.7296367069067444 0
    endloop
  endfacet
  facet normal 0 0 -1
    outer loop
      vertex -3.363680781932528 -3.6126676733793266 0
      vertex -3.1372652404325176 3.7296367069067444 0
      vertex -3.033739532505078 3.804189048560759 0
    endloop
  endfacet
  facet normal -0.9700312531945448 0.24298017990326068 -5.1557670456586776e-17
    outer loop
      vertex -5.985543304982484 1.4492928848260676 0
      vertex -6.025002015059204 1.2917648839808975 7
      vertex -5.990475643742075 1.4296018847204213 7
    endloop
  endfacet
  facet normal -0.9700312531945403 0.24298017990327792 0
    outer loop
      vertex -5.985543304982484 1.4492928848260676 0
      vertex -5.990475643742075 1.4296018847204213 7
      vertex -5.985543304982484 1.4492928848260676 7
    endloop
  endfacet
  facet normal 0 0 -1
    outer loop
      vertex -4.675380368664809 3.632305254036181 0
      vertex -4.773427950396738 3.713928140315063 0
      vertex -4.581605783960875 3.7498948639357086 0
    endloop
  endfacet
  facet normal 0 0 -1
    outer loop
      vertex -4.86609316864639 3.776789430774317 0
      vertex -4.6829998535261455 3.827321387201107 0
      vertex -4.773427950396738 3.713928140315063 0
    endloop
  endfacet
  facet normal 0 0 -1
    outer loop
      vertex -4.86609316864639 3.776789430774317 0
      vertex -4.769092803406999 3.9075792828508384 0
      vertex -4.6829998535261455 3.827321387201107 0
    endloop
  endfacet
  facet normal 0 0 -1
    outer loop
      vertex -4.773427950396738 3.713928140315063 0
      vertex -4.6829998535261455 3.827321387201107 0
      vertex -4.581605783960875 3.7498948639357086 0
    endloop
  endfacet
  facet normal -0.8032075314806438 0.5956993044924348 0
    outer loop
      vertex -4.86609316864639 3.776789430774317 0
      vertex -4.86609316864639 3.776789430774317 7
      vertex -4.769092803406999 3.9075792828508384 0
    endloop
  endfacet
  facet normal 0 0 -1
    outer loop
      vertex -4.257185309561504 2.60232292794099 0
      vertex -4.256290692613513 2.7298957444360834 0
      vertex -3.862508134572063 3.5206978284817505 0
    endloop
  endfacet
  facet normal 0 0 -1
    outer loop
      vertex -4.256290692613513 2.7298957444360834 0
      vertex -4.267904706147286 2.856941950745488 0
      vertex -3.862508134572063 3.5206978284817505 0
    endloop
  endfacet
  facet normal 0 0 -1
    outer loop
      vertex -4.29191550086363 2.9822380224519236 0
      vertex -4.328091839683788 3.1045772898910564 0
      vertex -3.862508134572063 3.5206978284817505 0
    endloop
  endfacet
  facet normal 0 0 -1
    outer loop
      vertex -4.267904706147286 2.856941950745488 0
      vertex -4.29191550086363 2.9822380224519236 0
      vertex -3.862508134572063 3.5206978284817505 0
    endloop
  endfacet
  facet normal 0 0 -1
    outer loop
      vertex -4.435433752382535 3.3357124581698274 0
      vertex -4.505565564962775 3.4422824009876054 0
      vertex -4.358559851852007 3.62662173463833 0
    endloop
  endfacet
  facet normal 0 0 -1
    outer loop
      vertex -4.505565564962775 3.4422824009876054 0
      vertex -4.585805354736551 3.5414650606869444 0
      vertex -4.358559851852007 3.62662173463833 0
    endloop
  endfacet
  facet normal 0 0 -1
    outer loop
      vertex -4.435433752382535 3.3357124581698274 0
      vertex -4.358559851852007 3.62662173463833 0
      vertex -4.376085324688925 3.2227815590400013 0
    endloop
  endfacet
  facet normal 0 0 -1
    outer loop
      vertex -4.376085324688925 3.2227815590400013 0
      vertex -4.358559851852007 3.62662173463833 0
      vertex -4.239056043563931 3.5819623162294327 0
    endloop
  endfacet
  facet normal 0 0 -1
    outer loop
      vertex -4.376085324688925 3.2227815590400013 0
      vertex -4.239056043563931 3.5819623162294327 0
      vertex -4.115750290295252 3.549231366673724 0
    endloop
  endfacet
  facet normal 0 0 -1
    outer loop
      vertex -4.675380368664809 3.632305254036181 0
      vertex -4.4731108281582435 3.682779527287818 0
      vertex -4.585805354736551 3.5414650606869444 0
    endloop
  endfacet
  facet normal 0 0 -1
    outer loop
      vertex -4.675380368664809 3.632305254036181 0
      vertex -4.581605783960875 3.7498948639357086 0
      vertex -4.4731108281582435 3.682779527287818 0
    endloop
  endfacet
  facet normal 0 0 -1
    outer loop
      vertex -4.585805354736551 3.5414650606869444 0
      vertex -4.4731108281582435 3.682779527287818 0
      vertex -4.358559851852007 3.62662173463833 0
    endloop
  endfacet
  facet normal 0 0 -1
    outer loop
      vertex -4.376085324688925 3.2227815590400013 0
      vertex -3.9898300938557316 3.5287441029079822 0
      vertex -4.328091839683788 3.1045772898910564 0
    endloop
  endfacet
  facet normal 0 0 -1
    outer loop
      vertex -4.328091839683788 3.1045772898910564 0
      vertex -3.9898300938557316 3.5287441029079822 0
      vertex -3.862508134572063 3.5206978284817505 0
    endloop
  endfacet
  facet normal 0 0 -1
    outer loop
      vertex -4.376085324688925 3.2227815590400013 0
      vertex -4.115750290295252 3.549231366673724 0
      vertex -3.9898300938557316 3.5287441029079822 0
    endloop
  endfacet
  facet normal -0.8032075314806438 0.5956993044924348 0
    outer loop
      vertex -4.769092803406999 3.9075792828508384 0
      vertex -4.86609316864639 3.776789430774317 7
      vertex -4.769092803406999 3.9075792828508384 7
    endloop
  endfacet
  facet normal 0 0 -1
    outer loop
      vertex -3.033739532505078 3.804189048560759 0
      vertex -3 3.833917632114099 0
      vertex -3 0 0
    endloop
  endfacet
  facet normal 0 0 -1
    outer loop
      vertex 0 -6.1657404234375 0
      vertex 0.07251770325754259 -6.047612571235625 0
      vertex 0.08133903684711755 -6.161744492793918 0
    endloop
  endfacet
  facet normal 0 0 -1
    outer loop
      vertex 0 -6.1657404234375 0
      vertex 0.07520137813351169 -5.920064847864587 0
      vertex 0.07251770325754259 -6.047612571235625 0
    endloop
  endfacet
  facet normal 0 0 -1
    outer loop
      vertex 0 -6.1657404234375 0
      vertex 0.3135853898029604 -2.9835656861048196 0
      vertex 0.07520137813351169 -5.920064847864587 0
    endloop
  endfacet
  facet normal 0 0 -1
    outer loop
      vertex 0.07520137813351169 -5.920064847864587 0
      vertex 0.3135853898029604 -2.9835656861048196 0
      vertex 0.09037399348180464 -5.793394347780837 0
    endloop
  endfacet
  facet normal 0 0 -1
    outer loop
      vertex 0.09037399348180464 -5.793394347780837 0
      vertex 0.3135853898029604 -2.9835656861048196 0
      vertex 0.1178894287224228 -5.66882097714532 0
    endloop
  endfacet
  facet normal 0 0 -1
    outer loop
      vertex 0.1178894287224228 -5.66882097714532 0
      vertex 0.3135853898029604 -2.9835656861048196 0
      vertex 0.15748269517253166 -5.547544445615988 0
    endloop
  endfacet
  facet normal 0.04906767432741798 -0.9987954562051724 0
    outer loop
      vertex 0 -6.1657404234375 0
      vertex 0.08133903684711755 -6.161744492793918 0
      vertex 0.08133903684711755 -6.161744492793918 7
    endloop
  endfacet
  facet normal 0 0 -1
    outer loop
      vertex 0.15748269517253166 -5.547544445615988 0
      vertex 0.3135853898029604 -2.9835656861048196 0
      vertex 0.20877248803233572 -5.430732712487963 0
    endloop
  endfacet
  facet normal 0 0 -1
    outer loop
      vertex 0.20877248803233572 -5.430732712487963 0
      vertex 0.3135853898029604 -2.9835656861048196 0
      vertex 0.27126485855874205 -5.3195107386070575 0
    endloop
  endfacet
  facet normal 0 0 -1
    outer loop
      vertex 0.27126485855874205 -5.3195107386070575 0
      vertex 0.46930339512069263 -2.9630650217854133 0
      vertex 0.344357971061777 -5.21494965238186 0
    endloop
  endfacet
  facet normal 0 0 -1
    outer loop
      vertex 0 -6.1657404234375 0
      vertex 0 -3 0
      vertex 0.1570078687288315 -2.9958886042637216 0
    endloop
  endfacet
  facet normal 0 0 -1
    outer loop
      vertex 0 -6.1657404234375 0
      vertex 0.1570078687288315 -2.9958886042637216 0
      vertex 0.3135853898029604 -2.9835656861048196 0
    endloop
  endfacet
  facet normal 0 0 -1
    outer loop
      vertex 0.344357971061777 -5.21494965238186 0
      vertex 0.46930339512069263 -2.9630650217854133 0
      vertex 0.42734789891127645 -5.118056434231622 0
    endloop
  endfacet
  facet normal 0 0 -1
    outer loop
      vertex 0.42734789891127645 -5.118056434231622 0
      vertex 0.46930339512069263 -2.9630650217854133 0
      vertex 0.5194354037351403 -5.029764218814354 0
    endloop
  endfacet
  facet normal 0 0 -1
    outer loop
      vertex 0.5194354037351403 -5.029764218814354 0
      vertex 0.7764571353075622 -2.897777478867205 0
      vertex 0.6197336325217642 -4.950923308429957 0
    endloop
  endfacet
  facet normal 0 0 -1
    outer loop
      vertex 0.6197336325217642 -4.950923308429957 0
      vertex 0.7764571353075622 -2.897777478867205 0
      vertex 0.7272766584993438 -4.882292984144258 0
    endloop
  endfacet
  facet normal 0 0 -1
    outer loop
      vertex 0.27126485855874205 -5.3195107386070575 0
      vertex 0.3135853898029604 -2.9835656861048196 0
      vertex 0.46930339512069263 -2.9630650217854133 0
    endloop
  endfacet
  facet normal 0 0 -1
    outer loop
      vertex 0.5194354037351403 -5.029764218814354 0
      vertex 0.46930339512069263 -2.9630650217854133 0
      vertex 0.623735072453278 -2.934442802201417 0
    endloop
  endfacet
  facet normal 0 0 -1
    outer loop
      vertex 0.5194354037351403 -5.029764218814354 0
      vertex 0.623735072453278 -2.934442802201417 0
      vertex 0.7764571353075622 -2.897777478867205 0
    endloop
  endfacet
  facet normal 0 0 -1
    outer loop
      vertex 0.7272766584993438 -4.882292984144258 0
      vertex 0.9270509831248421 -2.8531695488854605 0
      vertex 0.8410287835387169 -4.82453419349728 0
    endloop
  endfacet
  facet normal 0 0 -1
    outer loop
      vertex 0.8410287835387169 -4.82453419349728 0
      vertex 0.9270509831248421 -2.8531695488854605 0
      vertex 0.9598945124925171 -4.778203185217121 0
    endloop
  endfacet
  facet normal 0 0 -1
    outer loop
      vertex 0.9598945124925171 -4.778203185217121 0
      vertex 1.0751038486359008 -2.8007412794916053 0
      vertex 1.0827291034123032 -4.743746152240624 0
    endloop
  endfacet
  facet normal 0 0 -1
    outer loop
      vertex 1.0827291034123032 -4.743746152240624 0
      vertex 1.2202099292274007 -2.7406363729278027 0
      vertex 1.2083495920392986 -4.721494934631483 0
    endloop
  endfacet
  facet normal 0 0 -1
    outer loop
      vertex 1.2083495920392986 -4.721494934631483 0
      vertex 1.3619714992186402 -2.673019572565104 0
      vertex 1.3355461843968823 -4.711663823779027 0
    endloop
  endfacet
  facet normal 0 0 -1
    outer loop
      vertex 1.3355461843968823 -4.711663823779027 0
      vertex 1.5 -2.598076211353316 0
      vertex 1.4630939077679193 -4.714347498654996 0
    endloop
  endfacet
  facet normal 0 0 -1
    outer loop
      vertex 0.7272766584993438 -4.882292984144258 0
      vertex 0.7764571353075622 -2.897777478867205 0
      vertex 0.9270509831248421 -2.8531695488854605 0
    endloop
  endfacet
  facet normal 0 0 -1
    outer loop
      vertex 0.9598945124925171 -4.778203185217121 0
      vertex 0.9270509831248421 -2.8531695488854605 0
      vertex 1.0751038486359008 -2.8007412794916053 0
    endloop
  endfacet
  facet normal 0 0 -1
    outer loop
      vertex 1.0827291034123032 -4.743746152240624 0
      vertex 1.0751038486359008 -2.8007412794916053 0
      vertex 1.2202099292274007 -2.7406363729278027 0
    endloop
  endfacet
  facet normal 0 0 -1
    outer loop
      vertex 1.2083495920392986 -4.721494934631483 0
      vertex 1.2202099292274007 -2.7406363729278027 0
      vertex 1.3619714992186402 -2.673019572565104 0
    endloop
  endfacet
  facet normal 0 0 -1
    outer loop
      vertex 1.3355461843968823 -4.711663823779027 0
      vertex 1.3619714992186402 -2.673019572565104 0
      vertex 1.5 -2.598076211353316 0
    endloop
  endfacet
  facet normal 0 0 -1
    outer loop
      vertex 2.598795225578969 -5.583235799344949 0
      vertex 2.5586245621352264 -5.480174904060201 0
      vertex 2.745399825690964 -5.513896987508343 0
    endloop
  endfacet
  facet normal 0 0 -1
    outer loop
      vertex 2.5586245621352264 -5.480174904060201 0
      vertex 2.689296948148896 -5.417246399576998 0
      vertex 2.745399825690964 -5.513896987508343 0
    endloop
  endfacet
  facet normal 0 0 -1
    outer loop
      vertex 2.43223544720255 -5.2588797530432485 0
      vertex 2.3533945368181524 -5.158581524256625 0
      vertex 2.5950837563927998 -5.180456140621503 0
    endloop
  endfacet
  facet normal 0 0 -1
    outer loop
      vertex 2.3533945368181524 -5.158581524256625 0
      vertex 2.5658239470855664 -5.056280911983586 0
      vertex 2.5950837563927998 -5.180456140621503 0
    endloop
  endfacet
  facet normal 0 0 -1
    outer loop
      vertex 2.5586245621352264 -5.480174904060201 0
      vertex 2.5008657714882485 -5.366422779020828 0
      vertex 2.689296948148896 -5.417246399576998 0
    endloop
  endfacet
  facet normal 0 0 -1
    outer loop
      vertex 2.5008657714882485 -5.366422779020828 0
      vertex 2.43223544720255 -5.2588797530432485 0
      vertex 2.6363739725315583 -5.301165468758103 0
    endloop
  endfacet
  facet normal 0 0 -1
    outer loop
      vertex 2.689296948148896 -5.417246399576998 0
      vertex 2.5008657714882485 -5.366422779020828 0
      vertex 2.6363739725315583 -5.301165468758103 0
    endloop
  endfacet
  facet normal 0 0 -1
    outer loop
      vertex 2.43223544720255 -5.2588797530432485 0
      vertex 2.5950837563927998 -5.180456140621503 0
      vertex 2.6363739725315583 -5.301165468758103 0
    endloop
  endfacet
  facet normal 0 0 -1
    outer loop
      vertex 2.3533945368181524 -5.158581524256625 0
      vertex 2.5488763325685246 -4.929835658177221 0
      vertex 2.5658239470855664 -5.056280911983586 0
    endloop
  endfacet
  facet normal 0 0 -1
    outer loop
      vertex 2.3533945368181524 -5.158581524256625 0
      vertex 2.544404127633982 -4.802338116118568 0
      vertex 2.5488763325685246 -4.929835658177221 0
    endloop
  endfacet
  facet normal 0.4275550934302806 -0.9039892931234442 0
    outer loop
      vertex 2.598795225578969 -5.583235799344949 0
      vertex 2.745399825690964 -5.513896987508343 0
      vertex 2.745399825690964 -5.513896987508343 7
    endloop
  endfacet
  facet normal 0 0 -1
    outer loop
      vertex 1.4630939077679193 -4.714347498654996 0
      vertex 1.6339171050450814 -2.516011703836272 0
      vertex 1.5897644078516693 -4.729520114003289 0
    endloop
  endfacet
  facet normal 0 0 -1
    outer loop
      vertex 1.5897644078516693 -4.729520114003289 0
      vertex 1.7633557568774194 -2.4270509831248424 0
      vertex 1.714337778487186 -4.7570355492439065 0
    endloop
  endfacet
  facet normal 0 0 -1
    outer loop
      vertex 1.714337778487186 -4.7570355492439065 0
      vertex 1.8879611731495123 -2.3314378843709127 0
      vertex 1.8356143100165185 -4.796628815694016 0
    endloop
  endfacet
  facet normal 0 0 -1
    outer loop
      vertex 1.8356143100165185 -4.796628815694016 0
      vertex 2.121320343559643 -2.121320343559643 0
      vertex 1.9524260431445437 -4.84791860855382 0
    endloop
  endfacet
  facet normal 0 0 -1
    outer loop
      vertex 1.9524260431445437 -4.84791860855382 0
      vertex 2.121320343559643 -2.121320343559643 0
      vertex 2.063648017025449 -4.9104109790802255 0
    endloop
  endfacet
  facet normal 0 0 -1
    outer loop
      vertex 2.063648017025449 -4.9104109790802255 0
      vertex 2.229434476432183 -2.0073918190765747 0
      vertex 2.168209103250647 -4.983504091583262 0
    endloop
  endfacet
  facet normal 0 0 -1
    outer loop
      vertex 2.2651023214008843 -5.066494019432761 0
      vertex 2.168209103250647 -4.983504091583262 0
      vertex 2.3314378843709127 -1.8879611731495123 0
    endloop
  endfacet
  facet normal 0 0 -1
    outer loop
      vertex 2.2651023214008843 -5.066494019432761 0
      vertex 2.4270509831248424 -1.7633557568774194 0
      vertex 2.3533945368181524 -5.158581524256625 0
    endloop
  endfacet
  facet normal 0 0 -1
    outer loop
      vertex 2.3533945368181524 -5.158581524256625 0
      vertex 2.598076211353316 -1.5 0
      vertex 2.544404127633982 -4.802338116118568 0
    endloop
  endfacet
  facet normal 0 0 -1
    outer loop
      vertex 2.544404127633982 -4.802338116118568 0
      vertex 2.7406363729278027 -1.2202099292274007 0
      vertex 2.5524504020602143 -4.675016156834898 0
    endloop
  endfacet
  facet normal 0 0 -1
    outer loop
      vertex 2.5524504020602143 -4.675016156834898 0
      vertex 2.7406363729278027 -1.2202099292274007 0
      vertex 2.5729376658259557 -4.549095960395378 0
    endloop
  endfacet
  facet normal 0 0 -1
    outer loop
      vertex 2.5729376658259557 -4.549095960395378 0
      vertex 2.7406363729278027 -1.2202099292274007 0
      vertex 2.6056686153816644 -4.4257902071267 0
    endloop
  endfacet
  facet normal 0 0 -1
    outer loop
      vertex 2.6056686153816644 -4.4257902071267 0
      vertex 2.7406363729278027 -1.2202099292274007 0
      vertex 2.650328033790562 -4.306286398838623 0
    endloop
  endfacet
  facet normal 0.04906767432741798 -0.9987954562051724 0
    outer loop
      vertex 0 -6.1657404234375 0
      vertex 0.08133903684711755 -6.161744492793918 7
      vertex 0 -6.1657404234375 7
    endloop
  endfacet
  facet normal 0.4275550934302806 -0.9039892931234442 0
    outer loop
      vertex 2.598795225578969 -5.583235799344949 0
      vertex 2.745399825690964 -5.513896987508343 7
      vertex 2.598795225578969 -5.583235799344949 7
    endloop
  endfacet
  facet normal 0 0 -1
    outer loop
      vertex 1.4630939077679193 -4.714347498654996 0
      vertex 1.5 -2.598076211353316 0
      vertex 1.6339171050450814 -2.516011703836272 0
    endloop
  endfacet
  facet normal 0 0 -1
    outer loop
      vertex 1.5897644078516693 -4.729520114003289 0
      vertex 1.6339171050450814 -2.516011703836272 0
      vertex 1.7633557568774194 -2.4270509831248424 0
    endloop
  endfacet
  facet normal 0 0 -1
    outer loop
      vertex 1.714337778487186 -4.7570355492439065 0
      vertex 1.7633557568774194 -2.4270509831248424 0
      vertex 1.8879611731495123 -2.3314378843709127 0
    endloop
  endfacet
  facet normal 0 0 -1
    outer loop
      vertex 1.8356143100165185 -4.796628815694016 0
      vertex 1.8879611731495123 -2.3314378843709127 0
      vertex 2.0073918190765747 -2.229434476432183 0
    endloop
  endfacet
  facet normal 0 0 -1
    outer loop
      vertex 1.8356143100165185 -4.796628815694016 0
      vertex 2.0073918190765747 -2.229434476432183 0
      vertex 2.121320343559643 -2.121320343559643 0
    endloop
  endfacet
  facet normal 0 0 -1
    outer loop
      vertex 2.063648017025449 -4.9104109790802255 0
      vertex 2.121320343559643 -2.121320343559643 0
      vertex 2.229434476432183 -2.0073918190765747 0
    endloop
  endfacet
  facet normal 0 0 -1
    outer loop
      vertex 2.168209103250647 -4.983504091583262 0
      vertex 2.229434476432183 -2.0073918190765747 0
      vertex 2.3314378843709127 -1.8879611731495123 0
    endloop
  endfacet
  facet normal 0 0 -1
    outer loop
      vertex 2.2651023214008843 -5.066494019432761 0
      vertex 2.3314378843709127 -1.8879611731495123 0
      vertex 2.4270509831248424 -1.7633557568774194 0
    endloop
  endfacet
  facet normal 0 0 -1
    outer loop
      vertex 2.3533945368181524 -5.158581524256625 0
      vertex 2.4270509831248424 -1.7633557568774194 0
      vertex 2.516011703836272 -1.6339171050450814 0
    endloop
  endfacet
  facet normal 0 0 -1
    outer loop
      vertex 2.3533945368181524 -5.158581524256625 0
      vertex 2.516011703836272 -1.6339171050450814 0
      vertex 2.598076211353316 -1.5 0
    endloop
  endfacet
  facet normal 0 0 -1
    outer loop
      vertex 2.650328033790562 -4.306286398838623 0
      vertex 2.8007412794916053 -1.0751038486359008 0
      vertex 2.7064858264400495 -4.191735422532387 0
    endloop
  endfacet
  facet normal 0 0 -1
    outer loop
      vertex 2.7064858264400495 -4.191735422532387 0
      vertex 2.8007412794916053 -1.0751038486359008 0
      vertex 2.7736011630879407 -4.083240466729756 0
    endloop
  endfacet
  facet normal 0 0 -1
    outer loop
      vertex 2.7736011630879407 -4.083240466729756 0
      vertex 2.8531695488854605 -0.9270509831248421 0
      vertex 2.85102768635334 -3.981846397164485 0
    endloop
  endfacet
  facet normal 0 0 -1
    outer loop
      vertex 2.544404127633982 -4.802338116118568 0
      vertex 2.598076211353316 -1.5 0
      vertex 2.673019572565104 -1.3619714992186402 0
    endloop
  endfacet
  facet normal 0 0 -1
    outer loop
      vertex 2.544404127633982 -4.802338116118568 0
      vertex 2.673019572565104 -1.3619714992186402 0
      vertex 2.7406363729278027 -1.2202099292274007 0
    endloop
  endfacet
  facet normal 0 0 -1
    outer loop
      vertex 2.650328033790562 -4.306286398838623 0
      vertex 2.7406363729278027 -1.2202099292274007 0
      vertex 2.8007412794916053 -1.0751038486359008 0
    endloop
  endfacet
  facet normal 0 0 -1
    outer loop
      vertex 2.7736011630879407 -4.083240466729756 0
      vertex 2.8007412794916053 -1.0751038486359008 0
      vertex 2.8531695488854605 -0.9270509831248421 0
    endloop
  endfacet
  facet normal 0 0 -1
    outer loop
      vertex 2.85102768635334 -3.981846397164485 0
      vertex 2.8531695488854605 -0.9270509831248421 0
      vertex 2.897777478867205 -0.7764571353075622 0
    endloop
  endfacet
  facet normal 0 0 -1
    outer loop
      vertex 2.85102768635334 -3.981846397164485 0
      vertex 2.897777478867205 -0.7764571353075622 0
      vertex 2.934442802201417 -0.623735072453278 0
    endloop
  endfacet
  facet normal 0 0 -1
    outer loop
      vertex 2.85102768635334 -3.981846397164485 0
      vertex 2.934442802201417 -0.623735072453278 0
      vertex 2.9630650217854133 -0.46930339512069263 0
    endloop
  endfacet
  facet normal 0 0 -1
    outer loop
      vertex 2.85102768635334 -3.981846397164485 0
      vertex 2.9630650217854133 -0.46930339512069263 0
      vertex 2.9835656861048196 -0.3135853898029604 0
    endloop
  endfacet
  facet normal 0 0 -1
    outer loop
      vertex 2.85102768635334 -3.981846397164485 0
      vertex 2.9835656861048196 -0.3135853898029604 0
      vertex 2.9958886042637216 -0.1570078687288315 0
    endloop
  endfacet
  facet normal 0 0 -1
    outer loop
      vertex 2.85102768635334 -3.981846397164485 0
      vertex 3.2475998511136313 3.6655906489966643 0
      vertex 2.938019736491559 -3.8885296941541228 0
    endloop
  endfacet
  facet normal 0 0 -1
    outer loop
      vertex 3.862508134572061 -3.520697828481752 0
      vertex 4.328091839683788 -3.1045772898910564 0
      vertex 3.9898300938557303 -3.5287441029079836 0
    endloop
  endfacet
  facet normal 0 0 -1
    outer loop
      vertex 3.9898300938557303 -3.5287441029079836 0
      vertex 4.376085324688925 -3.2227815590400013 0
      vertex 4.115750290295251 -3.549231366673725 0
    endloop
  endfacet
  facet normal 0 0 -1
    outer loop
      vertex 3.9898300938557303 -3.5287441029079836 0
      vertex 4.328091839683788 -3.1045772898910564 0
      vertex 4.376085324688925 -3.2227815590400013 0
    endloop
  endfacet
  facet normal 0 0 -1
    outer loop
      vertex 4.473110828158242 -3.682779527287819 0
      vertex 4.675380368664809 -3.632305254036181 0
      vertex 4.581605783960873 -3.749894863935711 0
    endloop
  endfacet
  facet normal 0 0 -1
    outer loop
      vertex 4.239056043563929 -3.5819623162294336 0
      vertex 4.376085324688925 -3.2227815590400013 0
      vertex 4.358559851852006 -3.626621734638331 0
    endloop
  endfacet
  facet normal 0 0 -1
    outer loop
      vertex 4.115750290295251 -3.549231366673725 0
      vertex 4.376085324688925 -3.2227815590400013 0
      vertex 4.239056043563929 -3.5819623162294336 0
    endloop
  endfacet
  facet normal 0 0 -1
    outer loop
      vertex 4.358559851852006 -3.626621734638331 0
      vertex 4.376085324688925 -3.2227815590400013 0
      vertex 4.435433752382535 -3.3357124581698274 0
    endloop
  endfacet
  facet normal 0 0 -1
    outer loop
      vertex 4.358559851852006 -3.626621734638331 0
      vertex 4.585805354736551 -3.5414650606869444 0
      vertex 4.473110828158242 -3.682779527287819 0
    endloop
  endfacet
  facet normal 0 0 -1
    outer loop
      vertex 4.358559851852006 -3.626621734638331 0
      vertex 4.435433752382535 -3.3357124581698274 0
      vertex 4.505565564962775 -3.4422824009876054 0
    endloop
  endfacet
  facet normal 0 0 -1
    outer loop
      vertex 4.358559851852006 -3.626621734638331 0
      vertex 4.505565564962775 -3.4422824009876054 0
      vertex 4.585805354736551 -3.5414650606869444 0
    endloop
  endfacet
  facet normal 0 0 -1
    outer loop
      vertex 4.473110828158242 -3.682779527287819 0
      vertex 4.585805354736551 -3.5414650606869444 0
      vertex 4.675380368664809 -3.632305254036181 0
    endloop
  endfacet
  facet normal 0 0 -1
    outer loop
      vertex 4.769092803406998 -3.90757928285084 0
      vertex 4.682999853526144 -3.82732138720111 0
      vertex 4.86609316864639 -3.776789430774317 0
    endloop
  endfacet
  facet normal 0 0 -1
    outer loop
      vertex 4.581605783960873 -3.749894863935711 0
      vertex 4.773427950396738 -3.713928140315063 0
      vertex 4.682999853526144 -3.82732138720111 0
    endloop
  endfacet
  facet normal 0 0 -1
    outer loop
      vertex 4.581605783960873 -3.749894863935711 0
      vertex 4.675380368664809 -3.632305254036181 0
      vertex 4.773427950396738 -3.713928140315063 0
    endloop
  endfacet
  facet normal 0 0 -1
    outer loop
      vertex 4.682999853526144 -3.82732138720111 0
      vertex 4.773427950396738 -3.713928140315063 0
      vertex 4.86609316864639 -3.776789430774317 0
    endloop
  endfacet
  facet normal 0.8032075314806452 -0.5956993044924331 0
    outer loop
      vertex 4.769092803406998 -3.90757928285084 0
      vertex 4.86609316864639 -3.776789430774317 0
      vertex 4.86609316864639 -3.776789430774317 7
    endloop
  endfacet
  facet normal 0.8032075314806442 -0.5956993044924345 3.7791947634325294e-17
    outer loop
      vertex 4.769092803406998 -3.90757928285084 0
      vertex 4.86609316864639 -3.776789430774317 7
      vertex 4.769092803406998 -3.9075792828508398 7
    endloop
  endfacet
  facet normal 0 0 -1
    outer loop
      vertex 3.862508134572061 -3.520697828481752 0
      vertex 4.267904706147286 -2.856941950745488 0
      vertex 4.29191550086363 -2.9822380224519236 0
    endloop
  endfacet
  facet normal 0 0 -1
    outer loop
      vertex 3.862508134572061 -3.520697828481752 0
      vertex 4.29191550086363 -2.9822380224519236 0
      vertex 4.328091839683788 -3.1045772898910564 0
    endloop
  endfacet
  facet normal 0 0 -1
    outer loop
      vertex 3.862508134572061 -3.520697828481752 0
      vertex 4.256290692613513 -2.7298957444360834 0
      vertex 4.267904706147286 -2.856941950745488 0
    endloop
  endfacet
  facet normal 0 0 -1
    outer loop
      vertex 3.862508134572061 -3.520697828481752 0
      vertex 4.257185309561504 -2.60232292794099 0
      vertex 4.256290692613513 -2.7298957444360834 0
    endloop
  endfacet
  facet normal 0 0 -1
    outer loop
      vertex 2.938019736491559 -3.8885296941541228 0
      vertex 3.3636807819325267 3.612667673379327 0
      vertex 3.033739532505076 -3.8041890485607603 0
    endloop
  endfacet
  facet normal 0 0 -1
    outer loop
      vertex 3.033739532505076 -3.8041890485607603 0
      vertex 3.3636807819325267 3.612667673379327 0
      vertex 3.137265240432516 -3.7296367069067458 0
    endloop
  endfacet
  facet normal 0 0 -1
    outer loop
      vertex 3.137265240432516 -3.7296367069067458 0
      vertex 3.3636807819325267 3.612667673379327 0
      vertex 3.247599851113631 -3.6655906489966648 0
    endloop
  endfacet
  facet normal 0 0 -1
    outer loop
      vertex 3.247599851113631 -3.6655906489966648 0
      vertex 3.3636807819325267 3.612667673379327 0
      vertex 3.3636807819325263 -3.6126676733793275 0
    endloop
  endfacet
  facet normal 0 0 -1
    outer loop
      vertex 3.3636807819325263 -3.6126676733793275 0
      vertex 3.735010592513408 3.525170033416293 0
      vertex 3.4843901100691257 -3.5713774572405694 0
    endloop
  endfacet
  facet normal 0 0 -1
    outer loop
      vertex 3.4843901100691257 -3.5713774572405694 0
      vertex 3.8625081345720615 3.5206978284817505 0
      vertex 3.608565338707042 -3.542117647933336 0
    endloop
  endfacet
  facet normal 0 0 -1
    outer loop
      vertex 3.608565338707042 -3.542117647933336 0
      vertex 3.8625081345720615 3.5206978284817505 0
      vertex 3.735010592513408 -3.5251700334162943 0
    endloop
  endfacet
  facet normal 0 0 -1
    outer loop
      vertex 3.735010592513408 -3.5251700334162943 0
      vertex 3.8625081345720615 3.5206978284817505 0
      vertex 3.862508134572061 -3.520697828481752 0
    endloop
  endfacet
  facet normal 0 0 -1
    outer loop
      vertex 3.862508134572061 -3.520697828481752 0
      vertex 4.383880640811522 2.111165648496513 0
      vertex 4.257185309561504 -2.60232292794099 0
    endloop
  endfacet
  facet normal 0 0 -1
    outer loop
      vertex 4.257185309561504 -2.60232292794099 0
      vertex 4.383880640811522 2.111165648496513 0
      vertex 4.270579941341004 -2.47545209722145 0
    endloop
  endfacet
  facet normal 0 0 -1
    outer loop
      vertex 4.270579941341004 -2.47545209722145 0
      vertex 4.383880640811522 2.111165648496513 0
      vertex 4.296345590325727 -2.350505087731944 0
    endloop
  endfacet
  facet normal 0 0 -1
    outer loop
      vertex 4.296345590325727 -2.350505087731944 0
      vertex 4.383880640811522 2.111165648496513 0
      vertex 4.334234119231009 -2.2286852074768393 0
    endloop
  endfacet
  facet normal 0 0 -1
    outer loop
      vertex 4.334234119231009 -2.2286852074768393 0
      vertex 4.516426538118943 1.8935022906614112 0
      vertex 4.383880640811522 -2.1111656484965136 0
    endloop
  endfacet
  facet normal 0 0 -1
    outer loop
      vertex 4.383880640811522 -2.1111656484965136 0
      vertex 4.516426538118943 1.8935022906614112 0
      vertex 4.44480703192489 -1.9990781883866717 0
    endloop
  endfacet
  facet normal 0 0 -1
    outer loop
      vertex 4.44480703192489 -1.9990781883866717 0
      vertex 4.688889617747062 1.7058796950012232 0
      vertex 4.516426538118942 -1.8935022906614116 0
    endloop
  endfacet
  facet normal 0 0 -1
    outer loop
      vertex 4.516426538118942 -1.8935022906614116 0
      vertex 4.688889617747062 1.7058796950012232 0
      vertex 4.598049424397824 -1.7954547089294828 0
    endloop
  endfacet
  facet normal 0 0 -1
    outer loop
      vertex 4.688889617747061 -1.705879695001224 0
      vertex 4.964697031172827 -0.4974884620746167 0
      vertex 4.7880722774464 -1.6256399052274482 0
    endloop
  endfacet
  facet normal 0 0 -1
    outer loop
      vertex 4.7880722774464 -1.6256399052274482 0
      vertex 5.084829927444191 -0.7222413029254828 0
      vertex 4.894642220264178 -1.5555080926472074 0
    endloop
  endfacet
  facet normal 0 0 -1
    outer loop
      vertex 4.894642220264178 -1.5555080926472074 0
      vertex 5.160826834065942 -0.8247112694127392 0
      vertex 5.007573119394004 -1.4961596649535984 0
    endloop
  endfacet
  facet normal 0 0 -1
    outer loop
      vertex 5.007573119394004 -1.4961596649535984 0
      vertex 5.160826834065942 -0.8247112694127392 0
      vertex 5.125777388542948 -1.4481661799484615 0
    endloop
  endfacet
  facet normal 0 0 -1
    outer loop
      vertex 5.125777388542948 -1.4481661799484615 0
      vertex 5.443499120512017 -1.080910495993309 0
      vertex 5.2481166559820815 -1.4119898411283032 0
    endloop
  endfacet
  facet normal 0 0 -1
    outer loop
      vertex 5.125777388542948 -1.4481661799484615 0
      vertex 5.246501607894988 -0.9192388155425119 0
      vertex 5.341029154024761 -1.0049135893715582 0
    endloop
  endfacet
  facet normal 0 0 -1
    outer loop
      vertex 5.2481166559820815 -1.4119898411283032 0
      vertex 5.443499120512017 -1.080910495993309 0
      vertex 5.3734127276885175 -1.3879790464119601 0
    endloop
  endfacet
  facet normal 0 0 -1
    outer loop
      vertex 5.125777388542948 -1.4481661799484615 0
      vertex 5.341029154024761 -1.0049135893715582 0
      vertex 5.443499120512017 -1.080910495993309 0
    endloop
  endfacet
  facet normal 0 0 -1
    outer loop
      vertex 4.7880722774464 -1.6256399052274482 0
      vertex 5.019242779784638 -0.6128157578737969 0
      vertex 5.084829927444191 -0.7222413029254828 0
    endloop
  endfacet
  facet normal 0 0 -1
    outer loop
      vertex 4.688889617747061 -1.705879695001224 0
      vertex 4.9217179869856285 -0.37737008043080106 0
      vertex 4.964697031172827 -0.4974884620746167 0
    endloop
  endfacet
  facet normal 0 0 -1
    outer loop
      vertex 4.688889617747061 -1.705879695001224 0
      vertex 4.8907195589133 -0.2536174186209667 0
      vertex 4.9217179869856285 -0.37737008043080106 0
    endloop
  endfacet
  facet normal 0 0 -1
    outer loop
      vertex 4.7880722774464 -1.6256399052274482 0
      vertex 4.964697031172827 -0.4974884620746167 0
      vertex 5.019242779784638 -0.6128157578737969 0
    endloop
  endfacet
  facet normal 0 0 -1
    outer loop
      vertex 4.598049424397824 -1.7954547089294828 0
      vertex 4.688889617747062 1.7058796950012232 0
      vertex 4.688889617747061 -1.705879695001224 0
    endloop
  endfacet
  facet normal 0 0 -1
    outer loop
      vertex 4.688889617747061 -1.705879695001224 0
      vertex 4.872000278763643 -0.1274222824284288 0
      vertex 4.8907195589133 -0.2536174186209667 0
    endloop
  endfacet
  facet normal 0 0 -1
    outer loop
      vertex 4.894642220264178 -1.5555080926472074 0
      vertex 5.084829927444191 -0.7222413029254828 0
      vertex 5.160826834065942 -0.8247112694127392 0
    endloop
  endfacet
  facet normal 0 0 -1
    outer loop
      vertex 5.125777388542948 -1.4481661799484615 0
      vertex 5.160826834065942 -0.8247112694127392 0
      vertex 5.246501607894988 -0.9192388155425119 0
    endloop
  endfacet
  facet normal 0 0 -1
    outer loop
      vertex 5.3734127276885175 -1.3879790464119601 0
      vertex 5.552924665563703 -1.1464976436528616 0
      vertex 5.500458933997922 -1.376365032878186 0
    endloop
  endfacet
  facet normal 0 0 -1
    outer loop
      vertex 5.3734127276885175 -1.3879790464119601 0
      vertex 5.443499120512017 -1.080910495993309 0
      vertex 5.552924665563703 -1.1464976436528616 0
    endloop
  endfacet
  facet normal 0 0 -1
    outer loop
      vertex 5.500458933997922 -1.376365032878186 0
      vertex 5.552924665563703 -1.1464976436528616 0
      vertex 5.668251961362883 -1.2010433922646728 0
    endloop
  endfacet
  facet normal 0 0 -1
    outer loop
      vertex 5.500458933997922 -1.376365032878186 0
      vertex 5.668251961362883 -1.2010433922646728 0
      vertex 5.628031750493016 -1.3772596498261778 0
    endloop
  endfacet
  facet normal 0 0 -1
    outer loop
      vertex 5.628031750493016 -1.3772596498261778 0
      vertex 5.788370343006699 -1.2440224364518715 0
      vertex 5.754902581212555 -1.390654281605678 0
    endloop
  endfacet
  facet normal 0 0 -1
    outer loop
      vertex 5.628031750493016 -1.3772596498261778 0
      vertex 5.668251961362883 -1.2010433922646728 0
      vertex 5.788370343006699 -1.2440224364518715 0
    endloop
  endfacet
  facet normal 0 0 -1
    outer loop
      vertex 5.754902581212555 -1.390654281605678 0
      vertex 5.788370343006699 -1.2440224364518715 0
      vertex 5.912123004816533 -1.2750208645241996 0
    endloop
  endfacet
  facet normal 0 0 -1
    outer loop
      vertex 5.754902581212555 -1.390654281605678 0
      vertex 5.912123004816533 -1.2750208645241996 0
      vertex 5.879849590702061 -1.4164199305903995 0
    endloop
  endfacet
  facet normal 0 0 -1
    outer loop
      vertex 5.879849590702061 -1.4164199305903995 0
      vertex 6.025002015059204 -1.2917648839808975 0
      vertex 5.985543304982484 -1.4492928848260676 0
    endloop
  endfacet
  facet normal 0 0 -1
    outer loop
      vertex 5.879849590702061 -1.4164199305903995 0
      vertex 5.912123004816533 -1.2750208645241996 0
      vertex 6.025002015059204 -1.2917648839808975 0
    endloop
  endfacet
  facet normal 0.9700312531945443 -0.24298017990326284 0
    outer loop
      vertex 5.985543304982484 -1.4492928848260676 0
      vertex 6.025002015059204 -1.2917648839808975 0
      vertex 6.025002015059204 -1.2917648839808975 7
    endloop
  endfacet
  facet normal 0.9700312531945403 -0.24298017990327792 0
    outer loop
      vertex 5.985543304982484 -1.4492928848260676 0
      vertex 5.990475643742075 -1.4296018847204213 7
      vertex 5.985543304982484 -1.4492928848260676 7
    endloop
  endfacet
  facet normal 0.9700312531945448 -0.24298017990326068 -5.1557670456586776e-17
    outer loop
      vertex 5.985543304982484 -1.4492928848260676 0
      vertex 6.025002015059204 -1.2917648839808975 7
      vertex 5.990475643742075 -1.4296018847204213 7
    endloop
  endfacet
  facet normal 0 0 -1
    outer loop
      vertex 2.85102768635334 -3.981846397164485 0
      vertex 2.9958886042637216 -0.1570078687288315 0
      vertex 3.2475998511136313 3.6655906489966643 0
    endloop
  endfacet
  facet normal 0 0 -1
    outer loop
      vertex 3.2475998511136313 3.6655906489966643 0
      vertex 2.9958886042637216 -0.1570078687288315 0
      vertex 3 0 0
    endloop
  endfacet
  facet normal 0 0 -1
    outer loop
      vertex 3.0337395325050767 3.8041890485607595 0
      vertex 3 0 0
      vertex 3 3.833917632114099 0
    endloop
  endfacet
  facet normal 0 0 -1
    outer loop
      vertex 3.0337395325050767 3.8041890485607595 0
      vertex 3.1372652404325168 3.7296367069067453 0
      vertex 3 0 0
    endloop
  endfacet
  facet normal 0 0 -1
    outer loop
      vertex 3.862508134572061 -3.520697828481752 0
      vertex 4.334234119231009 2.228685207476839 0
      vertex 4.383880640811522 2.111165648496513 0
    endloop
  endfacet
  facet normal 0 0 -1
    outer loop
      vertex 3.862508134572061 -3.520697828481752 0
      vertex 4.2963455903257275 2.3505050877319436 0
      vertex 4.334234119231009 2.228685207476839 0
    endloop
  endfacet
  facet normal 0 0 -1
    outer loop
      vertex 3.862508134572061 -3.520697828481752 0
      vertex 4.270579941341005 2.4754520972214498 0
      vertex 4.2963455903257275 2.3505050877319436 0
    endloop
  endfacet
  facet normal 0 0 -1
    outer loop
      vertex 3.862508134572061 -3.520697828481752 0
      vertex 3.9898300938557307 3.5287441029079827 0
      vertex 4.270579941341005 2.4754520972214498 0
    endloop
  endfacet
  facet normal 0 0 -1
    outer loop
      vertex 4.334234119231009 -2.2286852074768393 0
      vertex 4.383880640811522 2.111165648496513 0
      vertex 4.44480703192489 1.9990781883866713 0
    endloop
  endfacet
  facet normal 0 0 -1
    outer loop
      vertex 4.44480703192489 -1.9990781883866717 0
      vertex 4.598049424397825 1.7954547089294823 0
      vertex 4.688889617747062 1.7058796950012232 0
    endloop
  endfacet
  facet normal 0 0 -1
    outer loop
      vertex 4.334234119231009 -2.2286852074768393 0
      vertex 4.44480703192489 1.9990781883866713 0
      vertex 4.516426538118943 1.8935022906614112 0
    endloop
  endfacet
  facet normal 0 0 -1
    outer loop
      vertex 4.44480703192489 -1.9990781883866717 0
      vertex 4.516426538118943 1.8935022906614112 0
      vertex 4.598049424397825 1.7954547089294823 0
    endloop
  endfacet
  facet normal 0 0 -1
    outer loop
      vertex 2.938019736491559 -3.8885296941541228 0
      vertex 3.2475998511136313 3.6655906489966643 0
      vertex 3.3636807819325267 3.612667673379327 0
    endloop
  endfacet
  facet normal 0 0 -1
    outer loop
      vertex 3.3636807819325263 -3.6126676733793275 0
      vertex 3.3636807819325267 3.612667673379327 0
      vertex 3.484390110069126 3.571377457240569 0
    endloop
  endfacet
  facet normal 0 0 -1
    outer loop
      vertex 3.3636807819325263 -3.6126676733793275 0
      vertex 3.484390110069126 3.571377457240569 0
      vertex 3.6085653387070424 3.542117647933335 0
    endloop
  endfacet
  facet normal 0 0 -1
    outer loop
      vertex 3.3636807819325263 -3.6126676733793275 0
      vertex 3.6085653387070424 3.542117647933335 0
      vertex 3.735010592513408 3.525170033416293 0
    endloop
  endfacet
  facet normal 0 0 -1
    outer loop
      vertex 3.4843901100691257 -3.5713774572405694 0
      vertex 3.735010592513408 3.525170033416293 0
      vertex 3.8625081345720615 3.5206978284817505 0
    endloop
  endfacet
  facet normal 0 0 -1
    outer loop
      vertex 3.1372652404325168 3.7296367069067453 0
      vertex 3.2475998511136313 3.6655906489966643 0
      vertex 3 0 0
    endloop
  endfacet
  facet normal 0 0 -1
    outer loop
      vertex 3.862508134572061 -3.520697828481752 0
      vertex 3.8625081345720615 3.5206978284817505 0
      vertex 3.9898300938557307 3.5287441029079827 0
    endloop
  endfacet
  facet normal 0 0 -1
    outer loop
      vertex 4.688889617747061 -1.705879695001224 0
      vertex 4.688889617747062 1.7058796950012232 0
      vertex 4.872000278763643 -0.1274222824284288 0
    endloop
  endfacet
  facet normal 0 0 -1
    outer loop
      vertex 4.872000278763643 -0.1274222824284288 0
      vertex 4.688889617747062 1.7058796950012232 0
      vertex 4.8657404234375 0 0
    endloop
  endfacet
  facet normal 0 0 -1
    outer loop
      vertex 4.8657404234375 0 0
      vertex 4.688889617747062 1.7058796950012232 0
      vertex 4.872000278763643 0.1274222824284288 0
    endloop
  endfacet
  facet normal 0 0 -1
    outer loop
      vertex 4.872000278763643 0.1274222824284288 0
      vertex 4.688889617747062 1.7058796950012232 0
      vertex 4.8907195589133 0.2536174186209667 0
    endloop
  endfacet
  facet normal 0 0 -1
    outer loop
      vertex 4.8907195589133 0.2536174186209667 0
      vertex 4.688889617747062 1.7058796950012232 0
      vertex 4.9217179869856285 0.37737008043080106 0
    endloop
  endfacet
  facet normal 0 0 -1
    outer loop
      vertex 4.9217179869856285 0.37737008043080106 0
      vertex 4.688889617747062 1.7058796950012232 0
      vertex 4.964697031172827 0.4974884620746167 0
    endloop
  endfacet
  facet normal 0 0 -1
    outer loop
      vertex 4.964697031172827 0.4974884620746167 0
      vertex 5.125777388542949 1.4481661799484606 0
      vertex 5.019242779784638 0.6128157578737969 0
    endloop
  endfacet
  facet normal 0 0 -1
    outer loop
      vertex 5.019242779784638 0.6128157578737969 0
      vertex 5.125777388542949 1.4481661799484606 0
      vertex 5.084829927444191 0.7222413029254828 0
    endloop
  endfacet
  facet normal 0 0 -1
    outer loop
      vertex 5.084829927444191 0.7222413029254828 0
      vertex 5.248116655982082 1.411989841128302 0
      vertex 5.160826834065942 0.8247112694127392 0
    endloop
  endfacet
  facet normal 0 0 -1
    outer loop
      vertex 4.964697031172827 0.4974884620746167 0
      vertex 4.688889617747062 1.7058796950012232 0
      vertex 4.7880722774464 1.625639905227447 0
    endloop
  endfacet
  facet normal 0 0 -1
    outer loop
      vertex 4.964697031172827 0.4974884620746167 0
      vertex 4.7880722774464 1.625639905227447 0
      vertex 4.894642220264179 1.555508092647207 0
    endloop
  endfacet
  facet normal 0 0 -1
    outer loop
      vertex 4.964697031172827 0.4974884620746167 0
      vertex 4.894642220264179 1.555508092647207 0
      vertex 5.007573119394005 1.496159664953598 0
    endloop
  endfacet
  facet normal 0 0 -1
    outer loop
      vertex 4.964697031172827 0.4974884620746167 0
      vertex 5.007573119394005 1.496159664953598 0
      vertex 5.125777388542949 1.4481661799484606 0
    endloop
  endfacet
  facet normal 0 0 -1
    outer loop
      vertex 5.084829927444191 0.7222413029254828 0
      vertex 5.125777388542949 1.4481661799484606 0
      vertex 5.248116655982082 1.411989841128302 0
    endloop
  endfacet
  facet normal 0 0 -1
    outer loop
      vertex 5.160826834065942 0.8247112694127392 0
      vertex 5.248116655982082 1.411989841128302 0
      vertex 5.246501607894988 0.9192388155425119 0
    endloop
  endfacet
  facet normal 0 0 -1
    outer loop
      vertex 5.246501607894988 0.9192388155425119 0
      vertex 5.248116655982082 1.411989841128302 0
      vertex 5.341029154024761 1.0049135893715582 0
    endloop
  endfacet
  facet normal 0 0 -1
    outer loop
      vertex 5.341029154024761 1.0049135893715582 0
      vertex 5.248116655982082 1.411989841128302 0
      vertex 5.373412727688518 1.3879790464119595 0
    endloop
  endfacet
  facet normal 0 0 -1
    outer loop
      vertex 5.341029154024761 1.0049135893715582 0
      vertex 5.500458933997922 1.3763650328781856 0
      vertex 5.443499120512017 1.080910495993309 0
    endloop
  endfacet
  facet normal 0 0 -1
    outer loop
      vertex 5.443499120512017 1.080910495993309 0
      vertex 5.500458933997922 1.3763650328781856 0
      vertex 5.552924665563703 1.1464976436528616 0
    endloop
  endfacet
  facet normal 0 0 -1
    outer loop
      vertex 5.341029154024761 1.0049135893715582 0
      vertex 5.373412727688518 1.3879790464119595 0
      vertex 5.500458933997922 1.3763650328781856 0
    endloop
  endfacet
  facet normal 0 0 -1
    outer loop
      vertex 5.552924665563703 1.1464976436528616 0
      vertex 5.500458933997922 1.3763650328781856 0
      vertex 5.628031750493016 1.3772596498261769 0
    endloop
  endfacet
  facet normal 0 0 -1
    outer loop
      vertex 5.552924665563703 1.1464976436528616 0
      vertex 5.754902581212556 1.3906542816056773 0
      vertex 5.668251961362883 1.2010433922646728 0
    endloop
  endfacet
  facet normal 0 0 -1
    outer loop
      vertex 5.552924665563703 1.1464976436528616 0
      vertex 5.628031750493016 1.3772596498261769 0
      vertex 5.754902581212556 1.3906542816056773 0
    endloop
  endfacet
  facet normal 0 0 -1
    outer loop
      vertex 5.668251961362883 1.2010433922646728 0
      vertex 5.754902581212556 1.3906542816056773 0
      vertex 5.788370343006699 1.2440224364518715 0
    endloop
  endfacet
  facet normal 0 0 -1
    outer loop
      vertex 5.754902581212556 1.3906542816056773 0
      vertex 5.879849590702062 1.4164199305903986 0
      vertex 5.788370343006699 1.2440224364518715 0
    endloop
  endfacet
  facet normal 0 0 -1
    outer loop
      vertex 5.788370343006699 1.2440224364518715 0
      vertex 5.985543304982484 1.4492928848260664 0
      vertex 5.912123004816533 1.2750208645241996 0
    endloop
  endfacet
  facet normal 0 0 -1
    outer loop
      vertex 5.788370343006699 1.2440224364518715 0
      vertex 5.879849590702062 1.4164199305903986 0
      vertex 5.985543304982484 1.4492928848260664 0
    endloop
  endfacet
  facet normal 0 0 -1
    outer loop
      vertex 5.912123004816533 1.2750208645241996 0
      vertex 5.985543304982484 1.4492928848260664 0
      vertex 6.025002015059204 1.2917648839808975 0
    endloop
  endfacet
  facet normal 0.9700312531945439 0.24298017990326445 0
    outer loop
      vertex 6.025002015059204 1.2917648839808975 0
      vertex 5.985543304982484 1.4492928848260664 0
      vertex 5.985543304982484 1.4492928848260664 7
    endloop
  endfacet
  facet normal 0.9700312531945439 0.24298017990326445 0
    outer loop
      vertex 6.025002015059204 1.2917648839808975 0
      vertex 5.985543304982484 1.4492928848260664 7
      vertex 6.025002015059204 1.2917648839808975 7
    endloop
  endfacet
  facet normal 0 0 -1
    outer loop
      vertex 4.270579941341005 2.4754520972214498 0
      vertex 3.9898300938557307 3.5287441029079827 0
      vertex 4.257185309561505 2.602322927940989 0
    endloop
  endfacet
  facet normal 0 0 -1
    outer loop
      vertex 4.257185309561505 2.602322927940989 0
      vertex 3.9898300938557307 3.5287441029079827 0
      vertex 4.256290692613513 2.7298957444360825 0
    endloop
  endfacet
  facet normal 0 0 -1
    outer loop
      vertex 4.256290692613513 2.7298957444360825 0
      vertex 3.9898300938557307 3.5287441029079827 0
      vertex 4.267904706147287 2.8569419507454876 0
    endloop
  endfacet
  facet normal 0 0 -1
    outer loop
      vertex 4.267904706147287 2.8569419507454876 0
      vertex 3.9898300938557307 3.5287441029079827 0
      vertex 4.291915500863631 2.982238022451923 0
    endloop
  endfacet
  facet normal 0 0 -1
    outer loop
      vertex 4.291915500863631 2.982238022451923 0
      vertex 3.9898300938557307 3.5287441029079827 0
      vertex 4.115750290295251 3.549231366673724 0
    endloop
  endfacet
  facet normal 0 0 -1
    outer loop
      vertex 4.291915500863631 2.982238022451923 0
      vertex 4.115750290295251 3.549231366673724 0
      vertex 4.23905604356393 3.5819623162294336 0
    endloop
  endfacet
  facet normal 0 0 -1
    outer loop
      vertex 4.291915500863631 2.982238022451923 0
      vertex 4.358559851852006 3.626621734638331 0
      vertex 4.328091839683789 3.1045772898910555 0
    endloop
  endfacet
  facet normal 0 0 -1
    outer loop
      vertex 4.291915500863631 2.982238022451923 0
      vertex 4.23905604356393 3.5819623162294336 0
      vertex 4.358559851852006 3.626621734638331 0
    endloop
  endfacet
  facet normal 0 0 -1
    outer loop
      vertex 4.328091839683789 3.1045772898910555 0
      vertex 4.473110828158243 3.682779527287819 0
      vertex 4.376085324688926 3.2227815590400004 0
    endloop
  endfacet
  facet normal 0 0 -1
    outer loop
      vertex 4.376085324688926 3.2227815590400004 0
      vertex 4.473110828158243 3.682779527287819 0
      vertex 4.435433752382536 3.3357124581698274 0
    endloop
  endfacet
  facet normal 0 0 -1
    outer loop
      vertex 4.328091839683789 3.1045772898910555 0
      vertex 4.358559851852006 3.626621734638331 0
      vertex 4.473110828158243 3.682779527287819 0
    endloop
  endfacet
  facet normal 0 0 -1
    outer loop
      vertex 4.435433752382536 3.3357124581698274 0
      vertex 4.473110828158243 3.682779527287819 0
      vertex 4.505565564962775 3.4422824009876054 0
    endloop
  endfacet
  facet normal 0 0 -1
    outer loop
      vertex 4.505565564962775 3.4422824009876054 0
      vertex 4.473110828158243 3.682779527287819 0
      vertex 4.585805354736551 3.5414650606869436 0
    endloop
  endfacet
  facet normal 0 0 -1
    outer loop
      vertex 4.585805354736551 3.5414650606869436 0
      vertex 4.473110828158243 3.682779527287819 0
      vertex 4.581605783960873 3.7498948639357095 0
    endloop
  endfacet
  facet normal 0 0 -1
    outer loop
      vertex 4.585805354736551 3.5414650606869436 0
      vertex 4.581605783960873 3.7498948639357095 0
      vertex 4.67538036866481 3.632305254036181 0
    endloop
  endfacet
  facet normal 0 0 -1
    outer loop
      vertex 4.581605783960873 3.7498948639357095 0
      vertex 4.682999853526145 3.8273213872011085 0
      vertex 4.67538036866481 3.632305254036181 0
    endloop
  endfacet
  facet normal 0 0 -1
    outer loop
      vertex 4.67538036866481 3.632305254036181 0
      vertex 4.769092803406999 3.907579282850839 0
      vertex 4.773427950396739 3.713928140315062 0
    endloop
  endfacet
  facet normal 0 0 -1
    outer loop
      vertex 4.67538036866481 3.632305254036181 0
      vertex 4.682999853526145 3.8273213872011085 0
      vertex 4.769092803406999 3.907579282850839 0
    endloop
  endfacet
  facet normal 0 0 -1
    outer loop
      vertex 4.773427950396739 3.713928140315062 0
      vertex 4.769092803406999 3.907579282850839 0
      vertex 4.86609316864639 3.776789430774316 0
    endloop
  endfacet
  facet normal 0.8032075314806468 0.5956993044924309 0
    outer loop
      vertex 4.86609316864639 3.776789430774316 0
      vertex 4.769092803406999 3.907579282850839 0
      vertex 4.769092803406999 3.907579282850839 7
    endloop
  endfacet
  facet normal 0.8032075314806432 0.5956993044924357 0
    outer loop
      vertex 4.86609316864639 3.776789430774316 0
      vertex 4.817592986026694 3.8421843568125773 7
      vertex 4.86609316864639 3.776789430774316 7
    endloop
  endfacet
  facet normal 0.8032075314806503 0.595699304492426 1.400147427029506e-16
    outer loop
      vertex 4.86609316864639 3.776789430774316 0
      vertex 4.769092803406999 3.907579282850839 7
      vertex 4.817592986026694 3.8421843568125773 7
    endloop
  endfacet
  facet normal -0.9415440651830208 -0.3368898533922198 0
    outer loop
      vertex -0.5846958353430378 -4.8250591565809025 12.95
      vertex -0.5846958353430378 -4.8250591565809025 14.049999999999999
      vertex -0.6056190328770548 -4.766582736871491 12.95
    endloop
  endfacet
  facet normal -0.9700312531945445 -0.24298017990326187 0
    outer loop
      vertex -0.6056190328770548 -4.766582736871491 12.95
      vertex -0.6056190328770548 -4.766582736871491 14.049999999999999
      vertex -0.620709788059426 -4.706337065117376 12.95
    endloop
  endfacet
  facet normal -0.857728610000274 -0.5141027441932186 0
    outer loop
      vertex -0.5262123495756188 -4.934474062714501 12.95
      vertex -0.5262123495756188 -4.934474062714501 14.049999999999999
      vertex -0.5581416972874111 -4.881203164357347 12.95
    endloop
  endfacet
  facet normal -0.8032075314806429 -0.595699304492436 0
    outer loop
      vertex -0.4892152892804823 -4.984358823780349 12.95
      vertex -0.4892152892804823 -4.984358823780349 14.049999999999999
      vertex -0.5262123495756188 -4.934474062714501 12.95
    endloop
  endfacet
  facet normal -0.7409511253549638 -0.6715589548470134 0
    outer loop
      vertex -0.4475068183172942 -5.030377030036044 12.95
      vertex -0.4475068183172942 -5.030377030036044 14.049999999999999
      vertex -0.4892152892804823 -4.984358823780349 12.95
    endloop
  endfacet
  facet normal -0.671558954847012 -0.7409511253549649 0
    outer loop
      vertex -0.4475068183172942 -5.030377030036044 12.95
      vertex -0.40148861206159947 -5.072085500999232 12.95
      vertex -0.4475068183172942 -5.030377030036044 14.049999999999999
    endloop
  endfacet
  facet normal -0.9039892931234418 -0.42755509343028547 0
    outer loop
      vertex -0.5846958353430378 -4.8250591565809025 12.95
      vertex -0.5581416972874111 -4.881203164357347 12.95
      vertex -0.5581416972874111 -4.881203164357347 14.049999999999999
    endloop
  endfacet
  facet normal -0.5956993044924318 -0.8032075314806462 0
    outer loop
      vertex -0.40148861206159947 -5.072085500999232 12.95
      vertex -0.3516038509957509 -5.109082561294368 12.95
      vertex -0.40148861206159947 -5.072085500999232 14.049999999999999
    endloop
  endfacet
  facet normal -0.5141027441932242 -0.8577286100002705 0
    outer loop
      vertex -0.3516038509957509 -5.109082561294368 12.95
      vertex -0.298332952638597 -5.141011909006161 12.95
      vertex -0.3516038509957509 -5.109082561294368 14.049999999999999
    endloop
  endfacet
  facet normal -0.33688985339221417 -0.941544065183023 0
    outer loop
      vertex -0.2421889448621523 -5.167566047061788 12.95
      vertex -0.18371252515274059 -5.188489244595805 12.95
      vertex -0.2421889448621523 -5.167566047061788 14.049999999999999
    endloop
  endfacet
  facet normal -0.4275550934302907 -0.9039892931234391 0
    outer loop
      vertex -0.298332952638597 -5.141011909006161 12.95
      vertex -0.2421889448621523 -5.167566047061788 12.95
      vertex -0.298332952638597 -5.141011909006161 14.049999999999999
    endloop
  endfacet
  facet normal -0.24298017990326798 -0.9700312531945431 0
    outer loop
      vertex -0.1234668533986262 -5.203579999778176 12.95
      vertex -0.18371252515274059 -5.188489244595805 14.049999999999999
      vertex -0.18371252515274059 -5.188489244595805 12.95
    endloop
  endfacet
  facet normal -0.14673047445535656 -0.9891765099647817 0
    outer loop
      vertex -0.1234668533986262 -5.203579999778176 12.95
      vertex -0.06203212835243545 -5.212692980387049 12.95
      vertex -0.1234668533986262 -5.203579999778176 14.049999999999999
    endloop
  endfacet
  facet normal -0.049067674327413525 -0.9987954562051726 0
    outer loop
      vertex -0.06203212835243545 -5.212692980387049 12.95
      vertex 0 -5.2157404234374996 12.95
      vertex -0.06203212835243545 -5.212692980387049 14.049999999999999
    endloop
  endfacet
  facet normal -0.9415440651830208 -0.3368898533922198 0
    outer loop
      vertex -0.6056190328770548 -4.766582736871491 12.95
      vertex -0.5846958353430378 -4.8250591565809025 14.049999999999999
      vertex -0.6056190328770548 -4.766582736871491 14.049999999999999
    endloop
  endfacet
  facet normal -0.9700312531945445 -0.24298017990326187 0
    outer loop
      vertex -0.620709788059426 -4.706337065117376 12.95
      vertex -0.6056190328770548 -4.766582736871491 14.049999999999999
      vertex -0.620709788059426 -4.706337065117376 14.049999999999999
    endloop
  endfacet
  facet normal -0.8032075314806429 -0.595699304492436 0
    outer loop
      vertex -0.5262123495756188 -4.934474062714501 12.95
      vertex -0.4892152892804823 -4.984358823780349 14.049999999999999
      vertex -0.5262123495756188 -4.934474062714501 14.049999999999999
    endloop
  endfacet
  facet normal -0.7409511253549638 -0.6715589548470134 0
    outer loop
      vertex -0.4892152892804823 -4.984358823780349 12.95
      vertex -0.4475068183172942 -5.030377030036044 14.049999999999999
      vertex -0.4892152892804823 -4.984358823780349 14.049999999999999
    endloop
  endfacet
  facet normal -0.671558954847012 -0.7409511253549649 0
    outer loop
      vertex -0.40148861206159947 -5.072085500999232 12.95
      vertex -0.40148861206159947 -5.072085500999232 14.049999999999999
      vertex -0.4475068183172942 -5.030377030036044 14.049999999999999
    endloop
  endfacet
  facet normal -0.857728610000274 -0.5141027441932186 0
    outer loop
      vertex -0.5581416972874111 -4.881203164357347 12.95
      vertex -0.5262123495756188 -4.934474062714501 14.049999999999999
      vertex -0.5581416972874111 -4.881203164357347 14.049999999999999
    endloop
  endfacet
  facet normal -0.9039892931234418 -0.42755509343028547 0
    outer loop
      vertex -0.5846958353430378 -4.8250591565809025 12.95
      vertex -0.5581416972874111 -4.881203164357347 14.049999999999999
      vertex -0.5846958353430378 -4.8250591565809025 14.049999999999999
    endloop
  endfacet
  facet normal -0.5956993044924318 -0.8032075314806462 0
    outer loop
      vertex -0.3516038509957509 -5.109082561294368 12.95
      vertex -0.3516038509957509 -5.109082561294368 14.049999999999999
      vertex -0.40148861206159947 -5.072085500999232 14.049999999999999
    endloop
  endfacet
  facet normal -0.5141027441932242 -0.8577286100002705 0
    outer loop
      vertex -0.298332952638597 -5.141011909006161 12.95
      vertex -0.298332952638597 -5.141011909006161 14.049999999999999
      vertex -0.3516038509957509 -5.109082561294368 14.049999999999999
    endloop
  endfacet
  facet normal -0.33688985339221417 -0.941544065183023 0
    outer loop
      vertex -0.18371252515274059 -5.188489244595805 12.95
      vertex -0.18371252515274059 -5.188489244595805 14.049999999999999
      vertex -0.2421889448621523 -5.167566047061788 14.049999999999999
    endloop
  endfacet
  facet normal -0.4275550934302907 -0.9039892931234391 0
    outer loop
      vertex -0.2421889448621523 -5.167566047061788 12.95
      vertex -0.2421889448621523 -5.167566047061788 14.049999999999999
      vertex -0.298332952638597 -5.141011909006161 14.049999999999999
    endloop
  endfacet
  facet normal -0.24298017990326798 -0.9700312531945431 0
    outer loop
      vertex -0.1234668533986262 -5.203579999778176 12.95
      vertex -0.1234668533986262 -5.203579999778176 14.049999999999999
      vertex -0.18371252515274059 -5.188489244595805 14.049999999999999
    endloop
  endfacet
  facet normal -0.14673047445535656 -0.9891765099647817 0
    outer loop
      vertex -0.06203212835243545 -5.212692980387049 12.95
      vertex -0.06203212835243545 -5.212692980387049 14.049999999999999
      vertex -0.1234668533986262 -5.203579999778176 14.049999999999999
    endloop
  endfacet
  facet normal -0.049067674327413525 -0.9987954562051726 0
    outer loop
      vertex -0.06203212835243545 -5.212692980387049 14.049999999999999
      vertex 0 -5.2157404234374996 12.95
      vertex 0 -5.2157404234374996 14.049999999999999
    endloop
  endfacet
  facet normal -0.9891765099647807 -0.14673047445536436 0
    outer loop
      vertex -0.6298227686682997 -4.6449023400711855 12.95
      vertex -0.620709788059426 -4.706337065117376 12.95
      vertex -0.620709788059426 -4.706337065117376 14.049999999999999
    endloop
  endfacet
  facet normal -0.9987954562051724 -0.04906767432741693 0
    outer loop
      vertex -0.6298227686682997 -4.6449023400711855 12.95
      vertex -0.6298227686682997 -4.6449023400711855 14.049999999999999
      vertex -0.63287021171875 -4.58287021171875 12.95
    endloop
  endfacet
  facet normal -0.9987954562051724 0.04906767432741693 0
    outer loop
      vertex -0.63287021171875 -4.58287021171875 12.95
      vertex -0.63287021171875 -4.58287021171875 14.049999999999999
      vertex -0.6298227686682997 -4.520838083366314 12.95
    endloop
  endfacet
  facet normal -0.9891765099647807 0.14673047445536436 0
    outer loop
      vertex -0.6298227686682997 -4.520838083366314 12.95
      vertex -0.6298227686682997 -4.520838083366314 14.049999999999999
      vertex -0.620709788059426 -4.459403358320124 12.95
    endloop
  endfacet
  facet normal -0.9700312531945445 0.24298017990326187 0
    outer loop
      vertex -0.620709788059426 -4.459403358320124 12.95
      vertex -0.620709788059426 -4.459403358320124 14.049999999999999
      vertex -0.6056190328770548 -4.399157686566009 12.95
    endloop
  endfacet
  facet normal -0.9415440651830208 0.3368898533922198 0
    outer loop
      vertex -0.6056190328770548 -4.399157686566009 12.95
      vertex -0.6056190328770548 -4.399157686566009 14.049999999999999
      vertex -0.5846958353430378 -4.340681266856597 12.95
    endloop
  endfacet
  facet normal -0.9039892931234418 0.42755509343028547 0
    outer loop
      vertex -0.5846958353430378 -4.340681266856597 12.95
      vertex -0.5846958353430378 -4.340681266856597 14.049999999999999
      vertex -0.5581416972874111 -4.284537259080153 12.95
    endloop
  endfacet
  facet normal -0.857728610000274 0.5141027441932186 0
    outer loop
      vertex -0.5581416972874111 -4.284537259080153 12.95
      vertex -0.5581416972874111 -4.284537259080153 14.049999999999999
      vertex -0.5262123495756188 -4.231266360722999 12.95
    endloop
  endfacet
  facet normal -0.8032075314806429 0.595699304492436 0
    outer loop
      vertex -0.5262123495756188 -4.231266360722999 12.95
      vertex -0.5262123495756188 -4.231266360722999 14.049999999999999
      vertex -0.4892152892804823 -4.181381599657151 12.95
    endloop
  endfacet
  facet normal -0.7409511253549638 0.6715589548470134 0
    outer loop
      vertex -0.4892152892804823 -4.181381599657151 12.95
      vertex -0.4892152892804823 -4.181381599657151 14.049999999999999
      vertex -0.4475068183172942 -4.135363393401455 12.95
    endloop
  endfacet
  facet normal -0.671558954847012 0.7409511253549649 0
    outer loop
      vertex -0.4475068183172942 -4.135363393401455 12.95
      vertex -0.40148861206159947 -4.093654922438268 14.049999999999999
      vertex -0.40148861206159947 -4.093654922438268 12.95
    endloop
  endfacet
  facet normal -0.5956993044924318 0.8032075314806462 0
    outer loop
      vertex -0.40148861206159947 -4.093654922438268 12.95
      vertex -0.3516038509957509 -4.0566578621431315 14.049999999999999
      vertex -0.3516038509957509 -4.0566578621431315 12.95
    endloop
  endfacet
  facet normal -0.5141027441932242 0.8577286100002705 0
    outer loop
      vertex -0.3516038509957509 -4.0566578621431315 12.95
      vertex -0.298332952638597 -4.024728514431339 14.049999999999999
      vertex -0.298332952638597 -4.024728514431339 12.95
    endloop
  endfacet
  facet normal -0.42755509343028497 0.9039892931234421 0
    outer loop
      vertex -0.298332952638597 -4.024728514431339 12.95
      vertex -0.2421889448621523 -3.998174376375712 14.049999999999999
      vertex -0.2421889448621523 -3.998174376375712 12.95
    endloop
  endfacet
  facet normal -0.9891765099647807 -0.14673047445536436 0
    outer loop
      vertex -0.6298227686682997 -4.6449023400711855 12.95
      vertex -0.620709788059426 -4.706337065117376 14.049999999999999
      vertex -0.6298227686682997 -4.6449023400711855 14.049999999999999
    endloop
  endfacet
  facet normal -0.9987954562051724 -0.04906767432741693 0
    outer loop
      vertex -0.6298227686682997 -4.6449023400711855 14.049999999999999
      vertex -0.63287021171875 -4.58287021171875 14.049999999999999
      vertex -0.63287021171875 -4.58287021171875 12.95
    endloop
  endfacet
  facet normal -0.9987954562051724 0.04906767432741693 0
    outer loop
      vertex -0.6298227686682997 -4.520838083366314 12.95
      vertex -0.63287021171875 -4.58287021171875 14.049999999999999
      vertex -0.6298227686682997 -4.520838083366314 14.049999999999999
    endloop
  endfacet
  facet normal -0.9891765099647807 0.14673047445536436 0
    outer loop
      vertex -0.620709788059426 -4.459403358320124 12.95
      vertex -0.6298227686682997 -4.520838083366314 14.049999999999999
      vertex -0.620709788059426 -4.459403358320124 14.049999999999999
    endloop
  endfacet
  facet normal -0.9700312531945445 0.24298017990326187 0
    outer loop
      vertex -0.6056190328770548 -4.399157686566009 12.95
      vertex -0.620709788059426 -4.459403358320124 14.049999999999999
      vertex -0.6056190328770548 -4.399157686566009 14.049999999999999
    endloop
  endfacet
  facet normal -0.9415440651830208 0.3368898533922198 0
    outer loop
      vertex -0.5846958353430378 -4.340681266856597 12.95
      vertex -0.6056190328770548 -4.399157686566009 14.049999999999999
      vertex -0.5846958353430378 -4.340681266856597 14.049999999999999
    endloop
  endfacet
  facet normal -0.9039892931234418 0.42755509343028547 0
    outer loop
      vertex -0.5581416972874111 -4.284537259080153 12.95
      vertex -0.5846958353430378 -4.340681266856597 14.049999999999999
      vertex -0.5581416972874111 -4.284537259080153 14.049999999999999
    endloop
  endfacet
  facet normal -0.857728610000274 0.5141027441932186 0
    outer loop
      vertex -0.5262123495756188 -4.231266360722999 12.95
      vertex -0.5581416972874111 -4.284537259080153 14.049999999999999
      vertex -0.5262123495756188 -4.231266360722999 14.049999999999999
    endloop
  endfacet
  facet normal -0.8032075314806429 0.595699304492436 0
    outer loop
      vertex -0.4892152892804823 -4.181381599657151 12.95
      vertex -0.5262123495756188 -4.231266360722999 14.049999999999999
      vertex -0.4892152892804823 -4.181381599657151 14.049999999999999
    endloop
  endfacet
  facet normal -0.7409511253549638 0.6715589548470134 0
    outer loop
      vertex -0.4475068183172942 -4.135363393401455 12.95
      vertex -0.4892152892804823 -4.181381599657151 14.049999999999999
      vertex -0.4475068183172942 -4.135363393401455 14.049999999999999
    endloop
  endfacet
  facet normal -0.671558954847012 0.7409511253549649 0
    outer loop
      vertex -0.4475068183172942 -4.135363393401455 12.95
      vertex -0.4475068183172942 -4.135363393401455 14.049999999999999
      vertex -0.40148861206159947 -4.093654922438268 14.049999999999999
    endloop
  endfacet
  facet normal -0.5956993044924318 0.8032075314806462 0
    outer loop
      vertex -0.40148861206159947 -4.093654922438268 12.95
      vertex -0.40148861206159947 -4.093654922438268 14.049999999999999
      vertex -0.3516038509957509 -4.0566578621431315 14.049999999999999
    endloop
  endfacet
  facet normal -0.5141027441932242 0.8577286100002705 0
    outer loop
      vertex -0.3516038509957509 -4.0566578621431315 12.95
      vertex -0.3516038509957509 -4.0566578621431315 14.049999999999999
      vertex -0.298332952638597 -4.024728514431339 14.049999999999999
    endloop
  endfacet
  facet normal -0.42755509343028497 0.9039892931234421 0
    outer loop
      vertex -0.298332952638597 -4.024728514431339 12.95
      vertex -0.298332952638597 -4.024728514431339 14.049999999999999
      vertex -0.2421889448621523 -3.998174376375712 14.049999999999999
    endloop
  endfacet
  facet normal -0.3368898533922205 0.9415440651830207 0
    outer loop
      vertex -0.2421889448621523 -3.998174376375712 12.95
      vertex -0.18371252515274059 -3.977251178841695 14.049999999999999
      vertex -0.18371252515274059 -3.977251178841695 12.95
    endloop
  endfacet
  facet normal -0.24298017990326126 0.9700312531945449 0
    outer loop
      vertex -0.18371252515274059 -3.977251178841695 12.95
      vertex -0.1234668533986262 -3.962160423659324 14.049999999999999
      vertex -0.1234668533986262 -3.962160423659324 12.95
    endloop
  endfacet
  facet normal -0.14673047445536355 0.9891765099647807 0
    outer loop
      vertex -0.1234668533986262 -3.962160423659324 12.95
      vertex -0.06203212835243545 -3.9530474430504503 14.049999999999999
      vertex -0.06203212835243545 -3.9530474430504503 12.95
    endloop
  endfacet
  facet normal -0.049067674327420666 0.9987954562051724 0
    outer loop
      vertex -0.06203212835243545 -3.9530474430504503 12.95
      vertex 0 -3.9499999999999997 14.049999999999999
      vertex 0 -3.9499999999999997 12.95
    endloop
  endfacet
  facet normal -0.3368898533922205 0.9415440651830207 0
    outer loop
      vertex -0.2421889448621523 -3.998174376375712 12.95
      vertex -0.2421889448621523 -3.998174376375712 14.049999999999999
      vertex -0.18371252515274059 -3.977251178841695 14.049999999999999
    endloop
  endfacet
  facet normal -0.24298017990326126 0.9700312531945449 0
    outer loop
      vertex -0.18371252515274059 -3.977251178841695 12.95
      vertex -0.18371252515274059 -3.977251178841695 14.049999999999999
      vertex -0.1234668533986262 -3.962160423659324 14.049999999999999
    endloop
  endfacet
  facet normal -0.14673047445536355 0.9891765099647807 0
    outer loop
      vertex -0.1234668533986262 -3.962160423659324 12.95
      vertex -0.1234668533986262 -3.962160423659324 14.049999999999999
      vertex -0.06203212835243545 -3.9530474430504503 14.049999999999999
    endloop
  endfacet
  facet normal -0.049067674327420666 0.9987954562051724 0
    outer loop
      vertex -0.06203212835243545 -3.9530474430504503 12.95
      vertex -0.06203212835243545 -3.9530474430504503 14.049999999999999
      vertex 0 -3.9499999999999997 14.049999999999999
    endloop
  endfacet
  facet normal 0.049067674327413525 -0.9987954562051726 0
    outer loop
      vertex 0 -5.2157404234374996 12.95
      vertex 0.06203212835243545 -5.212692980387049 12.95
      vertex 0 -5.2157404234374996 14.049999999999999
    endloop
  endfacet
  facet normal 0.14673047445535656 -0.9891765099647817 0
    outer loop
      vertex 0.06203212835243545 -5.212692980387049 12.95
      vertex 0.1234668533986262 -5.203579999778176 12.95
      vertex 0.06203212835243545 -5.212692980387049 14.049999999999999
    endloop
  endfacet
  facet normal 0.24298017990326798 -0.9700312531945431 0
    outer loop
      vertex 0.1234668533986262 -5.203579999778176 12.95
      vertex 0.18371252515274059 -5.188489244595805 12.95
      vertex 0.1234668533986262 -5.203579999778176 14.049999999999999
    endloop
  endfacet
  facet normal 0.33688985339221417 -0.941544065183023 0
    outer loop
      vertex 0.18371252515274059 -5.188489244595805 12.95
      vertex 0.2421889448621523 -5.167566047061788 12.95
      vertex 0.18371252515274059 -5.188489244595805 14.049999999999999
    endloop
  endfacet
  facet normal 0.4275550934302907 -0.9039892931234391 0
    outer loop
      vertex 0.2421889448621523 -5.167566047061788 12.95
      vertex 0.298332952638597 -5.141011909006161 12.95
      vertex 0.2421889448621523 -5.167566047061788 14.049999999999999
    endloop
  endfacet
  facet normal 0.5141027441932242 -0.8577286100002705 0
    outer loop
      vertex 0.298332952638597 -5.141011909006161 12.95
      vertex 0.3516038509957509 -5.109082561294368 12.95
      vertex 0.298332952638597 -5.141011909006161 14.049999999999999
    endloop
  endfacet
  facet normal 0.5956993044924318 -0.8032075314806462 0
    outer loop
      vertex 0.3516038509957509 -5.109082561294368 12.95
      vertex 0.40148861206159947 -5.072085500999232 12.95
      vertex 0.3516038509957509 -5.109082561294368 14.049999999999999
    endloop
  endfacet
  facet normal 0.671558954847012 -0.7409511253549649 0
    outer loop
      vertex 0.40148861206159947 -5.072085500999232 12.95
      vertex 0.4475068183172942 -5.030377030036044 12.95
      vertex 0.40148861206159947 -5.072085500999232 14.049999999999999
    endloop
  endfacet
  facet normal 0.7409511253549638 -0.6715589548470134 0
    outer loop
      vertex 0.4475068183172942 -5.030377030036044 12.95
      vertex 0.4892152892804823 -4.984358823780349 12.95
      vertex 0.4892152892804823 -4.984358823780349 14.049999999999999
    endloop
  endfacet
  facet normal 0.8032075314806429 -0.595699304492436 0
    outer loop
      vertex 0.4892152892804823 -4.984358823780349 12.95
      vertex 0.5262123495756188 -4.934474062714501 12.95
      vertex 0.5262123495756188 -4.934474062714501 14.049999999999999
    endloop
  endfacet
  facet normal 0.857728610000274 -0.5141027441932186 0
    outer loop
      vertex 0.5262123495756188 -4.934474062714501 12.95
      vertex 0.5581416972874111 -4.881203164357347 12.95
      vertex 0.5581416972874111 -4.881203164357347 14.049999999999999
    endloop
  endfacet
  facet normal 0.9039892931234418 -0.42755509343028547 0
    outer loop
      vertex 0.5581416972874111 -4.881203164357347 12.95
      vertex 0.5846958353430378 -4.8250591565809025 12.95
      vertex 0.5846958353430378 -4.8250591565809025 14.049999999999999
    endloop
  endfacet
  facet normal 0.9415440651830208 -0.3368898533922198 0
    outer loop
      vertex 0.5846958353430378 -4.8250591565809025 12.95
      vertex 0.6056190328770548 -4.766582736871491 12.95
      vertex 0.6056190328770548 -4.766582736871491 14.049999999999999
    endloop
  endfacet
  facet normal 0.9700312531945445 -0.24298017990326187 0
    outer loop
      vertex 0.6056190328770548 -4.766582736871491 12.95
      vertex 0.620709788059426 -4.706337065117376 12.95
      vertex 0.620709788059426 -4.706337065117376 14.049999999999999
    endloop
  endfacet
  facet normal 0.049067674327413525 -0.9987954562051726 0
    outer loop
      vertex 0.06203212835243545 -5.212692980387049 12.95
      vertex 0.06203212835243545 -5.212692980387049 14.049999999999999
      vertex 0 -5.2157404234374996 14.049999999999999
    endloop
  endfacet
  facet normal 0.14673047445535656 -0.9891765099647817 0
    outer loop
      vertex 0.1234668533986262 -5.203579999778176 12.95
      vertex 0.1234668533986262 -5.203579999778176 14.049999999999999
      vertex 0.06203212835243545 -5.212692980387049 14.049999999999999
    endloop
  endfacet
  facet normal 0.24298017990326798 -0.9700312531945431 0
    outer loop
      vertex 0.18371252515274059 -5.188489244595805 12.95
      vertex 0.18371252515274059 -5.188489244595805 14.049999999999999
      vertex 0.1234668533986262 -5.203579999778176 14.049999999999999
    endloop
  endfacet
  facet normal 0.33688985339221417 -0.941544065183023 0
    outer loop
      vertex 0.2421889448621523 -5.167566047061788 12.95
      vertex 0.2421889448621523 -5.167566047061788 14.049999999999999
      vertex 0.18371252515274059 -5.188489244595805 14.049999999999999
    endloop
  endfacet
  facet normal 0.4275550934302907 -0.9039892931234391 0
    outer loop
      vertex 0.298332952638597 -5.141011909006161 12.95
      vertex 0.298332952638597 -5.141011909006161 14.049999999999999
      vertex 0.2421889448621523 -5.167566047061788 14.049999999999999
    endloop
  endfacet
  facet normal 0.5141027441932242 -0.8577286100002705 0
    outer loop
      vertex 0.3516038509957509 -5.109082561294368 12.95
      vertex 0.3516038509957509 -5.109082561294368 14.049999999999999
      vertex 0.298332952638597 -5.141011909006161 14.049999999999999
    endloop
  endfacet
  facet normal 0.5956993044924318 -0.8032075314806462 0
    outer loop
      vertex 0.40148861206159947 -5.072085500999232 12.95
      vertex 0.40148861206159947 -5.072085500999232 14.049999999999999
      vertex 0.3516038509957509 -5.109082561294368 14.049999999999999
    endloop
  endfacet
  facet normal 0.671558954847012 -0.7409511253549649 0
    outer loop
      vertex 0.4475068183172942 -5.030377030036044 12.95
      vertex 0.4475068183172942 -5.030377030036044 14.049999999999999
      vertex 0.40148861206159947 -5.072085500999232 14.049999999999999
    endloop
  endfacet
  facet normal 0.7409511253549638 -0.6715589548470134 0
    outer loop
      vertex 0.4475068183172942 -5.030377030036044 12.95
      vertex 0.4892152892804823 -4.984358823780349 14.049999999999999
      vertex 0.4475068183172942 -5.030377030036044 14.049999999999999
    endloop
  endfacet
  facet normal 0.8032075314806429 -0.595699304492436 0
    outer loop
      vertex 0.4892152892804823 -4.984358823780349 12.95
      vertex 0.5262123495756188 -4.934474062714501 14.049999999999999
      vertex 0.4892152892804823 -4.984358823780349 14.049999999999999
    endloop
  endfacet
  facet normal 0.857728610000274 -0.5141027441932186 0
    outer loop
      vertex 0.5262123495756188 -4.934474062714501 12.95
      vertex 0.5581416972874111 -4.881203164357347 14.049999999999999
      vertex 0.5262123495756188 -4.934474062714501 14.049999999999999
    endloop
  endfacet
  facet normal 0.9039892931234418 -0.42755509343028547 0
    outer loop
      vertex 0.5581416972874111 -4.881203164357347 12.95
      vertex 0.5846958353430378 -4.8250591565809025 14.049999999999999
      vertex 0.5581416972874111 -4.881203164357347 14.049999999999999
    endloop
  endfacet
  facet normal 0.9415440651830208 -0.3368898533922198 0
    outer loop
      vertex 0.5846958353430378 -4.8250591565809025 12.95
      vertex 0.6056190328770548 -4.766582736871491 14.049999999999999
      vertex 0.5846958353430378 -4.8250591565809025 14.049999999999999
    endloop
  endfacet
  facet normal 0.9700312531945445 -0.24298017990326187 0
    outer loop
      vertex 0.6056190328770548 -4.766582736871491 12.95
      vertex 0.620709788059426 -4.706337065117376 14.049999999999999
      vertex 0.6056190328770548 -4.766582736871491 14.049999999999999
    endloop
  endfacet
  facet normal 0.42755509343028497 0.9039892931234421 0
    outer loop
      vertex 0.2421889448621523 -3.998174376375712 12.95
      vertex 0.298332952638597 -4.024728514431339 14.049999999999999
      vertex 0.298332952638597 -4.024728514431339 12.95
    endloop
  endfacet
  facet normal 0.5141027441932242 0.8577286100002705 0
    outer loop
      vertex 0.3516038509957509 -4.0566578621431315 12.95
      vertex 0.298332952638597 -4.024728514431339 12.95
      vertex 0.3516038509957509 -4.0566578621431315 14.049999999999999
    endloop
  endfacet
  facet normal 0.5956993044924318 0.8032075314806462 0
    outer loop
      vertex 0.3516038509957509 -4.0566578621431315 12.95
      vertex 0.40148861206159947 -4.093654922438268 14.049999999999999
      vertex 0.40148861206159947 -4.093654922438268 12.95
    endloop
  endfacet
  facet normal 0.9891765099647807 -0.14673047445536436 0
    outer loop
      vertex 0.620709788059426 -4.706337065117376 12.95
      vertex 0.6298227686682997 -4.6449023400711855 12.95
      vertex 0.6298227686682997 -4.6449023400711855 14.049999999999999
    endloop
  endfacet
  facet normal 0.9987954562051724 -0.04906767432741693 0
    outer loop
      vertex 0.6298227686682997 -4.6449023400711855 12.95
      vertex 0.63287021171875 -4.58287021171875 12.95
      vertex 0.63287021171875 -4.58287021171875 14.049999999999999
    endloop
  endfacet
  facet normal 0.9891765099647807 0.14673047445536436 0
    outer loop
      vertex 0.620709788059426 -4.459403358320124 12.95
      vertex 0.620709788059426 -4.459403358320124 14.049999999999999
      vertex 0.6298227686682997 -4.520838083366314 12.95
    endloop
  endfacet
  facet normal 0.9987954562051724 0.04906767432741693 0
    outer loop
      vertex 0.63287021171875 -4.58287021171875 12.95
      vertex 0.6298227686682997 -4.520838083366314 12.95
      vertex 0.6298227686682997 -4.520838083366314 14.049999999999999
    endloop
  endfacet
  facet normal 0.9700312531945445 0.24298017990326187 0
    outer loop
      vertex 0.620709788059426 -4.459403358320124 12.95
      vertex 0.6056190328770548 -4.399157686566009 12.95
      vertex 0.6056190328770548 -4.399157686566009 14.049999999999999
    endloop
  endfacet
  facet normal 0.9039892931234418 0.42755509343028547 0
    outer loop
      vertex 0.5581416972874111 -4.284537259080153 12.95
      vertex 0.5581416972874111 -4.284537259080153 14.049999999999999
      vertex 0.5846958353430378 -4.340681266856597 12.95
    endloop
  endfacet
  facet normal 0.8032075314806429 0.595699304492436 0
    outer loop
      vertex 0.5262123495756188 -4.231266360722999 12.95
      vertex 0.4892152892804823 -4.181381599657151 12.95
      vertex 0.4892152892804823 -4.181381599657151 14.049999999999999
    endloop
  endfacet
  facet normal 0.857728610000274 0.5141027441932186 0
    outer loop
      vertex 0.5581416972874111 -4.284537259080153 12.95
      vertex 0.5262123495756188 -4.231266360722999 12.95
      vertex 0.5262123495756188 -4.231266360722999 14.049999999999999
    endloop
  endfacet
  facet normal 0.671558954847012 0.7409511253549649 0
    outer loop
      vertex 0.40148861206159947 -4.093654922438268 12.95
      vertex 0.4475068183172942 -4.135363393401455 14.049999999999999
      vertex 0.4475068183172942 -4.135363393401455 12.95
    endloop
  endfacet
  facet normal 0.7409511253549638 0.6715589548470134 0
    outer loop
      vertex 0.4475068183172942 -4.135363393401455 12.95
      vertex 0.4475068183172942 -4.135363393401455 14.049999999999999
      vertex 0.4892152892804823 -4.181381599657151 12.95
    endloop
  endfacet
  facet normal 0.9415440651830208 0.3368898533922198 0
    outer loop
      vertex 0.6056190328770548 -4.399157686566009 12.95
      vertex 0.5846958353430378 -4.340681266856597 12.95
      vertex 0.5846958353430378 -4.340681266856597 14.049999999999999
    endloop
  endfacet
  facet normal 0.42755509343028497 0.9039892931234421 0
    outer loop
      vertex 0.2421889448621523 -3.998174376375712 12.95
      vertex 0.2421889448621523 -3.998174376375712 14.049999999999999
      vertex 0.298332952638597 -4.024728514431339 14.049999999999999
    endloop
  endfacet
  facet normal 0.5141027441932242 0.8577286100002705 0
    outer loop
      vertex 0.298332952638597 -4.024728514431339 12.95
      vertex 0.298332952638597 -4.024728514431339 14.049999999999999
      vertex 0.3516038509957509 -4.0566578621431315 14.049999999999999
    endloop
  endfacet
  facet normal 0.5956993044924318 0.8032075314806462 0
    outer loop
      vertex 0.3516038509957509 -4.0566578621431315 12.95
      vertex 0.3516038509957509 -4.0566578621431315 14.049999999999999
      vertex 0.40148861206159947 -4.093654922438268 14.049999999999999
    endloop
  endfacet
  facet normal 0.9891765099647807 -0.14673047445536436 0
    outer loop
      vertex 0.620709788059426 -4.706337065117376 12.95
      vertex 0.6298227686682997 -4.6449023400711855 14.049999999999999
      vertex 0.620709788059426 -4.706337065117376 14.049999999999999
    endloop
  endfacet
  facet normal 0.9987954562051724 -0.04906767432741693 0
    outer loop
      vertex 0.6298227686682997 -4.6449023400711855 12.95
      vertex 0.63287021171875 -4.58287021171875 14.049999999999999
      vertex 0.6298227686682997 -4.6449023400711855 14.049999999999999
    endloop
  endfacet
  facet normal 0.9987954562051724 0.04906767432741693 0
    outer loop
      vertex 0.63287021171875 -4.58287021171875 12.95
      vertex 0.6298227686682997 -4.520838083366314 14.049999999999999
      vertex 0.63287021171875 -4.58287021171875 14.049999999999999
    endloop
  endfacet
  facet normal 0.9891765099647807 0.14673047445536436 0
    outer loop
      vertex 0.6298227686682997 -4.520838083366314 12.95
      vertex 0.620709788059426 -4.459403358320124 14.049999999999999
      vertex 0.6298227686682997 -4.520838083366314 14.049999999999999
    endloop
  endfacet
  facet normal 0.9700312531945445 0.24298017990326187 0
    outer loop
      vertex 0.620709788059426 -4.459403358320124 12.95
      vertex 0.6056190328770548 -4.399157686566009 14.049999999999999
      vertex 0.620709788059426 -4.459403358320124 14.049999999999999
    endloop
  endfacet
  facet normal 0.9415440651830208 0.3368898533922198 0
    outer loop
      vertex 0.6056190328770548 -4.399157686566009 12.95
      vertex 0.5846958353430378 -4.340681266856597 14.049999999999999
      vertex 0.6056190328770548 -4.399157686566009 14.049999999999999
    endloop
  endfacet
  facet normal 0.9039892931234418 0.42755509343028547 0
    outer loop
      vertex 0.5846958353430378 -4.340681266856597 12.95
      vertex 0.5581416972874111 -4.284537259080153 14.049999999999999
      vertex 0.5846958353430378 -4.340681266856597 14.049999999999999
    endloop
  endfacet
  facet normal 0.8032075314806429 0.595699304492436 0
    outer loop
      vertex 0.5262123495756188 -4.231266360722999 12.95
      vertex 0.4892152892804823 -4.181381599657151 14.049999999999999
      vertex 0.5262123495756188 -4.231266360722999 14.049999999999999
    endloop
  endfacet
  facet normal 0.857728610000274 0.5141027441932186 0
    outer loop
      vertex 0.5581416972874111 -4.284537259080153 12.95
      vertex 0.5262123495756188 -4.231266360722999 14.049999999999999
      vertex 0.5581416972874111 -4.284537259080153 14.049999999999999
    endloop
  endfacet
  facet normal 0.671558954847012 0.7409511253549649 0
    outer loop
      vertex 0.40148861206159947 -4.093654922438268 12.95
      vertex 0.40148861206159947 -4.093654922438268 14.049999999999999
      vertex 0.4475068183172942 -4.135363393401455 14.049999999999999
    endloop
  endfacet
  facet normal 0.7409511253549638 0.6715589548470134 0
    outer loop
      vertex 0.4892152892804823 -4.181381599657151 12.95
      vertex 0.4475068183172942 -4.135363393401455 14.049999999999999
      vertex 0.4892152892804823 -4.181381599657151 14.049999999999999
    endloop
  endfacet
  facet normal 0.049067674327420666 0.9987954562051724 0
    outer loop
      vertex 0 -3.9499999999999997 12.95
      vertex 0.06203212835243545 -3.9530474430504503 14.049999999999999
      vertex 0.06203212835243545 -3.9530474430504503 12.95
    endloop
  endfacet
  facet normal 0.14673047445536355 0.9891765099647807 0
    outer loop
      vertex 0.06203212835243545 -3.9530474430504503 12.95
      vertex 0.1234668533986262 -3.962160423659324 14.049999999999999
      vertex 0.1234668533986262 -3.962160423659324 12.95
    endloop
  endfacet
  facet normal 0.24298017990326126 0.9700312531945449 0
    outer loop
      vertex 0.1234668533986262 -3.962160423659324 12.95
      vertex 0.18371252515274059 -3.977251178841695 14.049999999999999
      vertex 0.18371252515274059 -3.977251178841695 12.95
    endloop
  endfacet
  facet normal 0.3368898533922205 0.9415440651830207 0
    outer loop
      vertex 0.18371252515274059 -3.977251178841695 12.95
      vertex 0.2421889448621523 -3.998174376375712 14.049999999999999
      vertex 0.2421889448621523 -3.998174376375712 12.95
    endloop
  endfacet
  facet normal 0.049067674327420666 0.9987954562051724 0
    outer loop
      vertex 0 -3.9499999999999997 12.95
      vertex 0 -3.9499999999999997 14.049999999999999
      vertex 0.06203212835243545 -3.9530474430504503 14.049999999999999
    endloop
  endfacet
  facet normal 0.14673047445536355 0.9891765099647807 0
    outer loop
      vertex 0.06203212835243545 -3.9530474430504503 12.95
      vertex 0.06203212835243545 -3.9530474430504503 14.049999999999999
      vertex 0.1234668533986262 -3.962160423659324 14.049999999999999
    endloop
  endfacet
  facet normal 0.24298017990326126 0.9700312531945449 0
    outer loop
      vertex 0.1234668533986262 -3.962160423659324 12.95
      vertex 0.1234668533986262 -3.962160423659324 14.049999999999999
      vertex 0.18371252515274059 -3.977251178841695 14.049999999999999
    endloop
  endfacet
  facet normal 0.3368898533922205 0.9415440651830207 0
    outer loop
      vertex 0.18371252515274059 -3.977251178841695 12.95
      vertex 0.18371252515274059 -3.977251178841695 14.049999999999999
      vertex 0.2421889448621523 -3.998174376375712 14.049999999999999
    endloop
  endfacet
  facet normal -0.7409511253549649 -0.671558954847012 0
    outer loop
      vertex -5.072085500999232 -0.40148861206159947 12.95
      vertex -5.030377030036044 -0.4475068183172942 12.95
      vertex -5.072085500999232 -0.40148861206159947 14.049999999999999
    endloop
  endfacet
  facet normal -0.42755509343028547 -0.9039892931234418 0
    outer loop
      vertex -4.8250591565809025 -0.5846958353430378 12.95
      vertex -4.8250591565809025 -0.5846958353430378 14.049999999999999
      vertex -4.881203164357347 -0.5581416972874111 12.95
    endloop
  endfacet
  facet normal -0.595699304492436 -0.8032075314806429 0
    outer loop
      vertex -4.984358823780349 -0.4892152892804823 12.95
      vertex -4.934474062714501 -0.5262123495756188 12.95
      vertex -4.934474062714501 -0.5262123495756188 14.049999999999999
    endloop
  endfacet
  facet normal -0.6715589548470134 -0.7409511253549638 0
    outer loop
      vertex -5.030377030036044 -0.4475068183172942 12.95
      vertex -4.984358823780349 -0.4892152892804823 12.95
      vertex -4.984358823780349 -0.4892152892804823 14.049999999999999
    endloop
  endfacet
  facet normal -0.5141027441932186 -0.857728610000274 0
    outer loop
      vertex -4.934474062714501 -0.5262123495756188 12.95
      vertex -4.881203164357347 -0.5581416972874111 12.95
      vertex -4.881203164357347 -0.5581416972874111 14.049999999999999
    endloop
  endfacet
  facet normal -0.3368898533922198 -0.9415440651830208 0
    outer loop
      vertex -4.8250591565809025 -0.5846958353430378 12.95
      vertex -4.766582736871491 -0.6056190328770548 12.95
      vertex -4.766582736871491 -0.6056190328770548 14.049999999999999
    endloop
  endfacet
  facet normal -0.24298017990326187 -0.9700312531945445 0
    outer loop
      vertex -4.766582736871491 -0.6056190328770548 12.95
      vertex -4.706337065117376 -0.620709788059426 12.95
      vertex -4.706337065117376 -0.620709788059426 14.049999999999999
    endloop
  endfacet
  facet normal -0.14673047445536436 -0.9891765099647807 0
    outer loop
      vertex -4.706337065117376 -0.620709788059426 12.95
      vertex -4.6449023400711855 -0.6298227686682997 12.95
      vertex -4.6449023400711855 -0.6298227686682997 14.049999999999999
    endloop
  endfacet
  facet normal -0.6715589548470134 -0.7409511253549638 0
    outer loop
      vertex -5.030377030036044 -0.4475068183172942 12.95
      vertex -4.984358823780349 -0.4892152892804823 14.049999999999999
      vertex -5.030377030036044 -0.4475068183172942 14.049999999999999
    endloop
  endfacet
  facet normal -0.7409511253549649 -0.671558954847012 0
    outer loop
      vertex -5.030377030036044 -0.4475068183172942 12.95
      vertex -5.030377030036044 -0.4475068183172942 14.049999999999999
      vertex -5.072085500999232 -0.40148861206159947 14.049999999999999
    endloop
  endfacet
  facet normal -0.595699304492436 -0.8032075314806429 0
    outer loop
      vertex -4.984358823780349 -0.4892152892804823 12.95
      vertex -4.934474062714501 -0.5262123495756188 14.049999999999999
      vertex -4.984358823780349 -0.4892152892804823 14.049999999999999
    endloop
  endfacet
  facet normal -0.5141027441932186 -0.857728610000274 0
    outer loop
      vertex -4.934474062714501 -0.5262123495756188 12.95
      vertex -4.881203164357347 -0.5581416972874111 14.049999999999999
      vertex -4.934474062714501 -0.5262123495756188 14.049999999999999
    endloop
  endfacet
  facet normal -0.42755509343028547 -0.9039892931234418 0
    outer loop
      vertex -4.881203164357347 -0.5581416972874111 12.95
      vertex -4.8250591565809025 -0.5846958353430378 14.049999999999999
      vertex -4.881203164357347 -0.5581416972874111 14.049999999999999
    endloop
  endfacet
  facet normal -0.3368898533922198 -0.9415440651830208 0
    outer loop
      vertex -4.8250591565809025 -0.5846958353430378 12.95
      vertex -4.766582736871491 -0.6056190328770548 14.049999999999999
      vertex -4.8250591565809025 -0.5846958353430378 14.049999999999999
    endloop
  endfacet
  facet normal -0.24298017990326187 -0.9700312531945445 0
    outer loop
      vertex -4.766582736871491 -0.6056190328770548 12.95
      vertex -4.706337065117376 -0.620709788059426 14.049999999999999
      vertex -4.766582736871491 -0.6056190328770548 14.049999999999999
    endloop
  endfacet
  facet normal -0.14673047445536436 -0.9891765099647807 0
    outer loop
      vertex -4.706337065117376 -0.620709788059426 12.95
      vertex -4.6449023400711855 -0.6298227686682997 14.049999999999999
      vertex -4.706337065117376 -0.620709788059426 14.049999999999999
    endloop
  endfacet
  facet normal -0.04906767432741693 -0.9987954562051724 0
    outer loop
      vertex -4.6449023400711855 -0.6298227686682997 12.95
      vertex -4.58287021171875 -0.63287021171875 12.95
      vertex -4.58287021171875 -0.63287021171875 14.049999999999999
    endloop
  endfacet
  facet normal 0.04906767432741693 -0.9987954562051724 0
    outer loop
      vertex -4.58287021171875 -0.63287021171875 12.95
      vertex -4.520838083366314 -0.6298227686682997 12.95
      vertex -4.520838083366314 -0.6298227686682997 14.049999999999999
    endloop
  endfacet
  facet normal 0.14673047445536436 -0.9891765099647807 0
    outer loop
      vertex -4.520838083366314 -0.6298227686682997 12.95
      vertex -4.459403358320124 -0.620709788059426 12.95
      vertex -4.459403358320124 -0.620709788059426 14.049999999999999
    endloop
  endfacet
  facet normal 0.24298017990326187 -0.9700312531945445 0
    outer loop
      vertex -4.459403358320124 -0.620709788059426 12.95
      vertex -4.399157686566009 -0.6056190328770548 12.95
      vertex -4.399157686566009 -0.6056190328770548 14.049999999999999
    endloop
  endfacet
  facet normal 0.3368898533922198 -0.9415440651830208 0
    outer loop
      vertex -4.399157686566009 -0.6056190328770548 12.95
      vertex -4.340681266856597 -0.5846958353430378 12.95
      vertex -4.340681266856597 -0.5846958353430378 14.049999999999999
    endloop
  endfacet
  facet normal 0.42755509343028547 -0.9039892931234418 0
    outer loop
      vertex -4.340681266856597 -0.5846958353430378 12.95
      vertex -4.284537259080153 -0.5581416972874111 12.95
      vertex -4.284537259080153 -0.5581416972874111 14.049999999999999
    endloop
  endfacet
  facet normal 0.5141027441932186 -0.857728610000274 0
    outer loop
      vertex -4.284537259080153 -0.5581416972874111 12.95
      vertex -4.231266360722999 -0.5262123495756188 12.95
      vertex -4.231266360722999 -0.5262123495756188 14.049999999999999
    endloop
  endfacet
  facet normal 0.595699304492436 -0.8032075314806429 0
    outer loop
      vertex -4.231266360722999 -0.5262123495756188 12.95
      vertex -4.181381599657151 -0.4892152892804823 12.95
      vertex -4.181381599657151 -0.4892152892804823 14.049999999999999
    endloop
  endfacet
  facet normal 0.6715589548470134 -0.7409511253549638 0
    outer loop
      vertex -4.181381599657151 -0.4892152892804823 12.95
      vertex -4.135363393401455 -0.4475068183172942 12.95
      vertex -4.135363393401455 -0.4475068183172942 14.049999999999999
    endloop
  endfacet
  facet normal 0.7409511253549649 -0.671558954847012 0
    outer loop
      vertex -4.135363393401455 -0.4475068183172942 12.95
      vertex -4.093654922438268 -0.40148861206159947 12.95
      vertex -4.135363393401455 -0.4475068183172942 14.049999999999999
    endloop
  endfacet
  facet normal -0.04906767432741693 -0.9987954562051724 0
    outer loop
      vertex -4.6449023400711855 -0.6298227686682997 12.95
      vertex -4.58287021171875 -0.63287021171875 14.049999999999999
      vertex -4.6449023400711855 -0.6298227686682997 14.049999999999999
    endloop
  endfacet
  facet normal 0.04906767432741693 -0.9987954562051724 0
    outer loop
      vertex -4.58287021171875 -0.63287021171875 12.95
      vertex -4.520838083366314 -0.6298227686682997 14.049999999999999
      vertex -4.58287021171875 -0.63287021171875 14.049999999999999
    endloop
  endfacet
  facet normal 0.14673047445536436 -0.9891765099647807 0
    outer loop
      vertex -4.520838083366314 -0.6298227686682997 12.95
      vertex -4.459403358320124 -0.620709788059426 14.049999999999999
      vertex -4.520838083366314 -0.6298227686682997 14.049999999999999
    endloop
  endfacet
  facet normal 0.24298017990326187 -0.9700312531945445 0
    outer loop
      vertex -4.459403358320124 -0.620709788059426 12.95
      vertex -4.399157686566009 -0.6056190328770548 14.049999999999999
      vertex -4.459403358320124 -0.620709788059426 14.049999999999999
    endloop
  endfacet
  facet normal 0.3368898533922198 -0.9415440651830208 0
    outer loop
      vertex -4.399157686566009 -0.6056190328770548 12.95
      vertex -4.340681266856597 -0.5846958353430378 14.049999999999999
      vertex -4.399157686566009 -0.6056190328770548 14.049999999999999
    endloop
  endfacet
  facet normal 0.42755509343028547 -0.9039892931234418 0
    outer loop
      vertex -4.340681266856597 -0.5846958353430378 12.95
      vertex -4.284537259080153 -0.5581416972874111 14.049999999999999
      vertex -4.340681266856597 -0.5846958353430378 14.049999999999999
    endloop
  endfacet
  facet normal 0.5141027441932186 -0.857728610000274 0
    outer loop
      vertex -4.284537259080153 -0.5581416972874111 12.95
      vertex -4.231266360722999 -0.5262123495756188 14.049999999999999
      vertex -4.284537259080153 -0.5581416972874111 14.049999999999999
    endloop
  endfacet
  facet normal 0.595699304492436 -0.8032075314806429 0
    outer loop
      vertex -4.231266360722999 -0.5262123495756188 12.95
      vertex -4.181381599657151 -0.4892152892804823 14.049999999999999
      vertex -4.231266360722999 -0.5262123495756188 14.049999999999999
    endloop
  endfacet
  facet normal 0.6715589548470134 -0.7409511253549638 0
    outer loop
      vertex -4.181381599657151 -0.4892152892804823 12.95
      vertex -4.135363393401455 -0.4475068183172942 14.049999999999999
      vertex -4.181381599657151 -0.4892152892804823 14.049999999999999
    endloop
  endfacet
  facet normal 0.7409511253549649 -0.671558954847012 0
    outer loop
      vertex -4.093654922438268 -0.40148861206159947 12.95
      vertex -4.093654922438268 -0.40148861206159947 14.049999999999999
      vertex -4.135363393401455 -0.4475068183172942 14.049999999999999
    endloop
  endfacet
  facet normal -0.9891765099647817 -0.14673047445535656 0
    outer loop
      vertex -5.203579999778176 -0.1234668533986262 12.95
      vertex -5.212692980387049 -0.06203212835243545 14.049999999999999
      vertex -5.212692980387049 -0.06203212835243545 12.95
    endloop
  endfacet
  facet normal -0.8577286100002705 -0.5141027441932242 0
    outer loop
      vertex -5.109082561294368 -0.3516038509957509 12.95
      vertex -5.141011909006161 -0.298332952638597 14.049999999999999
      vertex -5.141011909006161 -0.298332952638597 12.95
    endloop
  endfacet
  facet normal -0.9039892931234391 -0.4275550934302907 0
    outer loop
      vertex -5.141011909006161 -0.298332952638597 12.95
      vertex -5.167566047061788 -0.2421889448621523 14.049999999999999
      vertex -5.167566047061788 -0.2421889448621523 12.95
    endloop
  endfacet
  facet normal -0.8032075314806462 -0.5956993044924318 0
    outer loop
      vertex -5.072085500999232 -0.40148861206159947 12.95
      vertex -5.109082561294368 -0.3516038509957509 14.049999999999999
      vertex -5.109082561294368 -0.3516038509957509 12.95
    endloop
  endfacet
  facet normal -0.941544065183023 -0.33688985339221417 0
    outer loop
      vertex -5.167566047061788 -0.2421889448621523 12.95
      vertex -5.188489244595805 -0.18371252515274059 14.049999999999999
      vertex -5.188489244595805 -0.18371252515274059 12.95
    endloop
  endfacet
  facet normal -0.9700312531945431 -0.24298017990326798 0
    outer loop
      vertex -5.203579999778176 -0.1234668533986262 12.95
      vertex -5.188489244595805 -0.18371252515274059 12.95
      vertex -5.203579999778176 -0.1234668533986262 14.049999999999999
    endloop
  endfacet
  facet normal -0.9987954562051726 -0.049067674327413525 0
    outer loop
      vertex -5.212692980387049 -0.06203212835243545 12.95
      vertex -5.2157404234374996 0 14.049999999999999
      vertex -5.2157404234374996 0 12.95
    endloop
  endfacet
  facet normal -0.9987954562051726 0.049067674327413525 0
    outer loop
      vertex -5.2157404234374996 0 12.95
      vertex -5.212692980387049 0.06203212835243545 14.049999999999999
      vertex -5.212692980387049 0.06203212835243545 12.95
    endloop
  endfacet
  facet normal -0.9891765099647817 0.14673047445535656 0
    outer loop
      vertex -5.212692980387049 0.06203212835243545 12.95
      vertex -5.203579999778176 0.1234668533986262 14.049999999999999
      vertex -5.203579999778176 0.1234668533986262 12.95
    endloop
  endfacet
  facet normal -0.9700312531945431 0.24298017990326798 0
    outer loop
      vertex -5.203579999778176 0.1234668533986262 12.95
      vertex -5.188489244595805 0.18371252515274059 14.049999999999999
      vertex -5.188489244595805 0.18371252515274059 12.95
    endloop
  endfacet
  facet normal -0.941544065183023 0.33688985339221417 0
    outer loop
      vertex -5.188489244595805 0.18371252515274059 12.95
      vertex -5.167566047061788 0.2421889448621523 14.049999999999999
      vertex -5.167566047061788 0.2421889448621523 12.95
    endloop
  endfacet
  facet normal -0.9039892931234391 0.4275550934302907 0
    outer loop
      vertex -5.167566047061788 0.2421889448621523 12.95
      vertex -5.141011909006161 0.298332952638597 14.049999999999999
      vertex -5.141011909006161 0.298332952638597 12.95
    endloop
  endfacet
  facet normal -0.9891765099647817 -0.14673047445535656 0
    outer loop
      vertex -5.203579999778176 -0.1234668533986262 12.95
      vertex -5.203579999778176 -0.1234668533986262 14.049999999999999
      vertex -5.212692980387049 -0.06203212835243545 14.049999999999999
    endloop
  endfacet
  facet normal -0.9987954562051726 -0.049067674327413525 0
    outer loop
      vertex -5.212692980387049 -0.06203212835243545 12.95
      vertex -5.212692980387049 -0.06203212835243545 14.049999999999999
      vertex -5.2157404234374996 0 14.049999999999999
    endloop
  endfacet
  facet normal -0.8577286100002705 -0.5141027441932242 0
    outer loop
      vertex -5.109082561294368 -0.3516038509957509 12.95
      vertex -5.109082561294368 -0.3516038509957509 14.049999999999999
      vertex -5.141011909006161 -0.298332952638597 14.049999999999999
    endloop
  endfacet
  facet normal -0.941544065183023 -0.33688985339221417 0
    outer loop
      vertex -5.167566047061788 -0.2421889448621523 12.95
      vertex -5.167566047061788 -0.2421889448621523 14.049999999999999
      vertex -5.188489244595805 -0.18371252515274059 14.049999999999999
    endloop
  endfacet
  facet normal -0.9039892931234391 -0.4275550934302907 0
    outer loop
      vertex -5.141011909006161 -0.298332952638597 12.95
      vertex -5.141011909006161 -0.298332952638597 14.049999999999999
      vertex -5.167566047061788 -0.2421889448621523 14.049999999999999
    endloop
  endfacet
  facet normal -0.8032075314806462 -0.5956993044924318 0
    outer loop
      vertex -5.072085500999232 -0.40148861206159947 12.95
      vertex -5.072085500999232 -0.40148861206159947 14.049999999999999
      vertex -5.109082561294368 -0.3516038509957509 14.049999999999999
    endloop
  endfacet
  facet normal -0.9700312531945431 -0.24298017990326798 0
    outer loop
      vertex -5.188489244595805 -0.18371252515274059 12.95
      vertex -5.188489244595805 -0.18371252515274059 14.049999999999999
      vertex -5.203579999778176 -0.1234668533986262 14.049999999999999
    endloop
  endfacet
  facet normal -0.9987954562051726 0.049067674327413525 0
    outer loop
      vertex -5.2157404234374996 0 12.95
      vertex -5.2157404234374996 0 14.049999999999999
      vertex -5.212692980387049 0.06203212835243545 14.049999999999999
    endloop
  endfacet
  facet normal -0.9891765099647817 0.14673047445535656 0
    outer loop
      vertex -5.212692980387049 0.06203212835243545 12.95
      vertex -5.212692980387049 0.06203212835243545 14.049999999999999
      vertex -5.203579999778176 0.1234668533986262 14.049999999999999
    endloop
  endfacet
  facet normal -0.9700312531945431 0.24298017990326798 0
    outer loop
      vertex -5.203579999778176 0.1234668533986262 12.95
      vertex -5.203579999778176 0.1234668533986262 14.049999999999999
      vertex -5.188489244595805 0.18371252515274059 14.049999999999999
    endloop
  endfacet
  facet normal -0.941544065183023 0.33688985339221417 0
    outer loop
      vertex -5.188489244595805 0.18371252515274059 12.95
      vertex -5.188489244595805 0.18371252515274059 14.049999999999999
      vertex -5.167566047061788 0.2421889448621523 14.049999999999999
    endloop
  endfacet
  facet normal -0.9039892931234391 0.4275550934302907 0
    outer loop
      vertex -5.167566047061788 0.2421889448621523 12.95
      vertex -5.167566047061788 0.2421889448621523 14.049999999999999
      vertex -5.141011909006161 0.298332952638597 14.049999999999999
    endloop
  endfacet
  facet normal -0.8577286100002705 0.5141027441932242 0
    outer loop
      vertex -5.141011909006161 0.298332952638597 12.95
      vertex -5.141011909006161 0.298332952638597 14.049999999999999
      vertex -5.109082561294368 0.3516038509957509 14.049999999999999
    endloop
  endfacet
  facet normal -0.8577286100002705 0.5141027441932242 0
    outer loop
      vertex -5.141011909006161 0.298332952638597 12.95
      vertex -5.109082561294368 0.3516038509957509 14.049999999999999
      vertex -5.109082561294368 0.3516038509957509 12.95
    endloop
  endfacet
  facet normal -0.8032075314806462 0.5956993044924318 0
    outer loop
      vertex -5.109082561294368 0.3516038509957509 12.95
      vertex -5.072085500999232 0.40148861206159947 14.049999999999999
      vertex -5.072085500999232 0.40148861206159947 12.95
    endloop
  endfacet
  facet normal -0.7409511253549649 0.671558954847012 0
    outer loop
      vertex -5.072085500999232 0.40148861206159947 12.95
      vertex -5.030377030036044 0.4475068183172942 14.049999999999999
      vertex -5.030377030036044 0.4475068183172942 12.95
    endloop
  endfacet
  facet normal -0.6715589548470134 0.7409511253549638 0
    outer loop
      vertex -5.030377030036044 0.4475068183172942 12.95
      vertex -5.030377030036044 0.4475068183172942 14.049999999999999
      vertex -4.984358823780349 0.4892152892804823 12.95
    endloop
  endfacet
  facet normal -0.595699304492436 0.8032075314806429 0
    outer loop
      vertex -4.984358823780349 0.4892152892804823 12.95
      vertex -4.984358823780349 0.4892152892804823 14.049999999999999
      vertex -4.934474062714501 0.5262123495756188 12.95
    endloop
  endfacet
  facet normal -0.5141027441932186 0.857728610000274 0
    outer loop
      vertex -4.934474062714501 0.5262123495756188 12.95
      vertex -4.934474062714501 0.5262123495756188 14.049999999999999
      vertex -4.881203164357347 0.5581416972874111 12.95
    endloop
  endfacet
  facet normal -0.42755509343028547 0.9039892931234418 0
    outer loop
      vertex -4.881203164357347 0.5581416972874111 12.95
      vertex -4.881203164357347 0.5581416972874111 14.049999999999999
      vertex -4.8250591565809025 0.5846958353430378 12.95
    endloop
  endfacet
  facet normal -0.3368898533922198 0.9415440651830208 0
    outer loop
      vertex -4.8250591565809025 0.5846958353430378 12.95
      vertex -4.8250591565809025 0.5846958353430378 14.049999999999999
      vertex -4.766582736871491 0.6056190328770548 12.95
    endloop
  endfacet
  facet normal -0.24298017990326187 0.9700312531945445 0
    outer loop
      vertex -4.766582736871491 0.6056190328770548 12.95
      vertex -4.766582736871491 0.6056190328770548 14.049999999999999
      vertex -4.706337065117376 0.620709788059426 12.95
    endloop
  endfacet
  facet normal -0.14673047445536436 0.9891765099647807 0
    outer loop
      vertex -4.706337065117376 0.620709788059426 12.95
      vertex -4.706337065117376 0.620709788059426 14.049999999999999
      vertex -4.6449023400711855 0.6298227686682997 12.95
    endloop
  endfacet
  facet normal -0.8032075314806462 0.5956993044924318 0
    outer loop
      vertex -5.109082561294368 0.3516038509957509 12.95
      vertex -5.109082561294368 0.3516038509957509 14.049999999999999
      vertex -5.072085500999232 0.40148861206159947 14.049999999999999
    endloop
  endfacet
  facet normal -0.7409511253549649 0.671558954847012 0
    outer loop
      vertex -5.072085500999232 0.40148861206159947 12.95
      vertex -5.072085500999232 0.40148861206159947 14.049999999999999
      vertex -5.030377030036044 0.4475068183172942 14.049999999999999
    endloop
  endfacet
  facet normal -0.6715589548470134 0.7409511253549638 0
    outer loop
      vertex -4.984358823780349 0.4892152892804823 12.95
      vertex -5.030377030036044 0.4475068183172942 14.049999999999999
      vertex -4.984358823780349 0.4892152892804823 14.049999999999999
    endloop
  endfacet
  facet normal -0.595699304492436 0.8032075314806429 0
    outer loop
      vertex -4.934474062714501 0.5262123495756188 12.95
      vertex -4.984358823780349 0.4892152892804823 14.049999999999999
      vertex -4.934474062714501 0.5262123495756188 14.049999999999999
    endloop
  endfacet
  facet normal -0.5141027441932186 0.857728610000274 0
    outer loop
      vertex -4.881203164357347 0.5581416972874111 12.95
      vertex -4.934474062714501 0.5262123495756188 14.049999999999999
      vertex -4.881203164357347 0.5581416972874111 14.049999999999999
    endloop
  endfacet
  facet normal -0.42755509343028547 0.9039892931234418 0
    outer loop
      vertex -4.8250591565809025 0.5846958353430378 12.95
      vertex -4.881203164357347 0.5581416972874111 14.049999999999999
      vertex -4.8250591565809025 0.5846958353430378 14.049999999999999
    endloop
  endfacet
  facet normal -0.3368898533922198 0.9415440651830208 0
    outer loop
      vertex -4.766582736871491 0.6056190328770548 12.95
      vertex -4.8250591565809025 0.5846958353430378 14.049999999999999
      vertex -4.766582736871491 0.6056190328770548 14.049999999999999
    endloop
  endfacet
  facet normal -0.24298017990326187 0.9700312531945445 0
    outer loop
      vertex -4.706337065117376 0.620709788059426 12.95
      vertex -4.766582736871491 0.6056190328770548 14.049999999999999
      vertex -4.706337065117376 0.620709788059426 14.049999999999999
    endloop
  endfacet
  facet normal -0.14673047445536436 0.9891765099647807 0
    outer loop
      vertex -4.6449023400711855 0.6298227686682997 12.95
      vertex -4.706337065117376 0.620709788059426 14.049999999999999
      vertex -4.6449023400711855 0.6298227686682997 14.049999999999999
    endloop
  endfacet
  facet normal 0.8032075314806462 -0.5956993044924318 0
    outer loop
      vertex -4.093654922438268 -0.40148861206159947 12.95
      vertex -4.0566578621431315 -0.3516038509957509 12.95
      vertex -4.093654922438268 -0.40148861206159947 14.049999999999999
    endloop
  endfacet
  facet normal 0.8577286100002705 -0.5141027441932242 0
    outer loop
      vertex -4.0566578621431315 -0.3516038509957509 12.95
      vertex -4.024728514431339 -0.298332952638597 12.95
      vertex -4.0566578621431315 -0.3516038509957509 14.049999999999999
    endloop
  endfacet
  facet normal 0.9039892931234421 -0.42755509343028497 0
    outer loop
      vertex -4.024728514431339 -0.298332952638597 12.95
      vertex -3.998174376375712 -0.2421889448621523 12.95
      vertex -4.024728514431339 -0.298332952638597 14.049999999999999
    endloop
  endfacet
  facet normal 0.9415440651830207 -0.3368898533922205 0
    outer loop
      vertex -3.998174376375712 -0.2421889448621523 12.95
      vertex -3.977251178841695 -0.18371252515274059 12.95
      vertex -3.998174376375712 -0.2421889448621523 14.049999999999999
    endloop
  endfacet
  facet normal 0.9700312531945449 -0.24298017990326126 0
    outer loop
      vertex -3.977251178841695 -0.18371252515274059 12.95
      vertex -3.962160423659324 -0.1234668533986262 12.95
      vertex -3.977251178841695 -0.18371252515274059 14.049999999999999
    endloop
  endfacet
  facet normal 0.9891765099647807 -0.14673047445536355 0
    outer loop
      vertex -3.962160423659324 -0.1234668533986262 12.95
      vertex -3.9530474430504503 -0.06203212835243545 12.95
      vertex -3.962160423659324 -0.1234668533986262 14.049999999999999
    endloop
  endfacet
  facet normal 0.9987954562051724 -0.049067674327420666 0
    outer loop
      vertex -3.9530474430504503 -0.06203212835243545 12.95
      vertex -3.9499999999999997 0 12.95
      vertex -3.9530474430504503 -0.06203212835243545 14.049999999999999
    endloop
  endfacet
  facet normal 0.9987954562051724 0.049067674327420666 0
    outer loop
      vertex -3.9499999999999997 0 12.95
      vertex -3.9530474430504503 0.06203212835243545 12.95
      vertex -3.9499999999999997 0 14.049999999999999
    endloop
  endfacet
  facet normal 0.9891765099647807 0.14673047445536355 0
    outer loop
      vertex -3.9530474430504503 0.06203212835243545 12.95
      vertex -3.962160423659324 0.1234668533986262 12.95
      vertex -3.9530474430504503 0.06203212835243545 14.049999999999999
    endloop
  endfacet
  facet normal 0.9700312531945449 0.24298017990326126 0
    outer loop
      vertex -3.962160423659324 0.1234668533986262 12.95
      vertex -3.977251178841695 0.18371252515274059 12.95
      vertex -3.962160423659324 0.1234668533986262 14.049999999999999
    endloop
  endfacet
  facet normal 0.9415440651830207 0.3368898533922205 0
    outer loop
      vertex -3.977251178841695 0.18371252515274059 12.95
      vertex -3.998174376375712 0.2421889448621523 12.95
      vertex -3.977251178841695 0.18371252515274059 14.049999999999999
    endloop
  endfacet
  facet normal 0.9039892931234421 0.42755509343028497 0
    outer loop
      vertex -3.998174376375712 0.2421889448621523 12.95
      vertex -4.024728514431339 0.298332952638597 12.95
      vertex -3.998174376375712 0.2421889448621523 14.049999999999999
    endloop
  endfacet
  facet normal 0.8577286100002705 0.5141027441932242 0
    outer loop
      vertex -4.0566578621431315 0.3516038509957509 12.95
      vertex -4.024728514431339 0.298332952638597 14.049999999999999
      vertex -4.024728514431339 0.298332952638597 12.95
    endloop
  endfacet
  facet normal 0.8032075314806462 -0.5956993044924318 0
    outer loop
      vertex -4.0566578621431315 -0.3516038509957509 12.95
      vertex -4.0566578621431315 -0.3516038509957509 14.049999999999999
      vertex -4.093654922438268 -0.40148861206159947 14.049999999999999
    endloop
  endfacet
  facet normal 0.8577286100002705 -0.5141027441932242 0
    outer loop
      vertex -4.024728514431339 -0.298332952638597 12.95
      vertex -4.024728514431339 -0.298332952638597 14.049999999999999
      vertex -4.0566578621431315 -0.3516038509957509 14.049999999999999
    endloop
  endfacet
  facet normal 0.9039892931234421 -0.42755509343028497 0
    outer loop
      vertex -3.998174376375712 -0.2421889448621523 12.95
      vertex -3.998174376375712 -0.2421889448621523 14.049999999999999
      vertex -4.024728514431339 -0.298332952638597 14.049999999999999
    endloop
  endfacet
  facet normal 0.9415440651830207 -0.3368898533922205 0
    outer loop
      vertex -3.977251178841695 -0.18371252515274059 12.95
      vertex -3.977251178841695 -0.18371252515274059 14.049999999999999
      vertex -3.998174376375712 -0.2421889448621523 14.049999999999999
    endloop
  endfacet
  facet normal 0.9700312531945449 -0.24298017990326126 0
    outer loop
      vertex -3.962160423659324 -0.1234668533986262 12.95
      vertex -3.962160423659324 -0.1234668533986262 14.049999999999999
      vertex -3.977251178841695 -0.18371252515274059 14.049999999999999
    endloop
  endfacet
  facet normal 0.9891765099647807 -0.14673047445536355 0
    outer loop
      vertex -3.9530474430504503 -0.06203212835243545 12.95
      vertex -3.9530474430504503 -0.06203212835243545 14.049999999999999
      vertex -3.962160423659324 -0.1234668533986262 14.049999999999999
    endloop
  endfacet
  facet normal 0.9987954562051724 -0.049067674327420666 0
    outer loop
      vertex -3.9530474430504503 -0.06203212835243545 14.049999999999999
      vertex -3.9499999999999997 0 12.95
      vertex -3.9499999999999997 0 14.049999999999999
    endloop
  endfacet
  facet normal 0.9987954562051724 0.049067674327420666 0
    outer loop
      vertex -3.9530474430504503 0.06203212835243545 12.95
      vertex -3.9530474430504503 0.06203212835243545 14.049999999999999
      vertex -3.9499999999999997 0 14.049999999999999
    endloop
  endfacet
  facet normal 0.9891765099647807 0.14673047445536355 0
    outer loop
      vertex -3.962160423659324 0.1234668533986262 12.95
      vertex -3.962160423659324 0.1234668533986262 14.049999999999999
      vertex -3.9530474430504503 0.06203212835243545 14.049999999999999
    endloop
  endfacet
  facet normal 0.9700312531945449 0.24298017990326126 0
    outer loop
      vertex -3.977251178841695 0.18371252515274059 12.95
      vertex -3.977251178841695 0.18371252515274059 14.049999999999999
      vertex -3.962160423659324 0.1234668533986262 14.049999999999999
    endloop
  endfacet
  facet normal 0.9415440651830207 0.3368898533922205 0
    outer loop
      vertex -3.998174376375712 0.2421889448621523 12.95
      vertex -3.998174376375712 0.2421889448621523 14.049999999999999
      vertex -3.977251178841695 0.18371252515274059 14.049999999999999
    endloop
  endfacet
  facet normal 0.9039892931234421 0.42755509343028497 0
    outer loop
      vertex -4.024728514431339 0.298332952638597 12.95
      vertex -4.024728514431339 0.298332952638597 14.049999999999999
      vertex -3.998174376375712 0.2421889448621523 14.049999999999999
    endloop
  endfacet
  facet normal -0.04906767432741693 0.9987954562051724 0
    outer loop
      vertex -4.6449023400711855 0.6298227686682997 12.95
      vertex -4.6449023400711855 0.6298227686682997 14.049999999999999
      vertex -4.58287021171875 0.63287021171875 12.95
    endloop
  endfacet
  facet normal 0.04906767432741693 0.9987954562051724 0
    outer loop
      vertex -4.58287021171875 0.63287021171875 12.95
      vertex -4.58287021171875 0.63287021171875 14.049999999999999
      vertex -4.520838083366314 0.6298227686682997 12.95
    endloop
  endfacet
  facet normal 0.14673047445536436 0.9891765099647807 0
    outer loop
      vertex -4.520838083366314 0.6298227686682997 12.95
      vertex -4.520838083366314 0.6298227686682997 14.049999999999999
      vertex -4.459403358320124 0.620709788059426 12.95
    endloop
  endfacet
  facet normal 0.24298017990326187 0.9700312531945445 0
    outer loop
      vertex -4.459403358320124 0.620709788059426 12.95
      vertex -4.459403358320124 0.620709788059426 14.049999999999999
      vertex -4.399157686566009 0.6056190328770548 12.95
    endloop
  endfacet
  facet normal 0.3368898533922198 0.9415440651830208 0
    outer loop
      vertex -4.399157686566009 0.6056190328770548 12.95
      vertex -4.399157686566009 0.6056190328770548 14.049999999999999
      vertex -4.340681266856597 0.5846958353430378 12.95
    endloop
  endfacet
  facet normal 0.42755509343028547 0.9039892931234418 0
    outer loop
      vertex -4.284537259080153 0.5581416972874111 12.95
      vertex -4.340681266856597 0.5846958353430378 12.95
      vertex -4.340681266856597 0.5846958353430378 14.049999999999999
    endloop
  endfacet
  facet normal 0.5141027441932186 0.857728610000274 0
    outer loop
      vertex -4.284537259080153 0.5581416972874111 12.95
      vertex -4.284537259080153 0.5581416972874111 14.049999999999999
      vertex -4.231266360722999 0.5262123495756188 12.95
    endloop
  endfacet
  facet normal 0.6715589548470134 0.7409511253549638 0
    outer loop
      vertex -4.181381599657151 0.4892152892804823 12.95
      vertex -4.181381599657151 0.4892152892804823 14.049999999999999
      vertex -4.135363393401455 0.4475068183172942 12.95
    endloop
  endfacet
  facet normal 0.7409511253549649 0.671558954847012 0
    outer loop
      vertex -4.135363393401455 0.4475068183172942 12.95
      vertex -4.093654922438268 0.40148861206159947 14.049999999999999
      vertex -4.093654922438268 0.40148861206159947 12.95
    endloop
  endfacet
  facet normal 0.8032075314806462 0.5956993044924318 0
    outer loop
      vertex -4.0566578621431315 0.3516038509957509 12.95
      vertex -4.093654922438268 0.40148861206159947 12.95
      vertex -4.0566578621431315 0.3516038509957509 14.049999999999999
    endloop
  endfacet
  facet normal 0.595699304492436 0.8032075314806429 0
    outer loop
      vertex -4.231266360722999 0.5262123495756188 12.95
      vertex -4.231266360722999 0.5262123495756188 14.049999999999999
      vertex -4.181381599657151 0.4892152892804823 12.95
    endloop
  endfacet
  facet normal -0.04906767432741693 0.9987954562051724 0
    outer loop
      vertex -4.6449023400711855 0.6298227686682997 14.049999999999999
      vertex -4.58287021171875 0.63287021171875 14.049999999999999
      vertex -4.58287021171875 0.63287021171875 12.95
    endloop
  endfacet
  facet normal 0.04906767432741693 0.9987954562051724 0
    outer loop
      vertex -4.520838083366314 0.6298227686682997 12.95
      vertex -4.58287021171875 0.63287021171875 14.049999999999999
      vertex -4.520838083366314 0.6298227686682997 14.049999999999999
    endloop
  endfacet
  facet normal 0.14673047445536436 0.9891765099647807 0
    outer loop
      vertex -4.459403358320124 0.620709788059426 12.95
      vertex -4.520838083366314 0.6298227686682997 14.049999999999999
      vertex -4.459403358320124 0.620709788059426 14.049999999999999
    endloop
  endfacet
  facet normal 0.3368898533922198 0.9415440651830208 0
    outer loop
      vertex -4.340681266856597 0.5846958353430378 12.95
      vertex -4.399157686566009 0.6056190328770548 14.049999999999999
      vertex -4.340681266856597 0.5846958353430378 14.049999999999999
    endloop
  endfacet
  facet normal 0.24298017990326187 0.9700312531945445 0
    outer loop
      vertex -4.399157686566009 0.6056190328770548 12.95
      vertex -4.459403358320124 0.620709788059426 14.049999999999999
      vertex -4.399157686566009 0.6056190328770548 14.049999999999999
    endloop
  endfacet
  facet normal 0.42755509343028547 0.9039892931234418 0
    outer loop
      vertex -4.284537259080153 0.5581416972874111 12.95
      vertex -4.340681266856597 0.5846958353430378 14.049999999999999
      vertex -4.284537259080153 0.5581416972874111 14.049999999999999
    endloop
  endfacet
  facet normal 0.5141027441932186 0.857728610000274 0
    outer loop
      vertex -4.231266360722999 0.5262123495756188 12.95
      vertex -4.284537259080153 0.5581416972874111 14.049999999999999
      vertex -4.231266360722999 0.5262123495756188 14.049999999999999
    endloop
  endfacet
  facet normal 0.595699304492436 0.8032075314806429 0
    outer loop
      vertex -4.181381599657151 0.4892152892804823 12.95
      vertex -4.231266360722999 0.5262123495756188 14.049999999999999
      vertex -4.181381599657151 0.4892152892804823 14.049999999999999
    endloop
  endfacet
  facet normal 0.6715589548470134 0.7409511253549638 0
    outer loop
      vertex -4.135363393401455 0.4475068183172942 12.95
      vertex -4.181381599657151 0.4892152892804823 14.049999999999999
      vertex -4.135363393401455 0.4475068183172942 14.049999999999999
    endloop
  endfacet
  facet normal 0.8032075314806462 0.5956993044924318 0
    outer loop
      vertex -4.093654922438268 0.40148861206159947 12.95
      vertex -4.093654922438268 0.40148861206159947 14.049999999999999
      vertex -4.0566578621431315 0.3516038509957509 14.049999999999999
    endloop
  endfacet
  facet normal 0.7409511253549649 0.671558954847012 0
    outer loop
      vertex -4.135363393401455 0.4475068183172942 12.95
      vertex -4.135363393401455 0.4475068183172942 14.049999999999999
      vertex -4.093654922438268 0.40148861206159947 14.049999999999999
    endloop
  endfacet
  facet normal 0.8577286100002705 0.5141027441932242 0
    outer loop
      vertex -4.0566578621431315 0.3516038509957509 12.95
      vertex -4.0566578621431315 0.3516038509957509 14.049999999999999
      vertex -4.024728514431339 0.298332952638597 14.049999999999999
    endloop
  endfacet
  facet normal -0.7409511253549649 -0.671558954847012 0
    outer loop
      vertex 4.093654922438268 -0.40148861206159947 12.95
      vertex 4.135363393401455 -0.4475068183172942 12.95
      vertex 4.093654922438268 -0.40148861206159947 14.049999999999999
    endloop
  endfacet
  facet normal -0.595699304492436 -0.8032075314806429 0
    outer loop
      vertex 4.181381599657151 -0.4892152892804823 12.95
      vertex 4.231266360722999 -0.5262123495756188 12.95
      vertex 4.231266360722999 -0.5262123495756188 14.049999999999999
    endloop
  endfacet
  facet normal -0.6715589548470134 -0.7409511253549638 0
    outer loop
      vertex 4.135363393401455 -0.4475068183172942 12.95
      vertex 4.181381599657151 -0.4892152892804823 12.95
      vertex 4.181381599657151 -0.4892152892804823 14.049999999999999
    endloop
  endfacet
  facet normal -0.42755509343028547 -0.9039892931234418 0
    outer loop
      vertex 4.340681266856597 -0.5846958353430378 12.95
      vertex 4.340681266856597 -0.5846958353430378 14.049999999999999
      vertex 4.284537259080153 -0.5581416972874111 12.95
    endloop
  endfacet
  facet normal -0.3368898533922198 -0.9415440651830208 0
    outer loop
      vertex 4.340681266856597 -0.5846958353430378 12.95
      vertex 4.399157686566009 -0.6056190328770548 12.95
      vertex 4.399157686566009 -0.6056190328770548 14.049999999999999
    endloop
  endfacet
  facet normal -0.5141027441932186 -0.857728610000274 0
    outer loop
      vertex 4.231266360722999 -0.5262123495756188 12.95
      vertex 4.284537259080153 -0.5581416972874111 12.95
      vertex 4.284537259080153 -0.5581416972874111 14.049999999999999
    endloop
  endfacet
  facet normal -0.24298017990326187 -0.9700312531945445 0
    outer loop
      vertex 4.399157686566009 -0.6056190328770548 12.95
      vertex 4.459403358320124 -0.620709788059426 12.95
      vertex 4.459403358320124 -0.620709788059426 14.049999999999999
    endloop
  endfacet
  facet normal -0.14673047445536436 -0.9891765099647807 0
    outer loop
      vertex 4.459403358320124 -0.620709788059426 12.95
      vertex 4.520838083366314 -0.6298227686682997 12.95
      vertex 4.520838083366314 -0.6298227686682997 14.049999999999999
    endloop
  endfacet
  facet normal -0.04906767432741693 -0.9987954562051724 0
    outer loop
      vertex 4.520838083366314 -0.6298227686682997 12.95
      vertex 4.58287021171875 -0.63287021171875 12.95
      vertex 4.58287021171875 -0.63287021171875 14.049999999999999
    endloop
  endfacet
  facet normal 0.04906767432741693 -0.9987954562051724 0
    outer loop
      vertex 4.58287021171875 -0.63287021171875 12.95
      vertex 4.6449023400711855 -0.6298227686682997 12.95
      vertex 4.6449023400711855 -0.6298227686682997 14.049999999999999
    endloop
  endfacet
  facet normal -0.7409511253549649 -0.671558954847012 0
    outer loop
      vertex 4.135363393401455 -0.4475068183172942 12.95
      vertex 4.135363393401455 -0.4475068183172942 14.049999999999999
      vertex 4.093654922438268 -0.40148861206159947 14.049999999999999
    endloop
  endfacet
  facet normal -0.595699304492436 -0.8032075314806429 0
    outer loop
      vertex 4.181381599657151 -0.4892152892804823 12.95
      vertex 4.231266360722999 -0.5262123495756188 14.049999999999999
      vertex 4.181381599657151 -0.4892152892804823 14.049999999999999
    endloop
  endfacet
  facet normal -0.6715589548470134 -0.7409511253549638 0
    outer loop
      vertex 4.135363393401455 -0.4475068183172942 12.95
      vertex 4.181381599657151 -0.4892152892804823 14.049999999999999
      vertex 4.135363393401455 -0.4475068183172942 14.049999999999999
    endloop
  endfacet
  facet normal -0.3368898533922198 -0.9415440651830208 0
    outer loop
      vertex 4.340681266856597 -0.5846958353430378 12.95
      vertex 4.399157686566009 -0.6056190328770548 14.049999999999999
      vertex 4.340681266856597 -0.5846958353430378 14.049999999999999
    endloop
  endfacet
  facet normal -0.24298017990326187 -0.9700312531945445 0
    outer loop
      vertex 4.399157686566009 -0.6056190328770548 12.95
      vertex 4.459403358320124 -0.620709788059426 14.049999999999999
      vertex 4.399157686566009 -0.6056190328770548 14.049999999999999
    endloop
  endfacet
  facet normal -0.5141027441932186 -0.857728610000274 0
    outer loop
      vertex 4.231266360722999 -0.5262123495756188 12.95
      vertex 4.284537259080153 -0.5581416972874111 14.049999999999999
      vertex 4.231266360722999 -0.5262123495756188 14.049999999999999
    endloop
  endfacet
  facet normal -0.42755509343028547 -0.9039892931234418 0
    outer loop
      vertex 4.284537259080153 -0.5581416972874111 12.95
      vertex 4.340681266856597 -0.5846958353430378 14.049999999999999
      vertex 4.284537259080153 -0.5581416972874111 14.049999999999999
    endloop
  endfacet
  facet normal -0.14673047445536436 -0.9891765099647807 0
    outer loop
      vertex 4.459403358320124 -0.620709788059426 12.95
      vertex 4.520838083366314 -0.6298227686682997 14.049999999999999
      vertex 4.459403358320124 -0.620709788059426 14.049999999999999
    endloop
  endfacet
  facet normal -0.04906767432741693 -0.9987954562051724 0
    outer loop
      vertex 4.520838083366314 -0.6298227686682997 12.95
      vertex 4.58287021171875 -0.63287021171875 14.049999999999999
      vertex 4.520838083366314 -0.6298227686682997 14.049999999999999
    endloop
  endfacet
  facet normal 0.04906767432741693 -0.9987954562051724 0
    outer loop
      vertex 4.58287021171875 -0.63287021171875 12.95
      vertex 4.6449023400711855 -0.6298227686682997 14.049999999999999
      vertex 4.58287021171875 -0.63287021171875 14.049999999999999
    endloop
  endfacet
  facet normal 0.14673047445536436 -0.9891765099647807 0
    outer loop
      vertex 4.6449023400711855 -0.6298227686682997 12.95
      vertex 4.706337065117376 -0.620709788059426 12.95
      vertex 4.706337065117376 -0.620709788059426 14.049999999999999
    endloop
  endfacet
  facet normal 0.24298017990326187 -0.9700312531945445 0
    outer loop
      vertex 4.706337065117376 -0.620709788059426 12.95
      vertex 4.766582736871491 -0.6056190328770548 12.95
      vertex 4.766582736871491 -0.6056190328770548 14.049999999999999
    endloop
  endfacet
  facet normal 0.3368898533922198 -0.9415440651830208 0
    outer loop
      vertex 4.766582736871491 -0.6056190328770548 12.95
      vertex 4.8250591565809025 -0.5846958353430378 12.95
      vertex 4.8250591565809025 -0.5846958353430378 14.049999999999999
    endloop
  endfacet
  facet normal 0.42755509343028547 -0.9039892931234418 0
    outer loop
      vertex 4.8250591565809025 -0.5846958353430378 12.95
      vertex 4.881203164357347 -0.5581416972874111 12.95
      vertex 4.881203164357347 -0.5581416972874111 14.049999999999999
    endloop
  endfacet
  facet normal 0.5141027441932186 -0.857728610000274 0
    outer loop
      vertex 4.881203164357347 -0.5581416972874111 12.95
      vertex 4.934474062714501 -0.5262123495756188 12.95
      vertex 4.934474062714501 -0.5262123495756188 14.049999999999999
    endloop
  endfacet
  facet normal 0.595699304492436 -0.8032075314806429 0
    outer loop
      vertex 4.934474062714501 -0.5262123495756188 12.95
      vertex 4.984358823780349 -0.4892152892804823 12.95
      vertex 4.984358823780349 -0.4892152892804823 14.049999999999999
    endloop
  endfacet
  facet normal 0.6715589548470134 -0.7409511253549638 0
    outer loop
      vertex 4.984358823780349 -0.4892152892804823 12.95
      vertex 5.030377030036044 -0.4475068183172942 12.95
      vertex 5.030377030036044 -0.4475068183172942 14.049999999999999
    endloop
  endfacet
  facet normal 0.7409511253549649 -0.671558954847012 0
    outer loop
      vertex 5.030377030036044 -0.4475068183172942 12.95
      vertex 5.072085500999232 -0.40148861206159947 12.95
      vertex 5.030377030036044 -0.4475068183172942 14.049999999999999
    endloop
  endfacet
  facet normal 0.14673047445536436 -0.9891765099647807 0
    outer loop
      vertex 4.6449023400711855 -0.6298227686682997 12.95
      vertex 4.706337065117376 -0.620709788059426 14.049999999999999
      vertex 4.6449023400711855 -0.6298227686682997 14.049999999999999
    endloop
  endfacet
  facet normal 0.24298017990326187 -0.9700312531945445 0
    outer loop
      vertex 4.706337065117376 -0.620709788059426 12.95
      vertex 4.766582736871491 -0.6056190328770548 14.049999999999999
      vertex 4.706337065117376 -0.620709788059426 14.049999999999999
    endloop
  endfacet
  facet normal 0.3368898533922198 -0.9415440651830208 0
    outer loop
      vertex 4.766582736871491 -0.6056190328770548 12.95
      vertex 4.8250591565809025 -0.5846958353430378 14.049999999999999
      vertex 4.766582736871491 -0.6056190328770548 14.049999999999999
    endloop
  endfacet
  facet normal 0.42755509343028547 -0.9039892931234418 0
    outer loop
      vertex 4.8250591565809025 -0.5846958353430378 12.95
      vertex 4.881203164357347 -0.5581416972874111 14.049999999999999
      vertex 4.8250591565809025 -0.5846958353430378 14.049999999999999
    endloop
  endfacet
  facet normal 0.5141027441932186 -0.857728610000274 0
    outer loop
      vertex 4.881203164357347 -0.5581416972874111 12.95
      vertex 4.934474062714501 -0.5262123495756188 14.049999999999999
      vertex 4.881203164357347 -0.5581416972874111 14.049999999999999
    endloop
  endfacet
  facet normal 0.595699304492436 -0.8032075314806429 0
    outer loop
      vertex 4.934474062714501 -0.5262123495756188 12.95
      vertex 4.984358823780349 -0.4892152892804823 14.049999999999999
      vertex 4.934474062714501 -0.5262123495756188 14.049999999999999
    endloop
  endfacet
  facet normal 0.6715589548470134 -0.7409511253549638 0
    outer loop
      vertex 4.984358823780349 -0.4892152892804823 12.95
      vertex 5.030377030036044 -0.4475068183172942 14.049999999999999
      vertex 4.984358823780349 -0.4892152892804823 14.049999999999999
    endloop
  endfacet
  facet normal 0.7409511253549649 -0.671558954847012 0
    outer loop
      vertex 5.072085500999232 -0.40148861206159947 12.95
      vertex 5.072085500999232 -0.40148861206159947 14.049999999999999
      vertex 5.030377030036044 -0.4475068183172942 14.049999999999999
    endloop
  endfacet
  facet normal -0.8577286100002705 -0.5141027441932242 0
    outer loop
      vertex 4.024728514431339 -0.298332952638597 12.95
      vertex 4.0566578621431315 -0.3516038509957509 12.95
      vertex 4.024728514431339 -0.298332952638597 14.049999999999999
    endloop
  endfacet
  facet normal -0.9039892931234421 -0.42755509343028497 0
    outer loop
      vertex 4.024728514431339 -0.298332952638597 12.95
      vertex 3.998174376375712 -0.2421889448621523 14.049999999999999
      vertex 3.998174376375712 -0.2421889448621523 12.95
    endloop
  endfacet
  facet normal -0.9415440651830207 -0.3368898533922205 0
    outer loop
      vertex 3.998174376375712 -0.2421889448621523 12.95
      vertex 3.977251178841695 -0.18371252515274059 14.049999999999999
      vertex 3.977251178841695 -0.18371252515274059 12.95
    endloop
  endfacet
  facet normal -0.9700312531945449 -0.24298017990326126 0
    outer loop
      vertex 3.977251178841695 -0.18371252515274059 12.95
      vertex 3.962160423659324 -0.1234668533986262 14.049999999999999
      vertex 3.962160423659324 -0.1234668533986262 12.95
    endloop
  endfacet
  facet normal -0.9891765099647807 -0.14673047445536355 0
    outer loop
      vertex 3.962160423659324 -0.1234668533986262 12.95
      vertex 3.9530474430504503 -0.06203212835243545 14.049999999999999
      vertex 3.9530474430504503 -0.06203212835243545 12.95
    endloop
  endfacet
  facet normal -0.8032075314806462 -0.5956993044924318 0
    outer loop
      vertex 4.093654922438268 -0.40148861206159947 12.95
      vertex 4.0566578621431315 -0.3516038509957509 14.049999999999999
      vertex 4.0566578621431315 -0.3516038509957509 12.95
    endloop
  endfacet
  facet normal -0.9987954562051724 -0.049067674327420666 0
    outer loop
      vertex 3.9530474430504503 -0.06203212835243545 12.95
      vertex 3.9499999999999997 0 14.049999999999999
      vertex 3.9499999999999997 0 12.95
    endloop
  endfacet
  facet normal -0.9987954562051724 0.049067674327420666 0
    outer loop
      vertex 3.9499999999999997 0 12.95
      vertex 3.9530474430504503 0.06203212835243545 14.049999999999999
      vertex 3.9530474430504503 0.06203212835243545 12.95
    endloop
  endfacet
  facet normal -0.9891765099647807 0.14673047445536355 0
    outer loop
      vertex 3.9530474430504503 0.06203212835243545 12.95
      vertex 3.962160423659324 0.1234668533986262 14.049999999999999
      vertex 3.962160423659324 0.1234668533986262 12.95
    endloop
  endfacet
  facet normal -0.9700312531945449 0.24298017990326126 0
    outer loop
      vertex 3.962160423659324 0.1234668533986262 12.95
      vertex 3.977251178841695 0.18371252515274059 14.049999999999999
      vertex 3.977251178841695 0.18371252515274059 12.95
    endloop
  endfacet
  facet normal -0.9415440651830207 0.3368898533922205 0
    outer loop
      vertex 3.977251178841695 0.18371252515274059 12.95
      vertex 3.998174376375712 0.2421889448621523 14.049999999999999
      vertex 3.998174376375712 0.2421889448621523 12.95
    endloop
  endfacet
  facet normal -0.9039892931234421 0.42755509343028497 0
    outer loop
      vertex 3.998174376375712 0.2421889448621523 12.95
      vertex 4.024728514431339 0.298332952638597 14.049999999999999
      vertex 4.024728514431339 0.298332952638597 12.95
    endloop
  endfacet
  facet normal -0.8577286100002705 -0.5141027441932242 0
    outer loop
      vertex 4.0566578621431315 -0.3516038509957509 12.95
      vertex 4.0566578621431315 -0.3516038509957509 14.049999999999999
      vertex 4.024728514431339 -0.298332952638597 14.049999999999999
    endloop
  endfacet
  facet normal -0.9415440651830207 -0.3368898533922205 0
    outer loop
      vertex 3.998174376375712 -0.2421889448621523 12.95
      vertex 3.998174376375712 -0.2421889448621523 14.049999999999999
      vertex 3.977251178841695 -0.18371252515274059 14.049999999999999
    endloop
  endfacet
  facet normal -0.9039892931234421 -0.42755509343028497 0
    outer loop
      vertex 4.024728514431339 -0.298332952638597 12.95
      vertex 4.024728514431339 -0.298332952638597 14.049999999999999
      vertex 3.998174376375712 -0.2421889448621523 14.049999999999999
    endloop
  endfacet
  facet normal -0.9700312531945449 -0.24298017990326126 0
    outer loop
      vertex 3.977251178841695 -0.18371252515274059 12.95
      vertex 3.977251178841695 -0.18371252515274059 14.049999999999999
      vertex 3.962160423659324 -0.1234668533986262 14.049999999999999
    endloop
  endfacet
  facet normal -0.9891765099647807 -0.14673047445536355 0
    outer loop
      vertex 3.962160423659324 -0.1234668533986262 12.95
      vertex 3.962160423659324 -0.1234668533986262 14.049999999999999
      vertex 3.9530474430504503 -0.06203212835243545 14.049999999999999
    endloop
  endfacet
  facet normal -0.9987954562051724 -0.049067674327420666 0
    outer loop
      vertex 3.9530474430504503 -0.06203212835243545 12.95
      vertex 3.9530474430504503 -0.06203212835243545 14.049999999999999
      vertex 3.9499999999999997 0 14.049999999999999
    endloop
  endfacet
  facet normal -0.8032075314806462 -0.5956993044924318 0
    outer loop
      vertex 4.093654922438268 -0.40148861206159947 12.95
      vertex 4.093654922438268 -0.40148861206159947 14.049999999999999
      vertex 4.0566578621431315 -0.3516038509957509 14.049999999999999
    endloop
  endfacet
  facet normal -0.9987954562051724 0.049067674327420666 0
    outer loop
      vertex 3.9499999999999997 0 12.95
      vertex 3.9499999999999997 0 14.049999999999999
      vertex 3.9530474430504503 0.06203212835243545 14.049999999999999
    endloop
  endfacet
  facet normal -0.9891765099647807 0.14673047445536355 0
    outer loop
      vertex 3.9530474430504503 0.06203212835243545 12.95
      vertex 3.9530474430504503 0.06203212835243545 14.049999999999999
      vertex 3.962160423659324 0.1234668533986262 14.049999999999999
    endloop
  endfacet
  facet normal -0.9700312531945449 0.24298017990326126 0
    outer loop
      vertex 3.962160423659324 0.1234668533986262 12.95
      vertex 3.962160423659324 0.1234668533986262 14.049999999999999
      vertex 3.977251178841695 0.18371252515274059 14.049999999999999
    endloop
  endfacet
  facet normal -0.9415440651830207 0.3368898533922205 0
    outer loop
      vertex 3.977251178841695 0.18371252515274059 12.95
      vertex 3.977251178841695 0.18371252515274059 14.049999999999999
      vertex 3.998174376375712 0.2421889448621523 14.049999999999999
    endloop
  endfacet
  facet normal -0.9039892931234421 0.42755509343028497 0
    outer loop
      vertex 3.998174376375712 0.2421889448621523 12.95
      vertex 3.998174376375712 0.2421889448621523 14.049999999999999
      vertex 4.024728514431339 0.298332952638597 14.049999999999999
    endloop
  endfacet
  facet normal -0.8577286100002705 0.5141027441932242 0
    outer loop
      vertex 4.024728514431339 0.298332952638597 12.95
      vertex 4.024728514431339 0.298332952638597 14.049999999999999
      vertex 4.0566578621431315 0.3516038509957509 14.049999999999999
    endloop
  endfacet
  facet normal -0.8577286100002705 0.5141027441932242 0
    outer loop
      vertex 4.024728514431339 0.298332952638597 12.95
      vertex 4.0566578621431315 0.3516038509957509 14.049999999999999
      vertex 4.0566578621431315 0.3516038509957509 12.95
    endloop
  endfacet
  facet normal -0.8032075314806462 0.5956993044924318 0
    outer loop
      vertex 4.0566578621431315 0.3516038509957509 12.95
      vertex 4.093654922438268 0.40148861206159947 14.049999999999999
      vertex 4.093654922438268 0.40148861206159947 12.95
    endloop
  endfacet
  facet normal -0.7409511253549649 0.671558954847012 0
    outer loop
      vertex 4.093654922438268 0.40148861206159947 12.95
      vertex 4.135363393401455 0.4475068183172942 14.049999999999999
      vertex 4.135363393401455 0.4475068183172942 12.95
    endloop
  endfacet
  facet normal -0.6715589548470134 0.7409511253549638 0
    outer loop
      vertex 4.135363393401455 0.4475068183172942 12.95
      vertex 4.135363393401455 0.4475068183172942 14.049999999999999
      vertex 4.181381599657151 0.4892152892804823 12.95
    endloop
  endfacet
  facet normal -0.595699304492436 0.8032075314806429 0
    outer loop
      vertex 4.181381599657151 0.4892152892804823 12.95
      vertex 4.181381599657151 0.4892152892804823 14.049999999999999
      vertex 4.231266360722999 0.5262123495756188 12.95
    endloop
  endfacet
  facet normal -0.5141027441932186 0.857728610000274 0
    outer loop
      vertex 4.231266360722999 0.5262123495756188 12.95
      vertex 4.231266360722999 0.5262123495756188 14.049999999999999
      vertex 4.284537259080153 0.5581416972874111 12.95
    endloop
  endfacet
  facet normal -0.42755509343028547 0.9039892931234418 0
    outer loop
      vertex 4.284537259080153 0.5581416972874111 12.95
      vertex 4.284537259080153 0.5581416972874111 14.049999999999999
      vertex 4.340681266856597 0.5846958353430378 12.95
    endloop
  endfacet
  facet normal -0.3368898533922198 0.9415440651830208 0
    outer loop
      vertex 4.340681266856597 0.5846958353430378 12.95
      vertex 4.340681266856597 0.5846958353430378 14.049999999999999
      vertex 4.399157686566009 0.6056190328770548 12.95
    endloop
  endfacet
  facet normal -0.24298017990326187 0.9700312531945445 0
    outer loop
      vertex 4.399157686566009 0.6056190328770548 12.95
      vertex 4.399157686566009 0.6056190328770548 14.049999999999999
      vertex 4.459403358320124 0.620709788059426 12.95
    endloop
  endfacet
  facet normal -0.14673047445536436 0.9891765099647807 0
    outer loop
      vertex 4.459403358320124 0.620709788059426 12.95
      vertex 4.459403358320124 0.620709788059426 14.049999999999999
      vertex 4.520838083366314 0.6298227686682997 12.95
    endloop
  endfacet
  facet normal -0.04906767432741693 0.9987954562051724 0
    outer loop
      vertex 4.520838083366314 0.6298227686682997 12.95
      vertex 4.520838083366314 0.6298227686682997 14.049999999999999
      vertex 4.58287021171875 0.63287021171875 12.95
    endloop
  endfacet
  facet normal 0.04906767432741693 0.9987954562051724 0
    outer loop
      vertex 4.58287021171875 0.63287021171875 12.95
      vertex 4.58287021171875 0.63287021171875 14.049999999999999
      vertex 4.6449023400711855 0.6298227686682997 12.95
    endloop
  endfacet
  facet normal -0.8032075314806462 0.5956993044924318 0
    outer loop
      vertex 4.0566578621431315 0.3516038509957509 12.95
      vertex 4.0566578621431315 0.3516038509957509 14.049999999999999
      vertex 4.093654922438268 0.40148861206159947 14.049999999999999
    endloop
  endfacet
  facet normal -0.7409511253549649 0.671558954847012 0
    outer loop
      vertex 4.093654922438268 0.40148861206159947 12.95
      vertex 4.093654922438268 0.40148861206159947 14.049999999999999
      vertex 4.135363393401455 0.4475068183172942 14.049999999999999
    endloop
  endfacet
  facet normal -0.6715589548470134 0.7409511253549638 0
    outer loop
      vertex 4.181381599657151 0.4892152892804823 12.95
      vertex 4.135363393401455 0.4475068183172942 14.049999999999999
      vertex 4.181381599657151 0.4892152892804823 14.049999999999999
    endloop
  endfacet
  facet normal -0.595699304492436 0.8032075314806429 0
    outer loop
      vertex 4.231266360722999 0.5262123495756188 12.95
      vertex 4.181381599657151 0.4892152892804823 14.049999999999999
      vertex 4.231266360722999 0.5262123495756188 14.049999999999999
    endloop
  endfacet
  facet normal -0.5141027441932186 0.857728610000274 0
    outer loop
      vertex 4.284537259080153 0.5581416972874111 12.95
      vertex 4.231266360722999 0.5262123495756188 14.049999999999999
      vertex 4.284537259080153 0.5581416972874111 14.049999999999999
    endloop
  endfacet
  facet normal -0.42755509343028547 0.9039892931234418 0
    outer loop
      vertex 4.340681266856597 0.5846958353430378 12.95
      vertex 4.284537259080153 0.5581416972874111 14.049999999999999
      vertex 4.340681266856597 0.5846958353430378 14.049999999999999
    endloop
  endfacet
  facet normal -0.3368898533922198 0.9415440651830208 0
    outer loop
      vertex 4.399157686566009 0.6056190328770548 12.95
      vertex 4.340681266856597 0.5846958353430378 14.049999999999999
      vertex 4.399157686566009 0.6056190328770548 14.049999999999999
    endloop
  endfacet
  facet normal -0.24298017990326187 0.9700312531945445 0
    outer loop
      vertex 4.459403358320124 0.620709788059426 12.95
      vertex 4.399157686566009 0.6056190328770548 14.049999999999999
      vertex 4.459403358320124 0.620709788059426 14.049999999999999
    endloop
  endfacet
  facet normal -0.14673047445536436 0.9891765099647807 0
    outer loop
      vertex 4.520838083366314 0.6298227686682997 12.95
      vertex 4.459403358320124 0.620709788059426 14.049999999999999
      vertex 4.520838083366314 0.6298227686682997 14.049999999999999
    endloop
  endfacet
  facet normal -0.04906767432741693 0.9987954562051724 0
    outer loop
      vertex 4.58287021171875 0.63287021171875 12.95
      vertex 4.520838083366314 0.6298227686682997 14.049999999999999
      vertex 4.58287021171875 0.63287021171875 14.049999999999999
    endloop
  endfacet
  facet normal 0.04906767432741693 0.9987954562051724 0
    outer loop
      vertex 4.58287021171875 0.63287021171875 14.049999999999999
      vertex 4.6449023400711855 0.6298227686682997 14.049999999999999
      vertex 4.6449023400711855 0.6298227686682997 12.95
    endloop
  endfacet
  facet normal 0.8032075314806462 -0.5956993044924318 0
    outer loop
      vertex 5.072085500999232 -0.40148861206159947 12.95
      vertex 5.109082561294368 -0.3516038509957509 12.95
      vertex 5.072085500999232 -0.40148861206159947 14.049999999999999
    endloop
  endfacet
  facet normal 0.8577286100002705 -0.5141027441932242 0
    outer loop
      vertex 5.109082561294368 -0.3516038509957509 12.95
      vertex 5.141011909006161 -0.298332952638597 12.95
      vertex 5.109082561294368 -0.3516038509957509 14.049999999999999
    endloop
  endfacet
  facet normal 0.9039892931234391 -0.4275550934302907 0
    outer loop
      vertex 5.141011909006161 -0.298332952638597 12.95
      vertex 5.167566047061788 -0.2421889448621523 12.95
      vertex 5.141011909006161 -0.298332952638597 14.049999999999999
    endloop
  endfacet
  facet normal 0.941544065183023 -0.33688985339221417 0
    outer loop
      vertex 5.167566047061788 -0.2421889448621523 12.95
      vertex 5.188489244595805 -0.18371252515274059 12.95
      vertex 5.167566047061788 -0.2421889448621523 14.049999999999999
    endloop
  endfacet
  facet normal 0.9700312531945431 -0.24298017990326798 0
    outer loop
      vertex 5.188489244595805 -0.18371252515274059 12.95
      vertex 5.203579999778176 -0.1234668533986262 12.95
      vertex 5.188489244595805 -0.18371252515274059 14.049999999999999
    endloop
  endfacet
  facet normal 0.9891765099647817 -0.14673047445535656 0
    outer loop
      vertex 5.203579999778176 -0.1234668533986262 12.95
      vertex 5.212692980387049 -0.06203212835243545 12.95
      vertex 5.203579999778176 -0.1234668533986262 14.049999999999999
    endloop
  endfacet
  facet normal 0.9987954562051726 -0.049067674327413525 0
    outer loop
      vertex 5.212692980387049 -0.06203212835243545 12.95
      vertex 5.2157404234374996 0 12.95
      vertex 5.212692980387049 -0.06203212835243545 14.049999999999999
    endloop
  endfacet
  facet normal 0.9700312531945431 0.24298017990326798 0
    outer loop
      vertex 5.188489244595805 0.18371252515274059 12.95
      vertex 5.203579999778176 0.1234668533986262 14.049999999999999
      vertex 5.203579999778176 0.1234668533986262 12.95
    endloop
  endfacet
  facet normal 0.941544065183023 0.33688985339221417 0
    outer loop
      vertex 5.188489244595805 0.18371252515274059 12.95
      vertex 5.167566047061788 0.2421889448621523 12.95
      vertex 5.188489244595805 0.18371252515274059 14.049999999999999
    endloop
  endfacet
  facet normal 0.8577286100002705 0.5141027441932242 0
    outer loop
      vertex 5.141011909006161 0.298332952638597 12.95
      vertex 5.109082561294368 0.3516038509957509 12.95
      vertex 5.141011909006161 0.298332952638597 14.049999999999999
    endloop
  endfacet
  facet normal 0.9039892931234391 0.4275550934302907 0
    outer loop
      vertex 5.167566047061788 0.2421889448621523 12.95
      vertex 5.141011909006161 0.298332952638597 12.95
      vertex 5.167566047061788 0.2421889448621523 14.049999999999999
    endloop
  endfacet
  facet normal 0.9987954562051726 0.049067674327413525 0
    outer loop
      vertex 5.2157404234374996 0 12.95
      vertex 5.212692980387049 0.06203212835243545 12.95
      vertex 5.2157404234374996 0 14.049999999999999
    endloop
  endfacet
  facet normal 0.9891765099647817 0.14673047445535656 0
    outer loop
      vertex 5.212692980387049 0.06203212835243545 12.95
      vertex 5.203579999778176 0.1234668533986262 12.95
      vertex 5.212692980387049 0.06203212835243545 14.049999999999999
    endloop
  endfacet
  facet normal 0.8032075314806462 -0.5956993044924318 0
    outer loop
      vertex 5.109082561294368 -0.3516038509957509 12.95
      vertex 5.109082561294368 -0.3516038509957509 14.049999999999999
      vertex 5.072085500999232 -0.40148861206159947 14.049999999999999
    endloop
  endfacet
  facet normal 0.8577286100002705 -0.5141027441932242 0
    outer loop
      vertex 5.141011909006161 -0.298332952638597 12.95
      vertex 5.141011909006161 -0.298332952638597 14.049999999999999
      vertex 5.109082561294368 -0.3516038509957509 14.049999999999999
    endloop
  endfacet
  facet normal 0.9039892931234391 -0.4275550934302907 0
    outer loop
      vertex 5.167566047061788 -0.2421889448621523 12.95
      vertex 5.167566047061788 -0.2421889448621523 14.049999999999999
      vertex 5.141011909006161 -0.298332952638597 14.049999999999999
    endloop
  endfacet
  facet normal 0.941544065183023 -0.33688985339221417 0
    outer loop
      vertex 5.188489244595805 -0.18371252515274059 12.95
      vertex 5.188489244595805 -0.18371252515274059 14.049999999999999
      vertex 5.167566047061788 -0.2421889448621523 14.049999999999999
    endloop
  endfacet
  facet normal 0.9700312531945431 -0.24298017990326798 0
    outer loop
      vertex 5.203579999778176 -0.1234668533986262 12.95
      vertex 5.203579999778176 -0.1234668533986262 14.049999999999999
      vertex 5.188489244595805 -0.18371252515274059 14.049999999999999
    endloop
  endfacet
  facet normal 0.9891765099647817 -0.14673047445535656 0
    outer loop
      vertex 5.212692980387049 -0.06203212835243545 12.95
      vertex 5.212692980387049 -0.06203212835243545 14.049999999999999
      vertex 5.203579999778176 -0.1234668533986262 14.049999999999999
    endloop
  endfacet
  facet normal 0.9700312531945431 0.24298017990326798 0
    outer loop
      vertex 5.188489244595805 0.18371252515274059 12.95
      vertex 5.188489244595805 0.18371252515274059 14.049999999999999
      vertex 5.203579999778176 0.1234668533986262 14.049999999999999
    endloop
  endfacet
  facet normal 0.941544065183023 0.33688985339221417 0
    outer loop
      vertex 5.167566047061788 0.2421889448621523 12.95
      vertex 5.167566047061788 0.2421889448621523 14.049999999999999
      vertex 5.188489244595805 0.18371252515274059 14.049999999999999
    endloop
  endfacet
  facet normal 0.9039892931234391 0.4275550934302907 0
    outer loop
      vertex 5.141011909006161 0.298332952638597 12.95
      vertex 5.141011909006161 0.298332952638597 14.049999999999999
      vertex 5.167566047061788 0.2421889448621523 14.049999999999999
    endloop
  endfacet
  facet normal 0.9987954562051726 -0.049067674327413525 0
    outer loop
      vertex 5.212692980387049 -0.06203212835243545 14.049999999999999
      vertex 5.2157404234374996 0 12.95
      vertex 5.2157404234374996 0 14.049999999999999
    endloop
  endfacet
  facet normal 0.9987954562051726 0.049067674327413525 0
    outer loop
      vertex 5.212692980387049 0.06203212835243545 12.95
      vertex 5.212692980387049 0.06203212835243545 14.049999999999999
      vertex 5.2157404234374996 0 14.049999999999999
    endloop
  endfacet
  facet normal 0.9891765099647817 0.14673047445535656 0
    outer loop
      vertex 5.203579999778176 0.1234668533986262 12.95
      vertex 5.203579999778176 0.1234668533986262 14.049999999999999
      vertex 5.212692980387049 0.06203212835243545 14.049999999999999
    endloop
  endfacet
  facet normal 0.14673047445536436 0.9891765099647807 0
    outer loop
      vertex 4.6449023400711855 0.6298227686682997 12.95
      vertex 4.6449023400711855 0.6298227686682997 14.049999999999999
      vertex 4.706337065117376 0.620709788059426 12.95
    endloop
  endfacet
  facet normal 0.3368898533922198 0.9415440651830208 0
    outer loop
      vertex 4.766582736871491 0.6056190328770548 12.95
      vertex 4.766582736871491 0.6056190328770548 14.049999999999999
      vertex 4.8250591565809025 0.5846958353430378 12.95
    endloop
  endfacet
  facet normal 0.24298017990326187 0.9700312531945445 0
    outer loop
      vertex 4.706337065117376 0.620709788059426 12.95
      vertex 4.706337065117376 0.620709788059426 14.049999999999999
      vertex 4.766582736871491 0.6056190328770548 12.95
    endloop
  endfacet
  facet normal 0.6715589548470134 0.7409511253549638 0
    outer loop
      vertex 4.984358823780349 0.4892152892804823 12.95
      vertex 4.984358823780349 0.4892152892804823 14.049999999999999
      vertex 5.030377030036044 0.4475068183172942 12.95
    endloop
  endfacet
  facet normal 0.42755509343028547 0.9039892931234418 0
    outer loop
      vertex 4.881203164357347 0.5581416972874111 12.95
      vertex 4.8250591565809025 0.5846958353430378 12.95
      vertex 4.8250591565809025 0.5846958353430378 14.049999999999999
    endloop
  endfacet
  facet normal 0.5141027441932186 0.857728610000274 0
    outer loop
      vertex 4.881203164357347 0.5581416972874111 12.95
      vertex 4.881203164357347 0.5581416972874111 14.049999999999999
      vertex 4.934474062714501 0.5262123495756188 12.95
    endloop
  endfacet
  facet normal 0.595699304492436 0.8032075314806429 0
    outer loop
      vertex 4.934474062714501 0.5262123495756188 12.95
      vertex 4.934474062714501 0.5262123495756188 14.049999999999999
      vertex 4.984358823780349 0.4892152892804823 12.95
    endloop
  endfacet
  facet normal 0.8032075314806462 0.5956993044924318 0
    outer loop
      vertex 5.109082561294368 0.3516038509957509 12.95
      vertex 5.072085500999232 0.40148861206159947 12.95
      vertex 5.109082561294368 0.3516038509957509 14.049999999999999
    endloop
  endfacet
  facet normal 0.7409511253549649 0.671558954847012 0
    outer loop
      vertex 5.030377030036044 0.4475068183172942 12.95
      vertex 5.072085500999232 0.40148861206159947 14.049999999999999
      vertex 5.072085500999232 0.40148861206159947 12.95
    endloop
  endfacet
  facet normal 0.14673047445536436 0.9891765099647807 0
    outer loop
      vertex 4.706337065117376 0.620709788059426 12.95
      vertex 4.6449023400711855 0.6298227686682997 14.049999999999999
      vertex 4.706337065117376 0.620709788059426 14.049999999999999
    endloop
  endfacet
  facet normal 0.3368898533922198 0.9415440651830208 0
    outer loop
      vertex 4.8250591565809025 0.5846958353430378 12.95
      vertex 4.766582736871491 0.6056190328770548 14.049999999999999
      vertex 4.8250591565809025 0.5846958353430378 14.049999999999999
    endloop
  endfacet
  facet normal 0.24298017990326187 0.9700312531945445 0
    outer loop
      vertex 4.766582736871491 0.6056190328770548 12.95
      vertex 4.706337065117376 0.620709788059426 14.049999999999999
      vertex 4.766582736871491 0.6056190328770548 14.049999999999999
    endloop
  endfacet
  facet normal 0.595699304492436 0.8032075314806429 0
    outer loop
      vertex 4.984358823780349 0.4892152892804823 12.95
      vertex 4.934474062714501 0.5262123495756188 14.049999999999999
      vertex 4.984358823780349 0.4892152892804823 14.049999999999999
    endloop
  endfacet
  facet normal 0.42755509343028547 0.9039892931234418 0
    outer loop
      vertex 4.881203164357347 0.5581416972874111 12.95
      vertex 4.8250591565809025 0.5846958353430378 14.049999999999999
      vertex 4.881203164357347 0.5581416972874111 14.049999999999999
    endloop
  endfacet
  facet normal 0.5141027441932186 0.857728610000274 0
    outer loop
      vertex 4.934474062714501 0.5262123495756188 12.95
      vertex 4.881203164357347 0.5581416972874111 14.049999999999999
      vertex 4.934474062714501 0.5262123495756188 14.049999999999999
    endloop
  endfacet
  facet normal 0.8032075314806462 0.5956993044924318 0
    outer loop
      vertex 5.072085500999232 0.40148861206159947 12.95
      vertex 5.072085500999232 0.40148861206159947 14.049999999999999
      vertex 5.109082561294368 0.3516038509957509 14.049999999999999
    endloop
  endfacet
  facet normal 0.6715589548470134 0.7409511253549638 0
    outer loop
      vertex 5.030377030036044 0.4475068183172942 12.95
      vertex 4.984358823780349 0.4892152892804823 14.049999999999999
      vertex 5.030377030036044 0.4475068183172942 14.049999999999999
    endloop
  endfacet
  facet normal 0.7409511253549649 0.671558954847012 0
    outer loop
      vertex 5.030377030036044 0.4475068183172942 12.95
      vertex 5.030377030036044 0.4475068183172942 14.049999999999999
      vertex 5.072085500999232 0.40148861206159947 14.049999999999999
    endloop
  endfacet
  facet normal 0.8577286100002705 0.5141027441932242 0
    outer loop
      vertex 5.109082561294368 0.3516038509957509 12.95
      vertex 5.109082561294368 0.3516038509957509 14.049999999999999
      vertex 5.141011909006161 0.298332952638597 14.049999999999999
    endloop
  endfacet
  facet normal -0.6068711078305696 -0.3637445437516358 0.7066805256772054
    outer loop
      vertex -0.5262123495756188 -4.934474062714501 14.049999999999999
      vertex -0.11047754342434618 -4.656688946204699 14.549999999999999
      vertex -0.5581416972874111 -4.881203164357347 14.049999999999999
    endloop
  endfacet
  facet normal -0.66617328983434 -0.2383606144896453 0.7066805256772053
    outer loop
      vertex -0.5846958353430378 -4.8250591565809025 14.049999999999999
      vertex -0.12275606908739446 -4.633717440398358 14.549999999999999
      vertex -0.6056190328770548 -4.766582736871491 14.049999999999999
    endloop
  endfacet
  facet normal -0.6396020575606326 -0.3025092438137946 0.7066805256772054
    outer loop
      vertex -0.5846958353430378 -4.8250591565809025 14.049999999999999
      vertex -0.5581416972874111 -4.881203164357347 14.049999999999999
      vertex -0.11718106511323365 -4.645504795944348 14.549999999999999
    endloop
  endfacet
  facet normal -0.475149974187541 -0.5242472094901104 0.7066805256772054
    outer loop
      vertex -0.4475068183172942 -5.030377030036044 14.049999999999999
      vertex -0.40148861206159947 -5.072085500999232 14.049999999999999
      vertex -0.08429196997977673 -4.685580274317863 14.549999999999999
    endloop
  endfacet
  facet normal -0.30250924381379835 -0.6396020575606308 0.7066805256772055
    outer loop
      vertex -0.298332952638597 -5.141011909006161 14.049999999999999
      vertex -0.2421889448621523 -5.167566047061788 14.049999999999999
      vertex -0.050847228679607434 -4.705626280806144 14.549999999999999
    endloop
  endfacet
  facet normal -0.42147678489016066 -0.568295657582602 0.7066805256772053
    outer loop
      vertex -0.40148861206159947 -5.072085500999232 14.049999999999999
      vertex -0.3516038509957509 -5.109082561294368 14.049999999999999
      vertex -0.07381873448594982 -4.693347755143096 14.549999999999999
    endloop
  endfacet
  facet normal -0.36374454375164 -0.6068711078305673 0.7066805256772052
    outer loop
      vertex -0.3516038509957509 -5.109082561294368 14.049999999999999
      vertex -0.298332952638597 -5.141011909006161 14.049999999999999
      vertex -0.06263458422559819 -4.700051276831983 14.549999999999999
    endloop
  endfacet
  facet normal -0.5682956575825999 -0.4214767848901636 0.7066805256772052
    outer loop
      vertex -0.4892152892804823 -4.984358823780349 14.049999999999999
      vertex -0.1027100625991138 -4.667162181698527 14.549999999999999
      vertex -0.5262123495756188 -4.934474062714501 14.049999999999999
    endloop
  endfacet
  facet normal -0.5242472094901095 -0.4751499741875421 0.7066805256772053
    outer loop
      vertex -0.4475068183172942 -5.030377030036044 14.049999999999999
      vertex -0.09395342772402042 -4.6768236394427705 14.549999999999999
      vertex -0.4892152892804823 -4.984358823780349 14.049999999999999
    endloop
  endfacet
  facet normal -0.5682956575826082 -0.4214767848901508 0.7066805256772064
    outer loop
      vertex -0.5262123495756188 -4.934474062714501 14.049999999999999
      vertex -0.1027100625991138 -4.667162181698527 14.549999999999999
      vertex -0.11047754342434618 -4.656688946204699 14.549999999999999
    endloop
  endfacet
  facet normal -0.6068711078305692 -0.3637445437516355 0.7066805256772059
    outer loop
      vertex -0.5581416972874111 -4.881203164357347 14.049999999999999
      vertex -0.11047754342434618 -4.656688946204699 14.549999999999999
      vertex -0.11718106511323365 -4.645504795944348 14.549999999999999
    endloop
  endfacet
  facet normal -0.5242472094901091 -0.4751499741875439 0.7066805256772044
    outer loop
      vertex -0.4892152892804823 -4.984358823780349 14.049999999999999
      vertex -0.09395342772402042 -4.6768236394427705 14.549999999999999
      vertex -0.1027100625991138 -4.667162181698527 14.549999999999999
    endloop
  endfacet
  facet normal -0.4751499741875316 -0.524247209490119 0.7066805256772054
    outer loop
      vertex -0.4475068183172942 -5.030377030036044 14.049999999999999
      vertex -0.08429196997977673 -4.685580274317863 14.549999999999999
      vertex -0.09395342772402042 -4.6768236394427705 14.549999999999999
    endloop
  endfacet
  facet normal -0.2383606144896412 -0.666173289834341 0.7066805256772056
    outer loop
      vertex -0.2421889448621523 -5.167566047061788 14.049999999999999
      vertex -0.18371252515274059 -5.188489244595805 14.049999999999999
      vertex -0.03857018652550943 -4.7100190767297 14.549999999999999
    endloop
  endfacet
  facet normal -0.1719164421468001 -0.6863289091595769 0.7066805256772052
    outer loop
      vertex -0.1234668533986262 -5.203579999778176 14.049999999999999
      vertex -0.02592169239056208 -4.713187359576561 14.549999999999999
      vertex -0.18371252515274059 -5.188489244595805 14.049999999999999
    endloop
  endfacet
  facet normal -0.1038166204869847 -0.6998748059040634 0.7066805256772052
    outer loop
      vertex -0.1234668533986262 -5.203579999778176 14.049999999999999
      vertex -0.06203212835243545 -5.212692980387049 14.049999999999999
      vertex -0.013023558187655148 -4.715100617050951 14.549999999999999
    endloop
  endfacet
  facet normal -0.034716988019949054 -0.7066805256772057 0.706680525677205
    outer loop
      vertex -0.06203212835243545 -5.212692980387049 14.049999999999999
      vertex 0 -5.2157404234374996 14.049999999999999
      vertex -0.013023558187655148 -4.715100617050951 14.549999999999999
    endloop
  endfacet
  facet normal -0.42147678489016116 -0.5682956575826011 0.7066805256772057
    outer loop
      vertex -0.40148861206159947 -5.072085500999232 14.049999999999999
      vertex -0.07381873448594982 -4.693347755143096 14.549999999999999
      vertex -0.08429196997977673 -4.685580274317863 14.549999999999999
    endloop
  endfacet
  facet normal -0.3637445437516418 -0.6068711078305655 0.7066805256772061
    outer loop
      vertex -0.3516038509957509 -5.109082561294368 14.049999999999999
      vertex -0.06263458422559819 -4.700051276831983 14.549999999999999
      vertex -0.07381873448594982 -4.693347755143096 14.549999999999999
    endloop
  endfacet
  facet normal -0.23836061448963686 -0.6661732898343433 0.706680525677205
    outer loop
      vertex -0.2421889448621523 -5.167566047061788 14.049999999999999
      vertex -0.03857018652550943 -4.7100190767297 14.549999999999999
      vertex -0.050847228679607434 -4.705626280806144 14.549999999999999
    endloop
  endfacet
  facet normal -0.3025092438137951 -0.6396020575606327 0.7066805256772052
    outer loop
      vertex -0.298332952638597 -5.141011909006161 14.049999999999999
      vertex -0.050847228679607434 -4.705626280806144 14.549999999999999
      vertex -0.06263458422559819 -4.700051276831983 14.549999999999999
    endloop
  endfacet
  facet normal -0.17191644214682694 -0.6863289091595689 0.7066805256772066
    outer loop
      vertex -0.18371252515274059 -5.188489244595805 14.049999999999999
      vertex -0.02592169239056208 -4.713187359576561 14.549999999999999
      vertex -0.03857018652550943 -4.7100190767297 14.549999999999999
    endloop
  endfacet
  facet normal -0.10381662048698681 -0.6998748059040628 0.7066805256772054
    outer loop
      vertex -0.1234668533986262 -5.203579999778176 14.049999999999999
      vertex -0.013023558187655148 -4.715100617050951 14.549999999999999
      vertex -0.02592169239056208 -4.713187359576561 14.549999999999999
    endloop
  endfacet
  facet normal -0.03471698801992017 -0.7066805256772061 0.7066805256772061
    outer loop
      vertex -0.013023558187655148 -4.715100617050951 14.549999999999999
      vertex 0 -5.2157404234374996 14.049999999999999
      vertex 0 -4.7157404234374996 14.549999999999999
    endloop
  endfacet
  facet normal -0.686328909159578 -0.1719164421467958 0.7066805256772053
    outer loop
      vertex -0.6056190328770548 -4.766582736871491 14.049999999999999
      vertex -0.12714886501095032 -4.62144039824426 14.549999999999999
      vertex -0.620709788059426 -4.706337065117376 14.049999999999999
    endloop
  endfacet
  facet normal -0.6998748059040625 -0.10381662048699022 0.7066805256772054
    outer loop
      vertex -0.6298227686682997 -4.6449023400711855 14.049999999999999
      vertex -0.620709788059426 -4.706337065117376 14.049999999999999
      vertex -0.13031714785781084 -4.608791904109312 14.549999999999999
    endloop
  endfacet
  facet normal -0.7066805256772053 -0.03471698801995144 0.7066805256772053
    outer loop
      vertex -0.6298227686682997 -4.6449023400711855 14.049999999999999
      vertex -0.13223040533220118 -4.595893769906405 14.549999999999999
      vertex -0.63287021171875 -4.58287021171875 14.049999999999999
    endloop
  endfacet
  facet normal -0.7066805256772053 0.03471698801995144 0.7066805256772053
    outer loop
      vertex -0.63287021171875 -4.58287021171875 14.049999999999999
      vertex -0.13223040533220118 -4.569846653531095 14.549999999999999
      vertex -0.6298227686682997 -4.520838083366314 14.049999999999999
    endloop
  endfacet
  facet normal -0.6998748059040625 0.10381662048699022 0.7066805256772054
    outer loop
      vertex -0.6298227686682997 -4.520838083366314 14.049999999999999
      vertex -0.13031714785781084 -4.556948519328188 14.549999999999999
      vertex -0.620709788059426 -4.459403358320124 14.049999999999999
    endloop
  endfacet
  facet normal -0.686328909159578 0.1719164421467958 0.7066805256772053
    outer loop
      vertex -0.620709788059426 -4.459403358320124 14.049999999999999
      vertex -0.12714886501095032 -4.54430002519324 14.549999999999999
      vertex -0.6056190328770548 -4.399157686566009 14.049999999999999
    endloop
  endfacet
  facet normal -0.66617328983434 0.2383606144896453 0.7066805256772053
    outer loop
      vertex -0.6056190328770548 -4.399157686566009 14.049999999999999
      vertex -0.12275606908739446 -4.532022983039142 14.549999999999999
      vertex -0.5846958353430378 -4.340681266856597 14.049999999999999
    endloop
  endfacet
  facet normal -0.6396020575606326 0.3025092438137946 0.7066805256772054
    outer loop
      vertex -0.5846958353430378 -4.340681266856597 14.049999999999999
      vertex -0.11718106511323365 -4.520235627493152 14.549999999999999
      vertex -0.5581416972874111 -4.284537259080153 14.049999999999999
    endloop
  endfacet
  facet normal -0.6068711078305697 0.36374454375163584 0.7066805256772055
    outer loop
      vertex -0.5581416972874111 -4.284537259080153 14.049999999999999
      vertex -0.11047754342434618 -4.5090514772328 14.549999999999999
      vertex -0.5262123495756188 -4.231266360722999 14.049999999999999
    endloop
  endfacet
  facet normal -0.6863289091595789 -0.17191644214679255 0.7066805256772052
    outer loop
      vertex -0.620709788059426 -4.706337065117376 14.049999999999999
      vertex -0.12714886501095032 -4.62144039824426 14.549999999999999
      vertex -0.13031714785781084 -4.608791904109312 14.549999999999999
    endloop
  endfacet
  facet normal -0.6998748059040627 -0.10381662048698678 0.7066805256772054
    outer loop
      vertex -0.6298227686682997 -4.6449023400711855 14.049999999999999
      vertex -0.13031714785781084 -4.608791904109312 14.549999999999999
      vertex -0.13223040533220118 -4.595893769906405 14.549999999999999
    endloop
  endfacet
  facet normal -0.7066805256772054 -0.03471698801995125 0.7066805256772054
    outer loop
      vertex -0.63287021171875 -4.58287021171875 14.049999999999999
      vertex -0.13223040533220118 -4.595893769906405 14.549999999999999
      vertex -0.13287021171875002 -4.58287021171875 14.549999999999999
    endloop
  endfacet
  facet normal -0.7066805256772054 0.03471698801995125 0.7066805256772054
    outer loop
      vertex -0.63287021171875 -4.58287021171875 14.049999999999999
      vertex -0.13287021171875002 -4.58287021171875 14.549999999999999
      vertex -0.13223040533220118 -4.569846653531095 14.549999999999999
    endloop
  endfacet
  facet normal -0.6998748059040627 0.10381662048698678 0.7066805256772054
    outer loop
      vertex -0.6298227686682997 -4.520838083366314 14.049999999999999
      vertex -0.13223040533220118 -4.569846653531095 14.549999999999999
      vertex -0.13031714785781084 -4.556948519328188 14.549999999999999
    endloop
  endfacet
  facet normal -0.6396020575606273 -0.3025092438138065 0.7066805256772051
    outer loop
      vertex -0.5846958353430378 -4.8250591565809025 14.049999999999999
      vertex -0.11718106511323365 -4.645504795944348 14.549999999999999
      vertex -0.12275606908739446 -4.633717440398358 14.549999999999999
    endloop
  endfacet
  facet normal -0.6661732898343395 -0.2383606144896465 0.7066805256772053
    outer loop
      vertex -0.6056190328770548 -4.766582736871491 14.049999999999999
      vertex -0.12275606908739446 -4.633717440398358 14.549999999999999
      vertex -0.12714886501095032 -4.62144039824426 14.549999999999999
    endloop
  endfacet
  facet normal -0.6863289091595789 0.17191644214679255 0.7066805256772052
    outer loop
      vertex -0.620709788059426 -4.459403358320124 14.049999999999999
      vertex -0.13031714785781084 -4.556948519328188 14.549999999999999
      vertex -0.12714886501095032 -4.54430002519324 14.549999999999999
    endloop
  endfacet
  facet normal -0.6661732898343395 0.2383606144896465 0.7066805256772053
    outer loop
      vertex -0.6056190328770548 -4.399157686566009 14.049999999999999
      vertex -0.12714886501095032 -4.54430002519324 14.549999999999999
      vertex -0.12275606908739446 -4.532022983039142 14.549999999999999
    endloop
  endfacet
  facet normal -0.6396020575606273 0.3025092438138065 0.7066805256772051
    outer loop
      vertex -0.5846958353430378 -4.340681266856597 14.049999999999999
      vertex -0.12275606908739446 -4.532022983039142 14.549999999999999
      vertex -0.11718106511323365 -4.520235627493152 14.549999999999999
    endloop
  endfacet
  facet normal -0.6068711078305692 0.3637445437516355 0.7066805256772059
    outer loop
      vertex -0.5581416972874111 -4.284537259080153 14.049999999999999
      vertex -0.11718106511323365 -4.520235627493152 14.549999999999999
      vertex -0.11047754342434618 -4.5090514772328 14.549999999999999
    endloop
  endfacet
  facet normal -0.5682956575826082 0.4214767848901508 0.7066805256772064
    outer loop
      vertex -0.5262123495756188 -4.231266360722999 14.049999999999999
      vertex -0.11047754342434618 -4.5090514772328 14.549999999999999
      vertex -0.1027100625991138 -4.498578241738973 14.549999999999999
    endloop
  endfacet
  facet normal -0.5242472094901091 0.4751499741875439 0.7066805256772044
    outer loop
      vertex -0.4892152892804823 -4.181381599657151 14.049999999999999
      vertex -0.1027100625991138 -4.498578241738973 14.549999999999999
      vertex -0.09395342772402042 -4.488916783994729 14.549999999999999
    endloop
  endfacet
  facet normal -0.4751499741875316 0.524247209490119 0.7066805256772054
    outer loop
      vertex -0.4475068183172942 -4.135363393401455 14.049999999999999
      vertex -0.09395342772402042 -4.488916783994729 14.549999999999999
      vertex -0.08429196997977673 -4.480160149119636 14.549999999999999
    endloop
  endfacet
  facet normal 0 0 1
    outer loop
      vertex -0.08429196997977673 -4.685580274317863 14.549999999999999
      vertex -0.07381873448594982 -4.693347755143096 14.549999999999999
      vertex 0.08429196997977673 -4.685580274317863 14.549999999999999
    endloop
  endfacet
  facet normal 0 0 1
    outer loop
      vertex -0.09395342772402042 -4.6768236394427705 14.549999999999999
      vertex -0.08429196997977673 -4.685580274317863 14.549999999999999
      vertex 0.09395342772402042 -4.6768236394427705 14.549999999999999
    endloop
  endfacet
  facet normal 0 0 1
    outer loop
      vertex -0.050847228679607434 -4.705626280806144 14.549999999999999
      vertex -0.03857018652550943 -4.7100190767297 14.549999999999999
      vertex 0.050847228679607434 -4.705626280806144 14.549999999999999
    endloop
  endfacet
  facet normal 0 0 1
    outer loop
      vertex -0.06263458422559819 -4.700051276831983 14.549999999999999
      vertex -0.050847228679607434 -4.705626280806144 14.549999999999999
      vertex 0.06263458422559819 -4.700051276831983 14.549999999999999
    endloop
  endfacet
  facet normal 0 0 1
    outer loop
      vertex -0.03857018652550943 -4.7100190767297 14.549999999999999
      vertex -0.02592169239056208 -4.713187359576561 14.549999999999999
      vertex 0.03857018652550943 -4.7100190767297 14.549999999999999
    endloop
  endfacet
  facet normal 0 0 1
    outer loop
      vertex -0.02592169239056208 -4.713187359576561 14.549999999999999
      vertex -0.013023558187655148 -4.715100617050951 14.549999999999999
      vertex 0.02592169239056208 -4.713187359576561 14.549999999999999
    endloop
  endfacet
  facet normal 0 0 1
    outer loop
      vertex -0.07381873448594982 -4.693347755143096 14.549999999999999
      vertex -0.06263458422559819 -4.700051276831983 14.549999999999999
      vertex 0.07381873448594982 -4.693347755143096 14.549999999999999
    endloop
  endfacet
  facet normal 0 0 1
    outer loop
      vertex -0.1027100625991138 -4.667162181698527 14.549999999999999
      vertex -0.09395342772402042 -4.6768236394427705 14.549999999999999
      vertex 0.1027100625991138 -4.667162181698527 14.549999999999999
    endloop
  endfacet
  facet normal 0 0 1
    outer loop
      vertex -0.11047754342434618 -4.656688946204699 14.549999999999999
      vertex -0.1027100625991138 -4.667162181698527 14.549999999999999
      vertex 0.11047754342434618 -4.656688946204699 14.549999999999999
    endloop
  endfacet
  facet normal 0 0 1
    outer loop
      vertex -0.11047754342434618 -4.656688946204699 14.549999999999999
      vertex 0.11718106511323365 -4.645504795944348 14.549999999999999
      vertex -0.11718106511323365 -4.645504795944348 14.549999999999999
    endloop
  endfacet
  facet normal 0 0 1
    outer loop
      vertex -0.12275606908739446 -4.633717440398358 14.549999999999999
      vertex -0.11718106511323365 -4.645504795944348 14.549999999999999
      vertex 0.12275606908739446 -4.633717440398358 14.549999999999999
    endloop
  endfacet
  facet normal 0 0 1
    outer loop
      vertex -0.12275606908739446 -4.633717440398358 14.549999999999999
      vertex 0.12714886501095032 -4.62144039824426 14.549999999999999
      vertex -0.12714886501095032 -4.62144039824426 14.549999999999999
    endloop
  endfacet
  facet normal 0 0 1
    outer loop
      vertex -0.12714886501095032 -4.62144039824426 14.549999999999999
      vertex 0.13031714785781084 -4.608791904109312 14.549999999999999
      vertex -0.13031714785781084 -4.608791904109312 14.549999999999999
    endloop
  endfacet
  facet normal 0 0 1
    outer loop
      vertex -0.13031714785781084 -4.608791904109312 14.549999999999999
      vertex 0.13223040533220118 -4.595893769906405 14.549999999999999
      vertex -0.13223040533220118 -4.595893769906405 14.549999999999999
    endloop
  endfacet
  facet normal 0 0 1
    outer loop
      vertex -0.13287021171875002 -4.58287021171875 14.549999999999999
      vertex -0.13223040533220118 -4.595893769906405 14.549999999999999
      vertex 0.13287021171875002 -4.58287021171875 14.549999999999999
    endloop
  endfacet
  facet normal 0 0 1
    outer loop
      vertex -0.13287021171875002 -4.58287021171875 14.549999999999999
      vertex 0.13223040533220118 -4.569846653531095 14.549999999999999
      vertex -0.13223040533220118 -4.569846653531095 14.549999999999999
    endloop
  endfacet
  facet normal 0 0 1
    outer loop
      vertex -0.13223040533220118 -4.569846653531095 14.549999999999999
      vertex 0.13031714785781084 -4.556948519328188 14.549999999999999
      vertex -0.13031714785781084 -4.556948519328188 14.549999999999999
    endloop
  endfacet
  facet normal 0 0 1
    outer loop
      vertex -0.13031714785781084 -4.556948519328188 14.549999999999999
      vertex 0.12714886501095032 -4.54430002519324 14.549999999999999
      vertex -0.12714886501095032 -4.54430002519324 14.549999999999999
    endloop
  endfacet
  facet normal 0 0 1
    outer loop
      vertex -0.12714886501095032 -4.54430002519324 14.549999999999999
      vertex 0.12275606908739446 -4.532022983039142 14.549999999999999
      vertex -0.12275606908739446 -4.532022983039142 14.549999999999999
    endloop
  endfacet
  facet normal 0 0 1
    outer loop
      vertex -0.12275606908739446 -4.532022983039142 14.549999999999999
      vertex 0.11718106511323365 -4.520235627493152 14.549999999999999
      vertex -0.11718106511323365 -4.520235627493152 14.549999999999999
    endloop
  endfacet
  facet normal 0 0 1
    outer loop
      vertex -0.11718106511323365 -4.520235627493152 14.549999999999999
      vertex 0.11047754342434618 -4.5090514772328 14.549999999999999
      vertex -0.11047754342434618 -4.5090514772328 14.549999999999999
    endloop
  endfacet
  facet normal 0 0 1
    outer loop
      vertex -0.11047754342434618 -4.5090514772328 14.549999999999999
      vertex 0.1027100625991138 -4.498578241738973 14.549999999999999
      vertex -0.1027100625991138 -4.498578241738973 14.549999999999999
    endloop
  endfacet
  facet normal 0 0 1
    outer loop
      vertex -0.1027100625991138 -4.498578241738973 14.549999999999999
      vertex 0.09395342772402042 -4.488916783994729 14.549999999999999
      vertex -0.09395342772402042 -4.488916783994729 14.549999999999999
    endloop
  endfacet
  facet normal 0 0 1
    outer loop
      vertex -0.09395342772402042 -4.488916783994729 14.549999999999999
      vertex 0.08429196997977673 -4.480160149119636 14.549999999999999
      vertex -0.08429196997977673 -4.480160149119636 14.549999999999999
    endloop
  endfacet
  facet normal 0 0 1
    outer loop
      vertex -0.08429196997977673 -4.480160149119636 14.549999999999999
      vertex 0.07381873448594982 -4.472392668294404 14.549999999999999
      vertex -0.07381873448594982 -4.472392668294404 14.549999999999999
    endloop
  endfacet
  facet normal 0 0 1
    outer loop
      vertex -0.07381873448594982 -4.472392668294404 14.549999999999999
      vertex 0.06263458422559819 -4.465689146605516 14.549999999999999
      vertex -0.06263458422559819 -4.465689146605516 14.549999999999999
    endloop
  endfacet
  facet normal 0 0 1
    outer loop
      vertex -0.06263458422559819 -4.465689146605516 14.549999999999999
      vertex 0.050847228679607434 -4.4601141426313555 14.549999999999999
      vertex -0.050847228679607434 -4.4601141426313555 14.549999999999999
    endloop
  endfacet
  facet normal 0 0 1
    outer loop
      vertex -0.050847228679607434 -4.4601141426313555 14.549999999999999
      vertex 0.03857018652550943 -4.4557213467078 14.549999999999999
      vertex -0.03857018652550943 -4.4557213467078 14.549999999999999
    endloop
  endfacet
  facet normal 0 0 1
    outer loop
      vertex -0.03857018652550943 -4.4557213467078 14.549999999999999
      vertex 0.02592169239056208 -4.452553063860939 14.549999999999999
      vertex -0.02592169239056208 -4.452553063860939 14.549999999999999
    endloop
  endfacet
  facet normal 0 0 1
    outer loop
      vertex -0.02592169239056208 -4.452553063860939 14.549999999999999
      vertex 0.013023558187655148 -4.450639806386548 14.549999999999999
      vertex -0.013023558187655148 -4.450639806386548 14.549999999999999
    endloop
  endfacet
  facet normal -0.5682956575825999 0.4214767848901636 0.7066805256772053
    outer loop
      vertex -0.5262123495756188 -4.231266360722999 14.049999999999999
      vertex -0.1027100625991138 -4.498578241738973 14.549999999999999
      vertex -0.4892152892804823 -4.181381599657151 14.049999999999999
    endloop
  endfacet
  facet normal -0.5242472094901095 0.4751499741875421 0.7066805256772053
    outer loop
      vertex -0.4892152892804823 -4.181381599657151 14.049999999999999
      vertex -0.09395342772402042 -4.488916783994729 14.549999999999999
      vertex -0.4475068183172942 -4.135363393401455 14.049999999999999
    endloop
  endfacet
  facet normal -0.475149974187541 0.5242472094901104 0.7066805256772054
    outer loop
      vertex -0.4475068183172942 -4.135363393401455 14.049999999999999
      vertex -0.08429196997977673 -4.480160149119636 14.549999999999999
      vertex -0.40148861206159947 -4.093654922438268 14.049999999999999
    endloop
  endfacet
  facet normal -0.42147678489016066 0.568295657582602 0.7066805256772053
    outer loop
      vertex -0.40148861206159947 -4.093654922438268 14.049999999999999
      vertex -0.07381873448594982 -4.472392668294404 14.549999999999999
      vertex -0.3516038509957509 -4.0566578621431315 14.049999999999999
    endloop
  endfacet
  facet normal -0.36374454375164 0.6068711078305673 0.7066805256772052
    outer loop
      vertex -0.06263458422559819 -4.465689146605516 14.549999999999999
      vertex -0.298332952638597 -4.024728514431339 14.049999999999999
      vertex -0.3516038509957509 -4.0566578621431315 14.049999999999999
    endloop
  endfacet
  facet normal -0.3025092438137943 0.6396020575606329 0.7066805256772053
    outer loop
      vertex -0.050847228679607434 -4.4601141426313555 14.549999999999999
      vertex -0.2421889448621523 -3.998174376375712 14.049999999999999
      vertex -0.298332952638597 -4.024728514431339 14.049999999999999
    endloop
  endfacet
  facet normal -0.42147678489016116 0.5682956575826011 0.7066805256772057
    outer loop
      vertex -0.40148861206159947 -4.093654922438268 14.049999999999999
      vertex -0.08429196997977673 -4.480160149119636 14.549999999999999
      vertex -0.07381873448594982 -4.472392668294404 14.549999999999999
    endloop
  endfacet
  facet normal -0.36374454375164206 0.606871107830566 0.7066805256772053
    outer loop
      vertex -0.07381873448594982 -4.472392668294404 14.549999999999999
      vertex -0.06263458422559819 -4.465689146605516 14.549999999999999
      vertex -0.3516038509957509 -4.0566578621431315 14.049999999999999
    endloop
  endfacet
  facet normal -0.302509243813795 0.6396020575606324 0.7066805256772053
    outer loop
      vertex -0.06263458422559819 -4.465689146605516 14.549999999999999
      vertex -0.050847228679607434 -4.4601141426313555 14.549999999999999
      vertex -0.298332952638597 -4.024728514431339 14.049999999999999
    endloop
  endfacet
  facet normal -0.2383606144896371 0.666173289834343 0.7066805256772051
    outer loop
      vertex -0.050847228679607434 -4.4601141426313555 14.549999999999999
      vertex -0.03857018652550943 -4.4557213467078 14.549999999999999
      vertex -0.2421889448621523 -3.998174376375712 14.049999999999999
    endloop
  endfacet
  facet normal -0.17191644214682691 0.6863289091595691 0.7066805256772063
    outer loop
      vertex -0.03857018652550943 -4.4557213467078 14.549999999999999
      vertex -0.02592169239056208 -4.452553063860939 14.549999999999999
      vertex -0.18371252515274059 -3.977251178841695 14.049999999999999
    endloop
  endfacet
  facet normal -0.10381662048698688 0.6998748059040633 0.7066805256772051
    outer loop
      vertex -0.02592169239056208 -4.452553063860939 14.549999999999999
      vertex -0.013023558187655148 -4.450639806386548 14.549999999999999
      vertex -0.1234668533986262 -3.962160423659324 14.049999999999999
    endloop
  endfacet
  facet normal -0.034716988019920146 0.7066805256772057 0.7066805256772064
    outer loop
      vertex -0.013023558187655148 -4.450639806386548 14.549999999999999
      vertex 0 -4.45 14.549999999999999
      vertex 0 -3.9499999999999997 14.049999999999999
    endloop
  endfacet
  facet normal -0.23836061448964577 0.6661732898343397 0.7066805256772055
    outer loop
      vertex -0.03857018652550943 -4.4557213467078 14.549999999999999
      vertex -0.18371252515274059 -3.977251178841695 14.049999999999999
      vertex -0.2421889448621523 -3.998174376375712 14.049999999999999
    endloop
  endfacet
  facet normal -0.17191644214679538 0.6863289091595782 0.7066805256772051
    outer loop
      vertex -0.02592169239056208 -4.452553063860939 14.549999999999999
      vertex -0.1234668533986262 -3.962160423659324 14.049999999999999
      vertex -0.18371252515274059 -3.977251178841695 14.049999999999999
    endloop
  endfacet
  facet normal -0.10381662048698967 0.6998748059040627 0.7066805256772051
    outer loop
      vertex -0.013023558187655148 -4.450639806386548 14.549999999999999
      vertex -0.06203212835243545 -3.9530474430504503 14.049999999999999
      vertex -0.1234668533986262 -3.962160423659324 14.049999999999999
    endloop
  endfacet
  facet normal -0.03471698801995409 0.7066805256772053 0.7066805256772051
    outer loop
      vertex -0.013023558187655148 -4.450639806386548 14.549999999999999
      vertex 0 -3.9499999999999997 14.049999999999999
      vertex -0.06203212835243545 -3.9530474430504503 14.049999999999999
    endloop
  endfacet
  facet normal 0.034716988019949054 -0.7066805256772057 0.7066805256772051
    outer loop
      vertex 0 -5.2157404234374996 14.049999999999999
      vertex 0.06203212835243545 -5.212692980387049 14.049999999999999
      vertex 0.013023558187655148 -4.715100617050951 14.549999999999999
    endloop
  endfacet
  facet normal 0.1038166204869847 -0.6998748059040634 0.7066805256772052
    outer loop
      vertex 0.06203212835243545 -5.212692980387049 14.049999999999999
      vertex 0.1234668533986262 -5.203579999778176 14.049999999999999
      vertex 0.013023558187655148 -4.715100617050951 14.549999999999999
    endloop
  endfacet
  facet normal 0.1719164421468001 -0.6863289091595769 0.7066805256772052
    outer loop
      vertex 0.1234668533986262 -5.203579999778176 14.049999999999999
      vertex 0.18371252515274059 -5.188489244595805 14.049999999999999
      vertex 0.02592169239056208 -4.713187359576561 14.549999999999999
    endloop
  endfacet
  facet normal 0.2383606144896412 -0.666173289834341 0.7066805256772056
    outer loop
      vertex 0.18371252515274059 -5.188489244595805 14.049999999999999
      vertex 0.2421889448621523 -5.167566047061788 14.049999999999999
      vertex 0.03857018652550943 -4.7100190767297 14.549999999999999
    endloop
  endfacet
  facet normal 0.03471698801992017 -0.7066805256772061 0.7066805256772061
    outer loop
      vertex 0 -5.2157404234374996 14.049999999999999
      vertex 0.013023558187655148 -4.715100617050951 14.549999999999999
      vertex 0 -4.7157404234374996 14.549999999999999
    endloop
  endfacet
  facet normal 0.10381662048698681 -0.6998748059040628 0.7066805256772054
    outer loop
      vertex 0.1234668533986262 -5.203579999778176 14.049999999999999
      vertex 0.02592169239056208 -4.713187359576561 14.549999999999999
      vertex 0.013023558187655148 -4.715100617050951 14.549999999999999
    endloop
  endfacet
  facet normal 0.17191644214682694 -0.6863289091595689 0.7066805256772066
    outer loop
      vertex 0.18371252515274059 -5.188489244595805 14.049999999999999
      vertex 0.03857018652550943 -4.7100190767297 14.549999999999999
      vertex 0.02592169239056208 -4.713187359576561 14.549999999999999
    endloop
  endfacet
  facet normal 0.23836061448963686 -0.6661732898343433 0.706680525677205
    outer loop
      vertex 0.2421889448621523 -5.167566047061788 14.049999999999999
      vertex 0.050847228679607434 -4.705626280806144 14.549999999999999
      vertex 0.03857018652550943 -4.7100190767297 14.549999999999999
    endloop
  endfacet
  facet normal 0.3025092438137951 -0.6396020575606327 0.7066805256772052
    outer loop
      vertex 0.298332952638597 -5.141011909006161 14.049999999999999
      vertex 0.06263458422559819 -4.700051276831983 14.549999999999999
      vertex 0.050847228679607434 -4.705626280806144 14.549999999999999
    endloop
  endfacet
  facet normal 0.3637445437516418 -0.6068711078305655 0.7066805256772061
    outer loop
      vertex 0.3516038509957509 -5.109082561294368 14.049999999999999
      vertex 0.07381873448594982 -4.693347755143096 14.549999999999999
      vertex 0.06263458422559819 -4.700051276831983 14.549999999999999
    endloop
  endfacet
  facet normal 0.421476784890161 -0.5682956575826017 0.7066805256772053
    outer loop
      vertex 0.07381873448594982 -4.693347755143096 14.549999999999999
      vertex 0.40148861206159947 -5.072085500999232 14.049999999999999
      vertex 0.08429196997977673 -4.685580274317863 14.549999999999999
    endloop
  endfacet
  facet normal 0.30250924381379835 -0.6396020575606308 0.7066805256772055
    outer loop
      vertex 0.2421889448621523 -5.167566047061788 14.049999999999999
      vertex 0.298332952638597 -5.141011909006161 14.049999999999999
      vertex 0.050847228679607434 -4.705626280806144 14.549999999999999
    endloop
  endfacet
  facet normal 0.36374454375164 -0.6068711078305673 0.7066805256772052
    outer loop
      vertex 0.298332952638597 -5.141011909006161 14.049999999999999
      vertex 0.3516038509957509 -5.109082561294368 14.049999999999999
      vertex 0.06263458422559819 -4.700051276831983 14.549999999999999
    endloop
  endfacet
  facet normal 0.42147678489016066 -0.568295657582602 0.7066805256772052
    outer loop
      vertex 0.3516038509957509 -5.109082561294368 14.049999999999999
      vertex 0.40148861206159947 -5.072085500999232 14.049999999999999
      vertex 0.07381873448594982 -4.693347755143096 14.549999999999999
    endloop
  endfacet
  facet normal 0.4751499741875411 -0.5242472094901105 0.7066805256772053
    outer loop
      vertex 0.08429196997977673 -4.685580274317863 14.549999999999999
      vertex 0.40148861206159947 -5.072085500999232 14.049999999999999
      vertex 0.4475068183172942 -5.030377030036044 14.049999999999999
    endloop
  endfacet
  facet normal 0.5242472094901096 -0.4751499741875422 0.7066805256772051
    outer loop
      vertex 0.09395342772402042 -4.6768236394427705 14.549999999999999
      vertex 0.4475068183172942 -5.030377030036044 14.049999999999999
      vertex 0.4892152892804823 -4.984358823780349 14.049999999999999
    endloop
  endfacet
  facet normal 0.5682956575825999 -0.42147678489016366 0.7066805256772051
    outer loop
      vertex 0.1027100625991138 -4.667162181698527 14.549999999999999
      vertex 0.4892152892804823 -4.984358823780349 14.049999999999999
      vertex 0.5262123495756188 -4.934474062714501 14.049999999999999
    endloop
  endfacet
  facet normal 0.47514997418753224 -0.5242472094901189 0.706680525677205
    outer loop
      vertex 0.08429196997977673 -4.685580274317863 14.549999999999999
      vertex 0.4475068183172942 -5.030377030036044 14.049999999999999
      vertex 0.09395342772402042 -4.6768236394427705 14.549999999999999
    endloop
  endfacet
  facet normal 0.5242472094901082 -0.47514997418754384 0.7066805256772053
    outer loop
      vertex 0.09395342772402042 -4.6768236394427705 14.549999999999999
      vertex 0.4892152892804823 -4.984358823780349 14.049999999999999
      vertex 0.1027100625991138 -4.667162181698527 14.549999999999999
    endloop
  endfacet
  facet normal 0.5682956575826086 -0.421476784890151 0.7066805256772059
    outer loop
      vertex 0.1027100625991138 -4.667162181698527 14.549999999999999
      vertex 0.5262123495756188 -4.934474062714501 14.049999999999999
      vertex 0.11047754342434618 -4.656688946204699 14.549999999999999
    endloop
  endfacet
  facet normal 0.6068711078305702 -0.3637445437516346 0.7066805256772053
    outer loop
      vertex 0.11047754342434618 -4.656688946204699 14.549999999999999
      vertex 0.5581416972874111 -4.881203164357347 14.049999999999999
      vertex 0.11718106511323365 -4.645504795944348 14.549999999999999
    endloop
  endfacet
  facet normal 0.6068711078305696 -0.3637445437516358 0.7066805256772054
    outer loop
      vertex 0.11047754342434618 -4.656688946204699 14.549999999999999
      vertex 0.5262123495756188 -4.934474062714501 14.049999999999999
      vertex 0.5581416972874111 -4.881203164357347 14.049999999999999
    endloop
  endfacet
  facet normal 0.6396020575606326 -0.3025092438137946 0.7066805256772053
    outer loop
      vertex 0.11718106511323365 -4.645504795944348 14.549999999999999
      vertex 0.5581416972874111 -4.881203164357347 14.049999999999999
      vertex 0.5846958353430378 -4.8250591565809025 14.049999999999999
    endloop
  endfacet
  facet normal 0.66617328983434 -0.2383606144896453 0.7066805256772052
    outer loop
      vertex 0.12275606908739446 -4.633717440398358 14.549999999999999
      vertex 0.5846958353430378 -4.8250591565809025 14.049999999999999
      vertex 0.6056190328770548 -4.766582736871491 14.049999999999999
    endloop
  endfacet
  facet normal 0 0 1
    outer loop
      vertex -0.013023558187655148 -4.715100617050951 14.549999999999999
      vertex 0 -4.7157404234374996 14.549999999999999
      vertex 0.013023558187655148 -4.715100617050951 14.549999999999999
    endloop
  endfacet
  facet normal 0 0 1
    outer loop
      vertex -0.013023558187655148 -4.715100617050951 14.549999999999999
      vertex 0.013023558187655148 -4.715100617050951 14.549999999999999
      vertex 0.02592169239056208 -4.713187359576561 14.549999999999999
    endloop
  endfacet
  facet normal 0 0 1
    outer loop
      vertex -0.02592169239056208 -4.713187359576561 14.549999999999999
      vertex 0.02592169239056208 -4.713187359576561 14.549999999999999
      vertex 0.03857018652550943 -4.7100190767297 14.549999999999999
    endloop
  endfacet
  facet normal 0 0 1
    outer loop
      vertex -0.03857018652550943 -4.7100190767297 14.549999999999999
      vertex 0.03857018652550943 -4.7100190767297 14.549999999999999
      vertex 0.050847228679607434 -4.705626280806144 14.549999999999999
    endloop
  endfacet
  facet normal 0 0 1
    outer loop
      vertex -0.050847228679607434 -4.705626280806144 14.549999999999999
      vertex 0.050847228679607434 -4.705626280806144 14.549999999999999
      vertex 0.06263458422559819 -4.700051276831983 14.549999999999999
    endloop
  endfacet
  facet normal 0 0 1
    outer loop
      vertex -0.06263458422559819 -4.700051276831983 14.549999999999999
      vertex 0.06263458422559819 -4.700051276831983 14.549999999999999
      vertex 0.07381873448594982 -4.693347755143096 14.549999999999999
    endloop
  endfacet
  facet normal 0 0 1
    outer loop
      vertex -0.07381873448594982 -4.693347755143096 14.549999999999999
      vertex 0.07381873448594982 -4.693347755143096 14.549999999999999
      vertex 0.08429196997977673 -4.685580274317863 14.549999999999999
    endloop
  endfacet
  facet normal 0 0 1
    outer loop
      vertex -0.08429196997977673 -4.685580274317863 14.549999999999999
      vertex 0.08429196997977673 -4.685580274317863 14.549999999999999
      vertex 0.09395342772402042 -4.6768236394427705 14.549999999999999
    endloop
  endfacet
  facet normal 0 0 1
    outer loop
      vertex -0.09395342772402042 -4.6768236394427705 14.549999999999999
      vertex 0.09395342772402042 -4.6768236394427705 14.549999999999999
      vertex 0.1027100625991138 -4.667162181698527 14.549999999999999
    endloop
  endfacet
  facet normal 0 0 1
    outer loop
      vertex -0.1027100625991138 -4.667162181698527 14.549999999999999
      vertex 0.1027100625991138 -4.667162181698527 14.549999999999999
      vertex 0.11047754342434618 -4.656688946204699 14.549999999999999
    endloop
  endfacet
  facet normal 0 0 1
    outer loop
      vertex -0.11047754342434618 -4.656688946204699 14.549999999999999
      vertex 0.11047754342434618 -4.656688946204699 14.549999999999999
      vertex 0.11718106511323365 -4.645504795944348 14.549999999999999
    endloop
  endfacet
  facet normal 0 0 1
    outer loop
      vertex -0.11718106511323365 -4.645504795944348 14.549999999999999
      vertex 0.11718106511323365 -4.645504795944348 14.549999999999999
      vertex 0.12275606908739446 -4.633717440398358 14.549999999999999
    endloop
  endfacet
  facet normal 0 0 1
    outer loop
      vertex -0.12275606908739446 -4.633717440398358 14.549999999999999
      vertex 0.12275606908739446 -4.633717440398358 14.549999999999999
      vertex 0.12714886501095032 -4.62144039824426 14.549999999999999
    endloop
  endfacet
  facet normal 0 0 1
    outer loop
      vertex -0.12714886501095032 -4.62144039824426 14.549999999999999
      vertex 0.12714886501095032 -4.62144039824426 14.549999999999999
      vertex 0.13031714785781084 -4.608791904109312 14.549999999999999
    endloop
  endfacet
  facet normal 0 0 1
    outer loop
      vertex -0.13031714785781084 -4.608791904109312 14.549999999999999
      vertex 0.13031714785781084 -4.608791904109312 14.549999999999999
      vertex 0.13223040533220118 -4.595893769906405 14.549999999999999
    endloop
  endfacet
  facet normal 0 0 1
    outer loop
      vertex -0.13223040533220118 -4.595893769906405 14.549999999999999
      vertex 0.13223040533220118 -4.595893769906405 14.549999999999999
      vertex 0.13287021171875002 -4.58287021171875 14.549999999999999
    endloop
  endfacet
  facet normal 0 0 1
    outer loop
      vertex -0.13287021171875002 -4.58287021171875 14.549999999999999
      vertex 0.13287021171875002 -4.58287021171875 14.549999999999999
      vertex 0.13223040533220118 -4.569846653531095 14.549999999999999
    endloop
  endfacet
  facet normal 0 0 1
    outer loop
      vertex -0.13223040533220118 -4.569846653531095 14.549999999999999
      vertex 0.13223040533220118 -4.569846653531095 14.549999999999999
      vertex 0.13031714785781084 -4.556948519328188 14.549999999999999
    endloop
  endfacet
  facet normal 0 0 1
    outer loop
      vertex -0.13031714785781084 -4.556948519328188 14.549999999999999
      vertex 0.13031714785781084 -4.556948519328188 14.549999999999999
      vertex 0.12714886501095032 -4.54430002519324 14.549999999999999
    endloop
  endfacet
  facet normal 0 0 1
    outer loop
      vertex -0.12714886501095032 -4.54430002519324 14.549999999999999
      vertex 0.12714886501095032 -4.54430002519324 14.549999999999999
      vertex 0.12275606908739446 -4.532022983039142 14.549999999999999
    endloop
  endfacet
  facet normal 0 0 1
    outer loop
      vertex -0.12275606908739446 -4.532022983039142 14.549999999999999
      vertex 0.12275606908739446 -4.532022983039142 14.549999999999999
      vertex 0.11718106511323365 -4.520235627493152 14.549999999999999
    endloop
  endfacet
  facet normal 0 0 1
    outer loop
      vertex -0.11047754342434618 -4.5090514772328 14.549999999999999
      vertex 0.11047754342434618 -4.5090514772328 14.549999999999999
      vertex 0.1027100625991138 -4.498578241738973 14.549999999999999
    endloop
  endfacet
  facet normal 0 0 1
    outer loop
      vertex -0.11718106511323365 -4.520235627493152 14.549999999999999
      vertex 0.11718106511323365 -4.520235627493152 14.549999999999999
      vertex 0.11047754342434618 -4.5090514772328 14.549999999999999
    endloop
  endfacet
  facet normal 0 0 1
    outer loop
      vertex -0.02592169239056208 -4.452553063860939 14.549999999999999
      vertex 0.02592169239056208 -4.452553063860939 14.549999999999999
      vertex 0.013023558187655148 -4.450639806386548 14.549999999999999
    endloop
  endfacet
  facet normal 0 0 1
    outer loop
      vertex -0.03857018652550943 -4.4557213467078 14.549999999999999
      vertex 0.03857018652550943 -4.4557213467078 14.549999999999999
      vertex 0.02592169239056208 -4.452553063860939 14.549999999999999
    endloop
  endfacet
  facet normal 0 0 1
    outer loop
      vertex -0.07381873448594982 -4.472392668294404 14.549999999999999
      vertex 0.07381873448594982 -4.472392668294404 14.549999999999999
      vertex 0.06263458422559819 -4.465689146605516 14.549999999999999
    endloop
  endfacet
  facet normal 0 0 1
    outer loop
      vertex -0.06263458422559819 -4.465689146605516 14.549999999999999
      vertex 0.06263458422559819 -4.465689146605516 14.549999999999999
      vertex 0.050847228679607434 -4.4601141426313555 14.549999999999999
    endloop
  endfacet
  facet normal 0 0 1
    outer loop
      vertex -0.050847228679607434 -4.4601141426313555 14.549999999999999
      vertex 0.050847228679607434 -4.4601141426313555 14.549999999999999
      vertex 0.03857018652550943 -4.4557213467078 14.549999999999999
    endloop
  endfacet
  facet normal 0 0 1
    outer loop
      vertex -0.1027100625991138 -4.498578241738973 14.549999999999999
      vertex 0.1027100625991138 -4.498578241738973 14.549999999999999
      vertex 0.09395342772402042 -4.488916783994729 14.549999999999999
    endloop
  endfacet
  facet normal 0 0 1
    outer loop
      vertex -0.09395342772402042 -4.488916783994729 14.549999999999999
      vertex 0.09395342772402042 -4.488916783994729 14.549999999999999
      vertex 0.08429196997977673 -4.480160149119636 14.549999999999999
    endloop
  endfacet
  facet normal 0 0 1
    outer loop
      vertex -0.08429196997977673 -4.480160149119636 14.549999999999999
      vertex 0.08429196997977673 -4.480160149119636 14.549999999999999
      vertex 0.07381873448594982 -4.472392668294404 14.549999999999999
    endloop
  endfacet
  facet normal 0 0 1
    outer loop
      vertex -0.013023558187655148 -4.450639806386548 14.549999999999999
      vertex 0.013023558187655148 -4.450639806386548 14.549999999999999
      vertex 0 -4.45 14.549999999999999
    endloop
  endfacet
  facet normal 0.6396020575606267 -0.3025092438138085 0.7066805256772049
    outer loop
      vertex 0.11718106511323365 -4.645504795944348 14.549999999999999
      vertex 0.5846958353430378 -4.8250591565809025 14.049999999999999
      vertex 0.12275606908739446 -4.633717440398358 14.549999999999999
    endloop
  endfacet
  facet normal 0.6661732898343402 -0.23836061448964443 0.7066805256772053
    outer loop
      vertex 0.12275606908739446 -4.633717440398358 14.549999999999999
      vertex 0.6056190328770548 -4.766582736871491 14.049999999999999
      vertex 0.12714886501095032 -4.62144039824426 14.549999999999999
    endloop
  endfacet
  facet normal 0.6863289091595789 -0.17191644214679255 0.7066805256772052
    outer loop
      vertex 0.620709788059426 -4.706337065117376 14.049999999999999
      vertex 0.13031714785781084 -4.608791904109312 14.549999999999999
      vertex 0.12714886501095032 -4.62144039824426 14.549999999999999
    endloop
  endfacet
  facet normal 0.6998748059040627 -0.10381662048698678 0.7066805256772054
    outer loop
      vertex 0.6298227686682997 -4.6449023400711855 14.049999999999999
      vertex 0.13223040533220118 -4.595893769906405 14.549999999999999
      vertex 0.13031714785781084 -4.608791904109312 14.549999999999999
    endloop
  endfacet
  facet normal 0.7066805256772053 -0.03471698801995276 0.7066805256772053
    outer loop
      vertex 0.13223040533220118 -4.595893769906405 14.549999999999999
      vertex 0.63287021171875 -4.58287021171875 14.049999999999999
      vertex 0.13287021171875002 -4.58287021171875 14.549999999999999
    endloop
  endfacet
  facet normal 0.7066805256772053 0.03471698801995276 0.7066805256772053
    outer loop
      vertex 0.13287021171875002 -4.58287021171875 14.549999999999999
      vertex 0.63287021171875 -4.58287021171875 14.049999999999999
      vertex 0.13223040533220118 -4.569846653531095 14.549999999999999
    endloop
  endfacet
  facet normal 0.699874805904063 0.10381662048698533 0.7066805256772055
    outer loop
      vertex 0.13223040533220118 -4.569846653531095 14.549999999999999
      vertex 0.6298227686682997 -4.520838083366314 14.049999999999999
      vertex 0.13031714785781084 -4.556948519328188 14.549999999999999
    endloop
  endfacet
  facet normal 0.6661732898343403 0.2383606144896445 0.7066805256772053
    outer loop
      vertex 0.12714886501095032 -4.54430002519324 14.549999999999999
      vertex 0.6056190328770548 -4.399157686566009 14.049999999999999
      vertex 0.12275606908739446 -4.532022983039142 14.549999999999999
    endloop
  endfacet
  facet normal 0.6396020575606266 0.30250924381380845 0.7066805256772049
    outer loop
      vertex 0.12275606908739446 -4.532022983039142 14.549999999999999
      vertex 0.5846958353430378 -4.340681266856597 14.049999999999999
      vertex 0.11718106511323365 -4.520235627493152 14.549999999999999
    endloop
  endfacet
  facet normal 0.47514997418753224 0.5242472094901189 0.706680525677205
    outer loop
      vertex 0.08429196997977673 -4.480160149119636 14.549999999999999
      vertex 0.09395342772402042 -4.488916783994729 14.549999999999999
      vertex 0.4475068183172942 -4.135363393401455 14.049999999999999
    endloop
  endfacet
  facet normal 0.5242472094901082 0.47514997418754384 0.7066805256772053
    outer loop
      vertex 0.09395342772402042 -4.488916783994729 14.549999999999999
      vertex 0.1027100625991138 -4.498578241738973 14.549999999999999
      vertex 0.4892152892804823 -4.181381599657151 14.049999999999999
    endloop
  endfacet
  facet normal 0.6068711078305702 0.3637445437516346 0.7066805256772053
    outer loop
      vertex 0.11718106511323365 -4.520235627493152 14.549999999999999
      vertex 0.5581416972874111 -4.284537259080153 14.049999999999999
      vertex 0.11047754342434618 -4.5090514772328 14.549999999999999
    endloop
  endfacet
  facet normal 0.5682956575826086 0.421476784890151 0.7066805256772059
    outer loop
      vertex 0.11047754342434618 -4.5090514772328 14.549999999999999
      vertex 0.5262123495756188 -4.231266360722999 14.049999999999999
      vertex 0.1027100625991138 -4.498578241738973 14.549999999999999
    endloop
  endfacet
  facet normal 0.6863289091595783 0.17191644214679394 0.7066805256772053
    outer loop
      vertex 0.13031714785781084 -4.556948519328188 14.549999999999999
      vertex 0.620709788059426 -4.459403358320124 14.049999999999999
      vertex 0.12714886501095032 -4.54430002519324 14.549999999999999
    endloop
  endfacet
  facet normal 0.034716988019920146 0.7066805256772057 0.7066805256772064
    outer loop
      vertex 0 -4.45 14.549999999999999
      vertex 0.013023558187655148 -4.450639806386548 14.549999999999999
      vertex 0 -3.9499999999999997 14.049999999999999
    endloop
  endfacet
  facet normal 0.10381662048698688 0.6998748059040633 0.706680525677205
    outer loop
      vertex 0.013023558187655148 -4.450639806386548 14.549999999999999
      vertex 0.02592169239056208 -4.452553063860939 14.549999999999999
      vertex 0.1234668533986262 -3.962160423659324 14.049999999999999
    endloop
  endfacet
  facet normal 0.17191644214682691 0.6863289091595691 0.7066805256772063
    outer loop
      vertex 0.03857018652550943 -4.4557213467078 14.549999999999999
      vertex 0.18371252515274059 -3.977251178841695 14.049999999999999
      vertex 0.02592169239056208 -4.452553063860939 14.549999999999999
    endloop
  endfacet
  facet normal 0.302509243813795 0.6396020575606324 0.7066805256772053
    outer loop
      vertex 0.050847228679607434 -4.4601141426313555 14.549999999999999
      vertex 0.06263458422559819 -4.465689146605516 14.549999999999999
      vertex 0.298332952638597 -4.024728514431339 14.049999999999999
    endloop
  endfacet
  facet normal 0.2383606144896371 0.666173289834343 0.7066805256772052
    outer loop
      vertex 0.03857018652550943 -4.4557213467078 14.549999999999999
      vertex 0.050847228679607434 -4.4601141426313555 14.549999999999999
      vertex 0.2421889448621523 -3.998174376375712 14.049999999999999
    endloop
  endfacet
  facet normal 0.36374454375164206 0.606871107830566 0.7066805256772053
    outer loop
      vertex 0.06263458422559819 -4.465689146605516 14.549999999999999
      vertex 0.07381873448594982 -4.472392668294404 14.549999999999999
      vertex 0.3516038509957509 -4.0566578621431315 14.049999999999999
    endloop
  endfacet
  facet normal 0.421476784890161 0.5682956575826017 0.7066805256772053
    outer loop
      vertex 0.08429196997977673 -4.480160149119636 14.549999999999999
      vertex 0.40148861206159947 -4.093654922438268 14.049999999999999
      vertex 0.07381873448594982 -4.472392668294404 14.549999999999999
    endloop
  endfacet
  facet normal 0.03471698801995409 0.7066805256772053 0.7066805256772051
    outer loop
      vertex 0.013023558187655148 -4.450639806386548 14.549999999999999
      vertex 0.06203212835243545 -3.9530474430504503 14.049999999999999
      vertex 0 -3.9499999999999997 14.049999999999999
    endloop
  endfacet
  facet normal 0.10381662048698967 0.6998748059040627 0.7066805256772051
    outer loop
      vertex 0.013023558187655148 -4.450639806386548 14.549999999999999
      vertex 0.1234668533986262 -3.962160423659324 14.049999999999999
      vertex 0.06203212835243545 -3.9530474430504503 14.049999999999999
    endloop
  endfacet
  facet normal 0.17191644214679538 0.6863289091595782 0.7066805256772051
    outer loop
      vertex 0.02592169239056208 -4.452553063860939 14.549999999999999
      vertex 0.18371252515274059 -3.977251178841695 14.049999999999999
      vertex 0.1234668533986262 -3.962160423659324 14.049999999999999
    endloop
  endfacet
  facet normal 0.23836061448964577 0.6661732898343397 0.7066805256772055
    outer loop
      vertex 0.03857018652550943 -4.4557213467078 14.549999999999999
      vertex 0.2421889448621523 -3.998174376375712 14.049999999999999
      vertex 0.18371252515274059 -3.977251178841695 14.049999999999999
    endloop
  endfacet
  facet normal 0.36374454375164 0.6068711078305673 0.7066805256772052
    outer loop
      vertex 0.06263458422559819 -4.465689146605516 14.549999999999999
      vertex 0.3516038509957509 -4.0566578621431315 14.049999999999999
      vertex 0.298332952638597 -4.024728514431339 14.049999999999999
    endloop
  endfacet
  facet normal 0.42147678489016066 0.568295657582602 0.7066805256772053
    outer loop
      vertex 0.07381873448594982 -4.472392668294404 14.549999999999999
      vertex 0.40148861206159947 -4.093654922438268 14.049999999999999
      vertex 0.3516038509957509 -4.0566578621431315 14.049999999999999
    endloop
  endfacet
  facet normal 0.5682956575825999 0.42147678489016366 0.7066805256772051
    outer loop
      vertex 0.1027100625991138 -4.498578241738973 14.549999999999999
      vertex 0.5262123495756188 -4.231266360722999 14.049999999999999
      vertex 0.4892152892804823 -4.181381599657151 14.049999999999999
    endloop
  endfacet
  facet normal 0.4751499741875411 0.5242472094901105 0.7066805256772053
    outer loop
      vertex 0.08429196997977673 -4.480160149119636 14.549999999999999
      vertex 0.4475068183172942 -4.135363393401455 14.049999999999999
      vertex 0.40148861206159947 -4.093654922438268 14.049999999999999
    endloop
  endfacet
  facet normal 0.5242472094901096 0.4751499741875422 0.7066805256772051
    outer loop
      vertex 0.09395342772402042 -4.488916783994729 14.549999999999999
      vertex 0.4892152892804823 -4.181381599657151 14.049999999999999
      vertex 0.4475068183172942 -4.135363393401455 14.049999999999999
    endloop
  endfacet
  facet normal 0.3025092438137943 0.6396020575606329 0.7066805256772053
    outer loop
      vertex 0.050847228679607434 -4.4601141426313555 14.549999999999999
      vertex 0.298332952638597 -4.024728514431339 14.049999999999999
      vertex 0.2421889448621523 -3.998174376375712 14.049999999999999
    endloop
  endfacet
  facet normal 0.686328909159578 -0.1719164421467958 0.7066805256772053
    outer loop
      vertex 0.6056190328770548 -4.766582736871491 14.049999999999999
      vertex 0.620709788059426 -4.706337065117376 14.049999999999999
      vertex 0.12714886501095032 -4.62144039824426 14.549999999999999
    endloop
  endfacet
  facet normal 0.6998748059040624 -0.10381662048699021 0.7066805256772053
    outer loop
      vertex 0.620709788059426 -4.706337065117376 14.049999999999999
      vertex 0.6298227686682997 -4.6449023400711855 14.049999999999999
      vertex 0.13031714785781084 -4.608791904109312 14.549999999999999
    endloop
  endfacet
  facet normal 0.7066805256772053 -0.03471698801995144 0.7066805256772053
    outer loop
      vertex 0.6298227686682997 -4.6449023400711855 14.049999999999999
      vertex 0.63287021171875 -4.58287021171875 14.049999999999999
      vertex 0.13223040533220118 -4.595893769906405 14.549999999999999
    endloop
  endfacet
  facet normal 0.7066805256772053 0.03471698801995144 0.7066805256772053
    outer loop
      vertex 0.13223040533220118 -4.569846653531095 14.549999999999999
      vertex 0.63287021171875 -4.58287021171875 14.049999999999999
      vertex 0.6298227686682997 -4.520838083366314 14.049999999999999
    endloop
  endfacet
  facet normal 0.6998748059040625 0.10381662048699022 0.7066805256772054
    outer loop
      vertex 0.13031714785781084 -4.556948519328188 14.549999999999999
      vertex 0.6298227686682997 -4.520838083366314 14.049999999999999
      vertex 0.620709788059426 -4.459403358320124 14.049999999999999
    endloop
  endfacet
  facet normal 0.686328909159578 0.1719164421467958 0.7066805256772053
    outer loop
      vertex 0.12714886501095032 -4.54430002519324 14.549999999999999
      vertex 0.620709788059426 -4.459403358320124 14.049999999999999
      vertex 0.6056190328770548 -4.399157686566009 14.049999999999999
    endloop
  endfacet
  facet normal 0.6396020575606326 0.3025092438137946 0.7066805256772053
    outer loop
      vertex 0.11718106511323365 -4.520235627493152 14.549999999999999
      vertex 0.5846958353430378 -4.340681266856597 14.049999999999999
      vertex 0.5581416972874111 -4.284537259080153 14.049999999999999
    endloop
  endfacet
  facet normal 0.66617328983434 0.2383606144896453 0.7066805256772052
    outer loop
      vertex 0.12275606908739446 -4.532022983039142 14.549999999999999
      vertex 0.6056190328770548 -4.399157686566009 14.049999999999999
      vertex 0.5846958353430378 -4.340681266856597 14.049999999999999
    endloop
  endfacet
  facet normal 0.6068711078305696 0.3637445437516358 0.7066805256772054
    outer loop
      vertex 0.11047754342434618 -4.5090514772328 14.549999999999999
      vertex 0.5581416972874111 -4.284537259080153 14.049999999999999
      vertex 0.5262123495756188 -4.231266360722999 14.049999999999999
    endloop
  endfacet
  facet normal -0.3637445437516358 -0.6068711078305696 0.7066805256772054
    outer loop
      vertex -4.934474062714501 -0.5262123495756188 14.049999999999999
      vertex -4.881203164357347 -0.5581416972874111 14.049999999999999
      vertex -4.656688946204699 -0.11047754342434618 14.549999999999999
    endloop
  endfacet
  facet normal -0.3025092438137946 -0.6396020575606326 0.7066805256772054
    outer loop
      vertex -4.8250591565809025 -0.5846958353430378 14.049999999999999
      vertex -4.645504795944348 -0.11718106511323365 14.549999999999999
      vertex -4.881203164357347 -0.5581416972874111 14.049999999999999
    endloop
  endfacet
  facet normal -0.2383606144896453 -0.66617328983434 0.7066805256772053
    outer loop
      vertex -4.8250591565809025 -0.5846958353430378 14.049999999999999
      vertex -4.766582736871491 -0.6056190328770548 14.049999999999999
      vertex -4.633717440398358 -0.12275606908739446 14.549999999999999
    endloop
  endfacet
  facet normal -0.1719164421467958 -0.686328909159578 0.7066805256772053
    outer loop
      vertex -4.766582736871491 -0.6056190328770548 14.049999999999999
      vertex -4.706337065117376 -0.620709788059426 14.049999999999999
      vertex -4.62144039824426 -0.12714886501095032 14.549999999999999
    endloop
  endfacet
  facet normal -0.10381662048699021 -0.6998748059040624 0.7066805256772053
    outer loop
      vertex -4.706337065117376 -0.620709788059426 14.049999999999999
      vertex -4.6449023400711855 -0.6298227686682997 14.049999999999999
      vertex -4.608791904109312 -0.13031714785781084 14.549999999999999
    endloop
  endfacet
  facet normal -0.03471698801995144 -0.7066805256772053 0.7066805256772053
    outer loop
      vertex -4.6449023400711855 -0.6298227686682997 14.049999999999999
      vertex -4.58287021171875 -0.63287021171875 14.049999999999999
      vertex -4.595893769906405 -0.13223040533220118 14.549999999999999
    endloop
  endfacet
  facet normal 0.03471698801995144 -0.7066805256772053 0.7066805256772053
    outer loop
      vertex -4.58287021171875 -0.63287021171875 14.049999999999999
      vertex -4.520838083366314 -0.6298227686682997 14.049999999999999
      vertex -4.569846653531095 -0.13223040533220118 14.549999999999999
    endloop
  endfacet
  facet normal 0.10381662048699022 -0.6998748059040625 0.7066805256772054
    outer loop
      vertex -4.520838083366314 -0.6298227686682997 14.049999999999999
      vertex -4.459403358320124 -0.620709788059426 14.049999999999999
      vertex -4.556948519328188 -0.13031714785781084 14.549999999999999
    endloop
  endfacet
  facet normal 0.1719164421467958 -0.686328909159578 0.7066805256772053
    outer loop
      vertex -4.459403358320124 -0.620709788059426 14.049999999999999
      vertex -4.399157686566009 -0.6056190328770548 14.049999999999999
      vertex -4.54430002519324 -0.12714886501095032 14.549999999999999
    endloop
  endfacet
  facet normal 0.2383606144896453 -0.66617328983434 0.7066805256772053
    outer loop
      vertex -4.399157686566009 -0.6056190328770548 14.049999999999999
      vertex -4.340681266856597 -0.5846958353430378 14.049999999999999
      vertex -4.532022983039142 -0.12275606908739446 14.549999999999999
    endloop
  endfacet
  facet normal 0.3025092438137946 -0.6396020575606326 0.7066805256772054
    outer loop
      vertex -4.340681266856597 -0.5846958353430378 14.049999999999999
      vertex -4.284537259080153 -0.5581416972874111 14.049999999999999
      vertex -4.520235627493152 -0.11718106511323365 14.549999999999999
    endloop
  endfacet
  facet normal 0.36374454375163584 -0.6068711078305697 0.7066805256772055
    outer loop
      vertex -4.284537259080153 -0.5581416972874111 14.049999999999999
      vertex -4.231266360722999 -0.5262123495756188 14.049999999999999
      vertex -4.5090514772328 -0.11047754342434618 14.549999999999999
    endloop
  endfacet
  facet normal -0.666173289834341 -0.2383606144896412 0.7066805256772056
    outer loop
      vertex -5.167566047061788 -0.2421889448621523 14.049999999999999
      vertex -4.7100190767297 -0.03857018652550943 14.549999999999999
      vertex -5.188489244595805 -0.18371252515274059 14.049999999999999
    endloop
  endfacet
  facet normal -0.6863289091595769 -0.1719164421468001 0.7066805256772052
    outer loop
      vertex -5.203579999778176 -0.1234668533986262 14.049999999999999
      vertex -5.188489244595805 -0.18371252515274059 14.049999999999999
      vertex -4.713187359576561 -0.02592169239056208 14.549999999999999
    endloop
  endfacet
  facet normal -0.6998748059040634 -0.1038166204869847 0.7066805256772052
    outer loop
      vertex -5.203579999778176 -0.1234668533986262 14.049999999999999
      vertex -4.715100617050951 -0.013023558187655148 14.549999999999999
      vertex -5.212692980387049 -0.06203212835243545 14.049999999999999
    endloop
  endfacet
  facet normal -0.7066805256772057 -0.034716988019949054 0.706680525677205
    outer loop
      vertex -5.212692980387049 -0.06203212835243545 14.049999999999999
      vertex -4.715100617050951 -0.013023558187655148 14.549999999999999
      vertex -5.2157404234374996 0 14.049999999999999
    endloop
  endfacet
  facet normal -0.7066805256772057 0.034716988019949054 0.7066805256772051
    outer loop
      vertex -5.2157404234374996 0 14.049999999999999
      vertex -4.715100617050951 0.013023558187655148 14.549999999999999
      vertex -5.212692980387049 0.06203212835243545 14.049999999999999
    endloop
  endfacet
  facet normal -0.6998748059040634 0.1038166204869847 0.7066805256772052
    outer loop
      vertex -5.212692980387049 0.06203212835243545 14.049999999999999
      vertex -4.715100617050951 0.013023558187655148 14.549999999999999
      vertex -5.203579999778176 0.1234668533986262 14.049999999999999
    endloop
  endfacet
  facet normal -0.6863289091595769 0.1719164421468001 0.7066805256772052
    outer loop
      vertex -5.203579999778176 0.1234668533986262 14.049999999999999
      vertex -4.713187359576561 0.02592169239056208 14.549999999999999
      vertex -5.188489244595805 0.18371252515274059 14.049999999999999
    endloop
  endfacet
  facet normal -0.666173289834341 0.2383606144896412 0.7066805256772056
    outer loop
      vertex -5.188489244595805 0.18371252515274059 14.049999999999999
      vertex -4.7100190767297 0.03857018652550943 14.549999999999999
      vertex -5.167566047061788 0.2421889448621523 14.049999999999999
    endloop
  endfacet
  facet normal -0.5242472094901104 -0.475149974187541 0.7066805256772054
    outer loop
      vertex -5.072085500999232 -0.40148861206159947 14.049999999999999
      vertex -5.030377030036044 -0.4475068183172942 14.049999999999999
      vertex -4.685580274317863 -0.08429196997977673 14.549999999999999
    endloop
  endfacet
  facet normal -0.6068711078305673 -0.36374454375164 0.7066805256772052
    outer loop
      vertex -5.109082561294368 -0.3516038509957509 14.049999999999999
      vertex -4.700051276831983 -0.06263458422559819 14.549999999999999
      vertex -5.141011909006161 -0.298332952638597 14.049999999999999
    endloop
  endfacet
  facet normal -0.568295657582602 -0.42147678489016066 0.7066805256772053
    outer loop
      vertex -5.072085500999232 -0.40148861206159947 14.049999999999999
      vertex -4.693347755143096 -0.07381873448594982 14.549999999999999
      vertex -5.109082561294368 -0.3516038509957509 14.049999999999999
    endloop
  endfacet
  facet normal -0.4751499741875421 -0.5242472094901095 0.7066805256772053
    outer loop
      vertex -5.030377030036044 -0.4475068183172942 14.049999999999999
      vertex -4.984358823780349 -0.4892152892804823 14.049999999999999
      vertex -4.6768236394427705 -0.09395342772402042 14.549999999999999
    endloop
  endfacet
  facet normal -0.4214767848901636 -0.5682956575825999 0.7066805256772052
    outer loop
      vertex -4.984358823780349 -0.4892152892804823 14.049999999999999
      vertex -4.934474062714501 -0.5262123495756188 14.049999999999999
      vertex -4.667162181698527 -0.1027100625991138 14.549999999999999
    endloop
  endfacet
  facet normal -0.6396020575606308 -0.30250924381379835 0.7066805256772055
    outer loop
      vertex -5.141011909006161 -0.298332952638597 14.049999999999999
      vertex -4.705626280806144 -0.050847228679607434 14.549999999999999
      vertex -5.167566047061788 -0.2421889448621523 14.049999999999999
    endloop
  endfacet
  facet normal -0.5682956575826011 -0.42147678489016116 0.7066805256772057
    outer loop
      vertex -5.072085500999232 -0.40148861206159947 14.049999999999999
      vertex -4.685580274317863 -0.08429196997977673 14.549999999999999
      vertex -4.693347755143096 -0.07381873448594982 14.549999999999999
    endloop
  endfacet
  facet normal -0.6396020575606327 -0.3025092438137951 0.7066805256772052
    outer loop
      vertex -5.141011909006161 -0.298332952638597 14.049999999999999
      vertex -4.700051276831983 -0.06263458422559819 14.549999999999999
      vertex -4.705626280806144 -0.050847228679607434 14.549999999999999
    endloop
  endfacet
  facet normal -0.6068711078305655 -0.3637445437516418 0.7066805256772061
    outer loop
      vertex -5.109082561294368 -0.3516038509957509 14.049999999999999
      vertex -4.693347755143096 -0.07381873448594982 14.549999999999999
      vertex -4.700051276831983 -0.06263458422559819 14.549999999999999
    endloop
  endfacet
  facet normal -0.6863289091595689 -0.17191644214682694 0.7066805256772066
    outer loop
      vertex -5.188489244595805 -0.18371252515274059 14.049999999999999
      vertex -4.7100190767297 -0.03857018652550943 14.549999999999999
      vertex -4.713187359576561 -0.02592169239056208 14.549999999999999
    endloop
  endfacet
  facet normal -0.6998748059040628 -0.10381662048698681 0.7066805256772054
    outer loop
      vertex -5.203579999778176 -0.1234668533986262 14.049999999999999
      vertex -4.713187359576561 -0.02592169239056208 14.549999999999999
      vertex -4.715100617050951 -0.013023558187655148 14.549999999999999
    endloop
  endfacet
  facet normal -0.6661732898343433 -0.23836061448963686 0.706680525677205
    outer loop
      vertex -5.167566047061788 -0.2421889448621523 14.049999999999999
      vertex -4.705626280806144 -0.050847228679607434 14.549999999999999
      vertex -4.7100190767297 -0.03857018652550943 14.549999999999999
    endloop
  endfacet
  facet normal -0.4751499741875439 -0.5242472094901091 0.7066805256772044
    outer loop
      vertex -4.984358823780349 -0.4892152892804823 14.049999999999999
      vertex -4.667162181698527 -0.1027100625991138 14.549999999999999
      vertex -4.6768236394427705 -0.09395342772402042 14.549999999999999
    endloop
  endfacet
  facet normal -0.3637445437516355 -0.6068711078305692 0.7066805256772059
    outer loop
      vertex -4.881203164357347 -0.5581416972874111 14.049999999999999
      vertex -4.645504795944348 -0.11718106511323365 14.549999999999999
      vertex -4.656688946204699 -0.11047754342434618 14.549999999999999
    endloop
  endfacet
  facet normal -0.4214767848901508 -0.5682956575826082 0.7066805256772064
    outer loop
      vertex -4.934474062714501 -0.5262123495756188 14.049999999999999
      vertex -4.656688946204699 -0.11047754342434618 14.549999999999999
      vertex -4.667162181698527 -0.1027100625991138 14.549999999999999
    endloop
  endfacet
  facet normal -0.3025092438138065 -0.6396020575606273 0.7066805256772051
    outer loop
      vertex -4.8250591565809025 -0.5846958353430378 14.049999999999999
      vertex -4.633717440398358 -0.12275606908739446 14.549999999999999
      vertex -4.645504795944348 -0.11718106511323365 14.549999999999999
    endloop
  endfacet
  facet normal -0.2383606144896465 -0.6661732898343395 0.7066805256772053
    outer loop
      vertex -4.766582736871491 -0.6056190328770548 14.049999999999999
      vertex -4.62144039824426 -0.12714886501095032 14.549999999999999
      vertex -4.633717440398358 -0.12275606908739446 14.549999999999999
    endloop
  endfacet
  facet normal -0.17191644214679255 -0.6863289091595789 0.7066805256772052
    outer loop
      vertex -4.706337065117376 -0.620709788059426 14.049999999999999
      vertex -4.608791904109312 -0.13031714785781084 14.549999999999999
      vertex -4.62144039824426 -0.12714886501095032 14.549999999999999
    endloop
  endfacet
  facet normal -0.524247209490119 -0.4751499741875316 0.7066805256772054
    outer loop
      vertex -5.030377030036044 -0.4475068183172942 14.049999999999999
      vertex -4.6768236394427705 -0.09395342772402042 14.549999999999999
      vertex -4.685580274317863 -0.08429196997977673 14.549999999999999
    endloop
  endfacet
  facet normal 0 0 1
    outer loop
      vertex -4.685580274317863 -0.08429196997977673 14.549999999999999
      vertex -4.6768236394427705 -0.09395342772402042 14.549999999999999
      vertex -4.685580274317863 0.08429196997977673 14.549999999999999
    endloop
  endfacet
  facet normal 0 0 1
    outer loop
      vertex -4.667162181698527 -0.1027100625991138 14.549999999999999
      vertex -4.6768236394427705 0.09395342772402042 14.549999999999999
      vertex -4.6768236394427705 -0.09395342772402042 14.549999999999999
    endloop
  endfacet
  facet normal 0 0 1
    outer loop
      vertex -4.667162181698527 -0.1027100625991138 14.549999999999999
      vertex -4.656688946204699 -0.11047754342434618 14.549999999999999
      vertex -4.667162181698527 0.1027100625991138 14.549999999999999
    endloop
  endfacet
  facet normal 0 0 1
    outer loop
      vertex -4.656688946204699 -0.11047754342434618 14.549999999999999
      vertex -4.645504795944348 -0.11718106511323365 14.549999999999999
      vertex -4.656688946204699 0.11047754342434618 14.549999999999999
    endloop
  endfacet
  facet normal 0 0 1
    outer loop
      vertex -4.633717440398358 -0.12275606908739446 14.549999999999999
      vertex -4.645504795944348 0.11718106511323365 14.549999999999999
      vertex -4.645504795944348 -0.11718106511323365 14.549999999999999
    endloop
  endfacet
  facet normal 0 0 1
    outer loop
      vertex -4.633717440398358 -0.12275606908739446 14.549999999999999
      vertex -4.62144039824426 -0.12714886501095032 14.549999999999999
      vertex -4.633717440398358 0.12275606908739446 14.549999999999999
    endloop
  endfacet
  facet normal -0.7066805256772061 -0.03471698801992017 0.7066805256772061
    outer loop
      vertex -4.715100617050951 -0.013023558187655148 14.549999999999999
      vertex -4.7157404234374996 0 14.549999999999999
      vertex -5.2157404234374996 0 14.049999999999999
    endloop
  endfacet
  facet normal -0.7066805256772061 0.03471698801992017 0.7066805256772061
    outer loop
      vertex -5.2157404234374996 0 14.049999999999999
      vertex -4.7157404234374996 0 14.549999999999999
      vertex -4.715100617050951 0.013023558187655148 14.549999999999999
    endloop
  endfacet
  facet normal -0.6998748059040628 0.10381662048698681 0.7066805256772054
    outer loop
      vertex -5.203579999778176 0.1234668533986262 14.049999999999999
      vertex -4.715100617050951 0.013023558187655148 14.549999999999999
      vertex -4.713187359576561 0.02592169239056208 14.549999999999999
    endloop
  endfacet
  facet normal -0.6863289091595689 0.17191644214682694 0.7066805256772066
    outer loop
      vertex -5.188489244595805 0.18371252515274059 14.049999999999999
      vertex -4.713187359576561 0.02592169239056208 14.549999999999999
      vertex -4.7100190767297 0.03857018652550943 14.549999999999999
    endloop
  endfacet
  facet normal -0.6661732898343433 0.23836061448963686 0.706680525677205
    outer loop
      vertex -5.167566047061788 0.2421889448621523 14.049999999999999
      vertex -4.7100190767297 0.03857018652550943 14.549999999999999
      vertex -4.705626280806144 0.050847228679607434 14.549999999999999
    endloop
  endfacet
  facet normal -0.6396020575606327 0.3025092438137951 0.7066805256772052
    outer loop
      vertex -5.141011909006161 0.298332952638597 14.049999999999999
      vertex -4.705626280806144 0.050847228679607434 14.549999999999999
      vertex -4.700051276831983 0.06263458422559819 14.549999999999999
    endloop
  endfacet
  facet normal -0.6396020575606308 0.30250924381379835 0.7066805256772055
    outer loop
      vertex -5.167566047061788 0.2421889448621523 14.049999999999999
      vertex -4.705626280806144 0.050847228679607434 14.549999999999999
      vertex -5.141011909006161 0.298332952638597 14.049999999999999
    endloop
  endfacet
  facet normal -0.6068711078305673 0.36374454375164 0.7066805256772052
    outer loop
      vertex -5.141011909006161 0.298332952638597 14.049999999999999
      vertex -4.700051276831983 0.06263458422559819 14.549999999999999
      vertex -5.109082561294368 0.3516038509957509 14.049999999999999
    endloop
  endfacet
  facet normal -0.568295657582602 0.42147678489016066 0.7066805256772052
    outer loop
      vertex -5.109082561294368 0.3516038509957509 14.049999999999999
      vertex -4.693347755143096 0.07381873448594982 14.549999999999999
      vertex -5.072085500999232 0.40148861206159947 14.049999999999999
    endloop
  endfacet
  facet normal -0.5242472094901104 0.475149974187541 0.7066805256772054
    outer loop
      vertex -5.072085500999232 0.40148861206159947 14.049999999999999
      vertex -4.685580274317863 0.08429196997977673 14.549999999999999
      vertex -5.030377030036044 0.4475068183172942 14.049999999999999
    endloop
  endfacet
  facet normal -0.6068711078305655 0.3637445437516418 0.7066805256772061
    outer loop
      vertex -5.109082561294368 0.3516038509957509 14.049999999999999
      vertex -4.700051276831983 0.06263458422559819 14.549999999999999
      vertex -4.693347755143096 0.07381873448594982 14.549999999999999
    endloop
  endfacet
  facet normal -0.5682956575826011 0.42147678489016116 0.7066805256772057
    outer loop
      vertex -5.072085500999232 0.40148861206159947 14.049999999999999
      vertex -4.693347755143096 0.07381873448594982 14.549999999999999
      vertex -4.685580274317863 0.08429196997977673 14.549999999999999
    endloop
  endfacet
  facet normal 0 0 1
    outer loop
      vertex -4.7100190767297 -0.03857018652550943 14.549999999999999
      vertex -4.713187359576561 0.02592169239056208 14.549999999999999
      vertex -4.713187359576561 -0.02592169239056208 14.549999999999999
    endloop
  endfacet
  facet normal 0 0 1
    outer loop
      vertex -4.713187359576561 -0.02592169239056208 14.549999999999999
      vertex -4.715100617050951 0.013023558187655148 14.549999999999999
      vertex -4.715100617050951 -0.013023558187655148 14.549999999999999
    endloop
  endfacet
  facet normal 0 0 1
    outer loop
      vertex -4.700051276831983 -0.06263458422559819 14.549999999999999
      vertex -4.693347755143096 -0.07381873448594982 14.549999999999999
      vertex -4.700051276831983 0.06263458422559819 14.549999999999999
    endloop
  endfacet
  facet normal 0 0 1
    outer loop
      vertex -4.700051276831983 -0.06263458422559819 14.549999999999999
      vertex -4.705626280806144 0.050847228679607434 14.549999999999999
      vertex -4.705626280806144 -0.050847228679607434 14.549999999999999
    endloop
  endfacet
  facet normal 0 0 1
    outer loop
      vertex -4.705626280806144 -0.050847228679607434 14.549999999999999
      vertex -4.7100190767297 0.03857018652550943 14.549999999999999
      vertex -4.7100190767297 -0.03857018652550943 14.549999999999999
    endloop
  endfacet
  facet normal 0 0 1
    outer loop
      vertex -4.715100617050951 -0.013023558187655148 14.549999999999999
      vertex -4.715100617050951 0.013023558187655148 14.549999999999999
      vertex -4.7157404234374996 0 14.549999999999999
    endloop
  endfacet
  facet normal 0 0 1
    outer loop
      vertex -4.7100190767297 -0.03857018652550943 14.549999999999999
      vertex -4.7100190767297 0.03857018652550943 14.549999999999999
      vertex -4.713187359576561 0.02592169239056208 14.549999999999999
    endloop
  endfacet
  facet normal 0 0 1
    outer loop
      vertex -4.713187359576561 -0.02592169239056208 14.549999999999999
      vertex -4.713187359576561 0.02592169239056208 14.549999999999999
      vertex -4.715100617050951 0.013023558187655148 14.549999999999999
    endloop
  endfacet
  facet normal 0 0 1
    outer loop
      vertex -4.705626280806144 -0.050847228679607434 14.549999999999999
      vertex -4.705626280806144 0.050847228679607434 14.549999999999999
      vertex -4.7100190767297 0.03857018652550943 14.549999999999999
    endloop
  endfacet
  facet normal 0 0 1
    outer loop
      vertex -4.685580274317863 -0.08429196997977673 14.549999999999999
      vertex -4.693347755143096 0.07381873448594982 14.549999999999999
      vertex -4.693347755143096 -0.07381873448594982 14.549999999999999
    endloop
  endfacet
  facet normal 0 0 1
    outer loop
      vertex -4.700051276831983 -0.06263458422559819 14.549999999999999
      vertex -4.700051276831983 0.06263458422559819 14.549999999999999
      vertex -4.705626280806144 0.050847228679607434 14.549999999999999
    endloop
  endfacet
  facet normal 0 0 1
    outer loop
      vertex -4.693347755143096 -0.07381873448594982 14.549999999999999
      vertex -4.693347755143096 0.07381873448594982 14.549999999999999
      vertex -4.700051276831983 0.06263458422559819 14.549999999999999
    endloop
  endfacet
  facet normal 0 0 1
    outer loop
      vertex -4.685580274317863 -0.08429196997977673 14.549999999999999
      vertex -4.685580274317863 0.08429196997977673 14.549999999999999
      vertex -4.693347755143096 0.07381873448594982 14.549999999999999
    endloop
  endfacet
  facet normal 0 0 1
    outer loop
      vertex -4.6768236394427705 -0.09395342772402042 14.549999999999999
      vertex -4.6768236394427705 0.09395342772402042 14.549999999999999
      vertex -4.685580274317863 0.08429196997977673 14.549999999999999
    endloop
  endfacet
  facet normal 0 0 1
    outer loop
      vertex -4.667162181698527 -0.1027100625991138 14.549999999999999
      vertex -4.667162181698527 0.1027100625991138 14.549999999999999
      vertex -4.6768236394427705 0.09395342772402042 14.549999999999999
    endloop
  endfacet
  facet normal 0 0 1
    outer loop
      vertex -4.656688946204699 -0.11047754342434618 14.549999999999999
      vertex -4.656688946204699 0.11047754342434618 14.549999999999999
      vertex -4.667162181698527 0.1027100625991138 14.549999999999999
    endloop
  endfacet
  facet normal 0 0 1
    outer loop
      vertex -4.645504795944348 -0.11718106511323365 14.549999999999999
      vertex -4.645504795944348 0.11718106511323365 14.549999999999999
      vertex -4.656688946204699 0.11047754342434618 14.549999999999999
    endloop
  endfacet
  facet normal 0 0 1
    outer loop
      vertex -4.633717440398358 -0.12275606908739446 14.549999999999999
      vertex -4.633717440398358 0.12275606908739446 14.549999999999999
      vertex -4.645504795944348 0.11718106511323365 14.549999999999999
    endloop
  endfacet
  facet normal 0 0 1
    outer loop
      vertex -4.62144039824426 -0.12714886501095032 14.549999999999999
      vertex -4.62144039824426 0.12714886501095032 14.549999999999999
      vertex -4.633717440398358 0.12275606908739446 14.549999999999999
    endloop
  endfacet
  facet normal -0.524247209490119 0.4751499741875316 0.7066805256772054
    outer loop
      vertex -5.030377030036044 0.4475068183172942 14.049999999999999
      vertex -4.685580274317863 0.08429196997977673 14.549999999999999
      vertex -4.6768236394427705 0.09395342772402042 14.549999999999999
    endloop
  endfacet
  facet normal -0.47514997418754384 0.5242472094901082 0.7066805256772053
    outer loop
      vertex -4.6768236394427705 0.09395342772402042 14.549999999999999
      vertex -4.667162181698527 0.1027100625991138 14.549999999999999
      vertex -4.984358823780349 0.4892152892804823 14.049999999999999
    endloop
  endfacet
  facet normal -0.421476784890151 0.5682956575826086 0.7066805256772059
    outer loop
      vertex -4.667162181698527 0.1027100625991138 14.549999999999999
      vertex -4.656688946204699 0.11047754342434618 14.549999999999999
      vertex -4.934474062714501 0.5262123495756188 14.049999999999999
    endloop
  endfacet
  facet normal -0.3637445437516346 0.6068711078305702 0.7066805256772053
    outer loop
      vertex -4.656688946204699 0.11047754342434618 14.549999999999999
      vertex -4.645504795944348 0.11718106511323365 14.549999999999999
      vertex -4.881203164357347 0.5581416972874111 14.049999999999999
    endloop
  endfacet
  facet normal -0.3025092438138085 0.6396020575606267 0.7066805256772049
    outer loop
      vertex -4.645504795944348 0.11718106511323365 14.549999999999999
      vertex -4.633717440398358 0.12275606908739446 14.549999999999999
      vertex -4.8250591565809025 0.5846958353430378 14.049999999999999
    endloop
  endfacet
  facet normal -0.23836061448964443 0.6661732898343402 0.7066805256772053
    outer loop
      vertex -4.633717440398358 0.12275606908739446 14.549999999999999
      vertex -4.62144039824426 0.12714886501095032 14.549999999999999
      vertex -4.766582736871491 0.6056190328770548 14.049999999999999
    endloop
  endfacet
  facet normal -0.17191644214679255 0.6863289091595789 0.7066805256772052
    outer loop
      vertex -4.706337065117376 0.620709788059426 14.049999999999999
      vertex -4.62144039824426 0.12714886501095032 14.549999999999999
      vertex -4.608791904109312 0.13031714785781084 14.549999999999999
    endloop
  endfacet
  facet normal -0.4751499741875421 0.5242472094901095 0.7066805256772053
    outer loop
      vertex -5.030377030036044 0.4475068183172942 14.049999999999999
      vertex -4.6768236394427705 0.09395342772402042 14.549999999999999
      vertex -4.984358823780349 0.4892152892804823 14.049999999999999
    endloop
  endfacet
  facet normal -0.42147678489016366 0.5682956575825999 0.7066805256772051
    outer loop
      vertex -4.667162181698527 0.1027100625991138 14.549999999999999
      vertex -4.934474062714501 0.5262123495756188 14.049999999999999
      vertex -4.984358823780349 0.4892152892804823 14.049999999999999
    endloop
  endfacet
  facet normal -0.3637445437516358 0.6068711078305696 0.7066805256772054
    outer loop
      vertex -4.656688946204699 0.11047754342434618 14.549999999999999
      vertex -4.881203164357347 0.5581416972874111 14.049999999999999
      vertex -4.934474062714501 0.5262123495756188 14.049999999999999
    endloop
  endfacet
  facet normal -0.3025092438137946 0.6396020575606326 0.7066805256772053
    outer loop
      vertex -4.645504795944348 0.11718106511323365 14.549999999999999
      vertex -4.8250591565809025 0.5846958353430378 14.049999999999999
      vertex -4.881203164357347 0.5581416972874111 14.049999999999999
    endloop
  endfacet
  facet normal -0.2383606144896453 0.66617328983434 0.7066805256772052
    outer loop
      vertex -4.633717440398358 0.12275606908739446 14.549999999999999
      vertex -4.766582736871491 0.6056190328770548 14.049999999999999
      vertex -4.8250591565809025 0.5846958353430378 14.049999999999999
    endloop
  endfacet
  facet normal -0.1719164421467958 0.686328909159578 0.7066805256772053
    outer loop
      vertex -4.766582736871491 0.6056190328770548 14.049999999999999
      vertex -4.62144039824426 0.12714886501095032 14.549999999999999
      vertex -4.706337065117376 0.620709788059426 14.049999999999999
    endloop
  endfacet
  facet normal -0.10381662048699021 0.6998748059040624 0.7066805256772053
    outer loop
      vertex -4.706337065117376 0.620709788059426 14.049999999999999
      vertex -4.608791904109312 0.13031714785781084 14.549999999999999
      vertex -4.6449023400711855 0.6298227686682997 14.049999999999999
    endloop
  endfacet
  facet normal -0.10381662048698678 -0.6998748059040627 0.7066805256772054
    outer loop
      vertex -4.6449023400711855 -0.6298227686682997 14.049999999999999
      vertex -4.595893769906405 -0.13223040533220118 14.549999999999999
      vertex -4.608791904109312 -0.13031714785781084 14.549999999999999
    endloop
  endfacet
  facet normal -0.03471698801995125 -0.7066805256772054 0.7066805256772054
    outer loop
      vertex -4.58287021171875 -0.63287021171875 14.049999999999999
      vertex -4.58287021171875 -0.13287021171875002 14.549999999999999
      vertex -4.595893769906405 -0.13223040533220118 14.549999999999999
    endloop
  endfacet
  facet normal 0.03471698801995125 -0.7066805256772054 0.7066805256772054
    outer loop
      vertex -4.58287021171875 -0.63287021171875 14.049999999999999
      vertex -4.569846653531095 -0.13223040533220118 14.549999999999999
      vertex -4.58287021171875 -0.13287021171875002 14.549999999999999
    endloop
  endfacet
  facet normal 0.10381662048698678 -0.6998748059040627 0.7066805256772054
    outer loop
      vertex -4.520838083366314 -0.6298227686682997 14.049999999999999
      vertex -4.556948519328188 -0.13031714785781084 14.549999999999999
      vertex -4.569846653531095 -0.13223040533220118 14.549999999999999
    endloop
  endfacet
  facet normal 0.17191644214679255 -0.6863289091595789 0.7066805256772052
    outer loop
      vertex -4.459403358320124 -0.620709788059426 14.049999999999999
      vertex -4.54430002519324 -0.12714886501095032 14.549999999999999
      vertex -4.556948519328188 -0.13031714785781084 14.549999999999999
    endloop
  endfacet
  facet normal 0.2383606144896465 -0.6661732898343395 0.7066805256772053
    outer loop
      vertex -4.399157686566009 -0.6056190328770548 14.049999999999999
      vertex -4.532022983039142 -0.12275606908739446 14.549999999999999
      vertex -4.54430002519324 -0.12714886501095032 14.549999999999999
    endloop
  endfacet
  facet normal 0.3025092438138065 -0.6396020575606273 0.7066805256772051
    outer loop
      vertex -4.340681266856597 -0.5846958353430378 14.049999999999999
      vertex -4.520235627493152 -0.11718106511323365 14.549999999999999
      vertex -4.532022983039142 -0.12275606908739446 14.549999999999999
    endloop
  endfacet
  facet normal 0.3637445437516355 -0.6068711078305692 0.7066805256772059
    outer loop
      vertex -4.284537259080153 -0.5581416972874111 14.049999999999999
      vertex -4.5090514772328 -0.11047754342434618 14.549999999999999
      vertex -4.520235627493152 -0.11718106511323365 14.549999999999999
    endloop
  endfacet
  facet normal 0 0 1
    outer loop
      vertex -4.62144039824426 -0.12714886501095032 14.549999999999999
      vertex -4.608791904109312 -0.13031714785781084 14.549999999999999
      vertex -4.62144039824426 0.12714886501095032 14.549999999999999
    endloop
  endfacet
  facet normal 0 0 1
    outer loop
      vertex -4.608791904109312 -0.13031714785781084 14.549999999999999
      vertex -4.595893769906405 -0.13223040533220118 14.549999999999999
      vertex -4.608791904109312 0.13031714785781084 14.549999999999999
    endloop
  endfacet
  facet normal 0 0 1
    outer loop
      vertex -4.595893769906405 -0.13223040533220118 14.549999999999999
      vertex -4.58287021171875 -0.13287021171875002 14.549999999999999
      vertex -4.595893769906405 0.13223040533220118 14.549999999999999
    endloop
  endfacet
  facet normal 0 0 1
    outer loop
      vertex -4.58287021171875 -0.13287021171875002 14.549999999999999
      vertex -4.569846653531095 -0.13223040533220118 14.549999999999999
      vertex -4.58287021171875 0.13287021171875002 14.549999999999999
    endloop
  endfacet
  facet normal 0 0 1
    outer loop
      vertex -4.569846653531095 -0.13223040533220118 14.549999999999999
      vertex -4.556948519328188 -0.13031714785781084 14.549999999999999
      vertex -4.569846653531095 0.13223040533220118 14.549999999999999
    endloop
  endfacet
  facet normal 0 0 1
    outer loop
      vertex -4.556948519328188 -0.13031714785781084 14.549999999999999
      vertex -4.54430002519324 -0.12714886501095032 14.549999999999999
      vertex -4.556948519328188 0.13031714785781084 14.549999999999999
    endloop
  endfacet
  facet normal 0 0 1
    outer loop
      vertex -4.54430002519324 -0.12714886501095032 14.549999999999999
      vertex -4.532022983039142 -0.12275606908739446 14.549999999999999
      vertex -4.54430002519324 0.12714886501095032 14.549999999999999
    endloop
  endfacet
  facet normal 0 0 1
    outer loop
      vertex -4.532022983039142 -0.12275606908739446 14.549999999999999
      vertex -4.520235627493152 -0.11718106511323365 14.549999999999999
      vertex -4.532022983039142 0.12275606908739446 14.549999999999999
    endloop
  endfacet
  facet normal 0 0 1
    outer loop
      vertex -4.520235627493152 -0.11718106511323365 14.549999999999999
      vertex -4.5090514772328 -0.11047754342434618 14.549999999999999
      vertex -4.520235627493152 0.11718106511323365 14.549999999999999
    endloop
  endfacet
  facet normal 0 0 1
    outer loop
      vertex -4.5090514772328 -0.11047754342434618 14.549999999999999
      vertex -4.498578241738973 -0.1027100625991138 14.549999999999999
      vertex -4.5090514772328 0.11047754342434618 14.549999999999999
    endloop
  endfacet
  facet normal 0 0 1
    outer loop
      vertex -4.498578241738973 -0.1027100625991138 14.549999999999999
      vertex -4.488916783994729 -0.09395342772402042 14.549999999999999
      vertex -4.498578241738973 0.1027100625991138 14.549999999999999
    endloop
  endfacet
  facet normal 0.42147678489016366 -0.5682956575825999 0.7066805256772051
    outer loop
      vertex -4.498578241738973 -0.1027100625991138 14.549999999999999
      vertex -4.231266360722999 -0.5262123495756188 14.049999999999999
      vertex -4.181381599657151 -0.4892152892804823 14.049999999999999
    endloop
  endfacet
  facet normal 0.4751499741875422 -0.5242472094901096 0.7066805256772051
    outer loop
      vertex -4.488916783994729 -0.09395342772402042 14.549999999999999
      vertex -4.181381599657151 -0.4892152892804823 14.049999999999999
      vertex -4.135363393401455 -0.4475068183172942 14.049999999999999
    endloop
  endfacet
  facet normal 0.421476784890151 -0.5682956575826086 0.7066805256772059
    outer loop
      vertex -4.5090514772328 -0.11047754342434618 14.549999999999999
      vertex -4.231266360722999 -0.5262123495756188 14.049999999999999
      vertex -4.498578241738973 -0.1027100625991138 14.549999999999999
    endloop
  endfacet
  facet normal 0.47514997418754384 -0.5242472094901082 0.7066805256772053
    outer loop
      vertex -4.498578241738973 -0.1027100625991138 14.549999999999999
      vertex -4.181381599657151 -0.4892152892804823 14.049999999999999
      vertex -4.488916783994729 -0.09395342772402042 14.549999999999999
    endloop
  endfacet
  facet normal 0.5242472094901189 -0.47514997418753224 0.706680525677205
    outer loop
      vertex -4.488916783994729 -0.09395342772402042 14.549999999999999
      vertex -4.135363393401455 -0.4475068183172942 14.049999999999999
      vertex -4.480160149119636 -0.08429196997977673 14.549999999999999
    endloop
  endfacet
  facet normal 0.5682956575826017 -0.421476784890161 0.7066805256772053
    outer loop
      vertex -4.480160149119636 -0.08429196997977673 14.549999999999999
      vertex -4.093654922438268 -0.40148861206159947 14.049999999999999
      vertex -4.472392668294404 -0.07381873448594982 14.549999999999999
    endloop
  endfacet
  facet normal 0.606871107830566 -0.36374454375164206 0.7066805256772053
    outer loop
      vertex -4.472392668294404 -0.07381873448594982 14.549999999999999
      vertex -4.0566578621431315 -0.3516038509957509 14.049999999999999
      vertex -4.465689146605516 -0.06263458422559819 14.549999999999999
    endloop
  endfacet
  facet normal 0.6396020575606324 -0.302509243813795 0.7066805256772053
    outer loop
      vertex -4.465689146605516 -0.06263458422559819 14.549999999999999
      vertex -4.024728514431339 -0.298332952638597 14.049999999999999
      vertex -4.4601141426313555 -0.050847228679607434 14.549999999999999
    endloop
  endfacet
  facet normal 0.666173289834343 -0.2383606144896371 0.7066805256772051
    outer loop
      vertex -4.4601141426313555 -0.050847228679607434 14.549999999999999
      vertex -3.998174376375712 -0.2421889448621523 14.049999999999999
      vertex -4.4557213467078 -0.03857018652550943 14.549999999999999
    endloop
  endfacet
  facet normal 0.6863289091595691 -0.17191644214682691 0.7066805256772063
    outer loop
      vertex -4.4557213467078 -0.03857018652550943 14.549999999999999
      vertex -3.977251178841695 -0.18371252515274059 14.049999999999999
      vertex -4.452553063860939 -0.02592169239056208 14.549999999999999
    endloop
  endfacet
  facet normal 0.6998748059040633 -0.10381662048698688 0.7066805256772051
    outer loop
      vertex -4.452553063860939 -0.02592169239056208 14.549999999999999
      vertex -3.962160423659324 -0.1234668533986262 14.049999999999999
      vertex -4.450639806386548 -0.013023558187655148 14.549999999999999
    endloop
  endfacet
  facet normal 0 0 1
    outer loop
      vertex -4.608791904109312 -0.13031714785781084 14.549999999999999
      vertex -4.608791904109312 0.13031714785781084 14.549999999999999
      vertex -4.62144039824426 0.12714886501095032 14.549999999999999
    endloop
  endfacet
  facet normal 0 0 1
    outer loop
      vertex -4.595893769906405 -0.13223040533220118 14.549999999999999
      vertex -4.595893769906405 0.13223040533220118 14.549999999999999
      vertex -4.608791904109312 0.13031714785781084 14.549999999999999
    endloop
  endfacet
  facet normal 0 0 1
    outer loop
      vertex -4.58287021171875 -0.13287021171875002 14.549999999999999
      vertex -4.58287021171875 0.13287021171875002 14.549999999999999
      vertex -4.595893769906405 0.13223040533220118 14.549999999999999
    endloop
  endfacet
  facet normal 0 0 1
    outer loop
      vertex -4.569846653531095 -0.13223040533220118 14.549999999999999
      vertex -4.569846653531095 0.13223040533220118 14.549999999999999
      vertex -4.58287021171875 0.13287021171875002 14.549999999999999
    endloop
  endfacet
  facet normal 0 0 1
    outer loop
      vertex -4.556948519328188 -0.13031714785781084 14.549999999999999
      vertex -4.556948519328188 0.13031714785781084 14.549999999999999
      vertex -4.569846653531095 0.13223040533220118 14.549999999999999
    endloop
  endfacet
  facet normal 0 0 1
    outer loop
      vertex -4.54430002519324 -0.12714886501095032 14.549999999999999
      vertex -4.54430002519324 0.12714886501095032 14.549999999999999
      vertex -4.556948519328188 0.13031714785781084 14.549999999999999
    endloop
  endfacet
  facet normal 0 0 1
    outer loop
      vertex -4.532022983039142 -0.12275606908739446 14.549999999999999
      vertex -4.532022983039142 0.12275606908739446 14.549999999999999
      vertex -4.54430002519324 0.12714886501095032 14.549999999999999
    endloop
  endfacet
  facet normal 0 0 1
    outer loop
      vertex -4.488916783994729 -0.09395342772402042 14.549999999999999
      vertex -4.480160149119636 -0.08429196997977673 14.549999999999999
      vertex -4.488916783994729 0.09395342772402042 14.549999999999999
    endloop
  endfacet
  facet normal 0 0 1
    outer loop
      vertex -4.520235627493152 -0.11718106511323365 14.549999999999999
      vertex -4.520235627493152 0.11718106511323365 14.549999999999999
      vertex -4.532022983039142 0.12275606908739446 14.549999999999999
    endloop
  endfacet
  facet normal 0 0 1
    outer loop
      vertex -4.5090514772328 -0.11047754342434618 14.549999999999999
      vertex -4.5090514772328 0.11047754342434618 14.549999999999999
      vertex -4.520235627493152 0.11718106511323365 14.549999999999999
    endloop
  endfacet
  facet normal 0 0 1
    outer loop
      vertex -4.488916783994729 -0.09395342772402042 14.549999999999999
      vertex -4.488916783994729 0.09395342772402042 14.549999999999999
      vertex -4.498578241738973 0.1027100625991138 14.549999999999999
    endloop
  endfacet
  facet normal 0 0 1
    outer loop
      vertex -4.480160149119636 -0.08429196997977673 14.549999999999999
      vertex -4.480160149119636 0.08429196997977673 14.549999999999999
      vertex -4.488916783994729 0.09395342772402042 14.549999999999999
    endloop
  endfacet
  facet normal 0 0 1
    outer loop
      vertex -4.498578241738973 -0.1027100625991138 14.549999999999999
      vertex -4.498578241738973 0.1027100625991138 14.549999999999999
      vertex -4.5090514772328 0.11047754342434618 14.549999999999999
    endloop
  endfacet
  facet normal 0 0 1
    outer loop
      vertex -4.480160149119636 -0.08429196997977673 14.549999999999999
      vertex -4.472392668294404 -0.07381873448594982 14.549999999999999
      vertex -4.480160149119636 0.08429196997977673 14.549999999999999
    endloop
  endfacet
  facet normal 0 0 1
    outer loop
      vertex -4.472392668294404 -0.07381873448594982 14.549999999999999
      vertex -4.465689146605516 -0.06263458422559819 14.549999999999999
      vertex -4.472392668294404 0.07381873448594982 14.549999999999999
    endloop
  endfacet
  facet normal 0 0 1
    outer loop
      vertex -4.465689146605516 -0.06263458422559819 14.549999999999999
      vertex -4.4601141426313555 -0.050847228679607434 14.549999999999999
      vertex -4.465689146605516 0.06263458422559819 14.549999999999999
    endloop
  endfacet
  facet normal 0 0 1
    outer loop
      vertex -4.4601141426313555 -0.050847228679607434 14.549999999999999
      vertex -4.4557213467078 -0.03857018652550943 14.549999999999999
      vertex -4.4601141426313555 0.050847228679607434 14.549999999999999
    endloop
  endfacet
  facet normal 0 0 1
    outer loop
      vertex -4.4557213467078 -0.03857018652550943 14.549999999999999
      vertex -4.452553063860939 -0.02592169239056208 14.549999999999999
      vertex -4.4557213467078 0.03857018652550943 14.549999999999999
    endloop
  endfacet
  facet normal 0 0 1
    outer loop
      vertex -4.452553063860939 -0.02592169239056208 14.549999999999999
      vertex -4.450639806386548 -0.013023558187655148 14.549999999999999
      vertex -4.452553063860939 0.02592169239056208 14.549999999999999
    endloop
  endfacet
  facet normal 0 0 1
    outer loop
      vertex -4.450639806386548 -0.013023558187655148 14.549999999999999
      vertex -4.45 0 14.549999999999999
      vertex -4.450639806386548 0.013023558187655148 14.549999999999999
    endloop
  endfacet
  facet normal 0 0 1
    outer loop
      vertex -4.450639806386548 -0.013023558187655148 14.549999999999999
      vertex -4.450639806386548 0.013023558187655148 14.549999999999999
      vertex -4.452553063860939 0.02592169239056208 14.549999999999999
    endloop
  endfacet
  facet normal 0 0 1
    outer loop
      vertex -4.452553063860939 -0.02592169239056208 14.549999999999999
      vertex -4.452553063860939 0.02592169239056208 14.549999999999999
      vertex -4.4557213467078 0.03857018652550943 14.549999999999999
    endloop
  endfacet
  facet normal 0 0 1
    outer loop
      vertex -4.465689146605516 -0.06263458422559819 14.549999999999999
      vertex -4.465689146605516 0.06263458422559819 14.549999999999999
      vertex -4.472392668294404 0.07381873448594982 14.549999999999999
    endloop
  endfacet
  facet normal 0 0 1
    outer loop
      vertex -4.472392668294404 -0.07381873448594982 14.549999999999999
      vertex -4.472392668294404 0.07381873448594982 14.549999999999999
      vertex -4.480160149119636 0.08429196997977673 14.549999999999999
    endloop
  endfacet
  facet normal 0 0 1
    outer loop
      vertex -4.4601141426313555 -0.050847228679607434 14.549999999999999
      vertex -4.4601141426313555 0.050847228679607434 14.549999999999999
      vertex -4.465689146605516 0.06263458422559819 14.549999999999999
    endloop
  endfacet
  facet normal 0 0 1
    outer loop
      vertex -4.4557213467078 -0.03857018652550943 14.549999999999999
      vertex -4.4557213467078 0.03857018652550943 14.549999999999999
      vertex -4.4601141426313555 0.050847228679607434 14.549999999999999
    endloop
  endfacet
  facet normal -0.10381662048698678 0.6998748059040627 0.7066805256772054
    outer loop
      vertex -4.6449023400711855 0.6298227686682997 14.049999999999999
      vertex -4.608791904109312 0.13031714785781084 14.549999999999999
      vertex -4.595893769906405 0.13223040533220118 14.549999999999999
    endloop
  endfacet
  facet normal -0.03471698801995276 0.7066805256772053 0.7066805256772053
    outer loop
      vertex -4.595893769906405 0.13223040533220118 14.549999999999999
      vertex -4.58287021171875 0.13287021171875002 14.549999999999999
      vertex -4.58287021171875 0.63287021171875 14.049999999999999
    endloop
  endfacet
  facet normal 0.03471698801995276 0.7066805256772053 0.7066805256772053
    outer loop
      vertex -4.58287021171875 0.13287021171875002 14.549999999999999
      vertex -4.569846653531095 0.13223040533220118 14.549999999999999
      vertex -4.58287021171875 0.63287021171875 14.049999999999999
    endloop
  endfacet
  facet normal 0.10381662048698533 0.699874805904063 0.7066805256772055
    outer loop
      vertex -4.569846653531095 0.13223040533220118 14.549999999999999
      vertex -4.556948519328188 0.13031714785781084 14.549999999999999
      vertex -4.520838083366314 0.6298227686682997 14.049999999999999
    endloop
  endfacet
  facet normal 0.17191644214679394 0.6863289091595783 0.7066805256772053
    outer loop
      vertex -4.556948519328188 0.13031714785781084 14.549999999999999
      vertex -4.54430002519324 0.12714886501095032 14.549999999999999
      vertex -4.459403358320124 0.620709788059426 14.049999999999999
    endloop
  endfacet
  facet normal 0.2383606144896445 0.6661732898343403 0.7066805256772053
    outer loop
      vertex -4.54430002519324 0.12714886501095032 14.549999999999999
      vertex -4.532022983039142 0.12275606908739446 14.549999999999999
      vertex -4.399157686566009 0.6056190328770548 14.049999999999999
    endloop
  endfacet
  facet normal 0.30250924381380845 0.6396020575606266 0.7066805256772049
    outer loop
      vertex -4.532022983039142 0.12275606908739446 14.549999999999999
      vertex -4.520235627493152 0.11718106511323365 14.549999999999999
      vertex -4.340681266856597 0.5846958353430378 14.049999999999999
    endloop
  endfacet
  facet normal 0.3637445437516346 0.6068711078305702 0.7066805256772053
    outer loop
      vertex -4.520235627493152 0.11718106511323365 14.549999999999999
      vertex -4.5090514772328 0.11047754342434618 14.549999999999999
      vertex -4.284537259080153 0.5581416972874111 14.049999999999999
    endloop
  endfacet
  facet normal 0.6998748059040633 0.10381662048698688 0.706680525677205
    outer loop
      vertex -4.450639806386548 0.013023558187655148 14.549999999999999
      vertex -3.962160423659324 0.1234668533986262 14.049999999999999
      vertex -4.452553063860939 0.02592169239056208 14.549999999999999
    endloop
  endfacet
  facet normal 0.7066805256772057 -0.034716988019920146 0.7066805256772064
    outer loop
      vertex -4.450639806386548 -0.013023558187655148 14.549999999999999
      vertex -3.9499999999999997 0 14.049999999999999
      vertex -4.45 0 14.549999999999999
    endloop
  endfacet
  facet normal 0.7066805256772057 0.034716988019920146 0.7066805256772064
    outer loop
      vertex -4.45 0 14.549999999999999
      vertex -3.9499999999999997 0 14.049999999999999
      vertex -4.450639806386548 0.013023558187655148 14.549999999999999
    endloop
  endfacet
  facet normal 0.6863289091595691 0.17191644214682691 0.7066805256772063
    outer loop
      vertex -4.4557213467078 0.03857018652550943 14.549999999999999
      vertex -4.452553063860939 0.02592169239056208 14.549999999999999
      vertex -3.977251178841695 0.18371252515274059 14.049999999999999
    endloop
  endfacet
  facet normal 0.6396020575606324 0.302509243813795 0.7066805256772053
    outer loop
      vertex -4.4601141426313555 0.050847228679607434 14.549999999999999
      vertex -4.024728514431339 0.298332952638597 14.049999999999999
      vertex -4.465689146605516 0.06263458422559819 14.549999999999999
    endloop
  endfacet
  facet normal 0.666173289834343 0.2383606144896371 0.7066805256772052
    outer loop
      vertex -4.4557213467078 0.03857018652550943 14.549999999999999
      vertex -3.998174376375712 0.2421889448621523 14.049999999999999
      vertex -4.4601141426313555 0.050847228679607434 14.549999999999999
    endloop
  endfacet
  facet normal 0.47514997418754384 0.5242472094901082 0.7066805256772053
    outer loop
      vertex -4.488916783994729 0.09395342772402042 14.549999999999999
      vertex -4.181381599657151 0.4892152892804823 14.049999999999999
      vertex -4.498578241738973 0.1027100625991138 14.549999999999999
    endloop
  endfacet
  facet normal 0.5682956575826017 0.421476784890161 0.7066805256772053
    outer loop
      vertex -4.480160149119636 0.08429196997977673 14.549999999999999
      vertex -4.472392668294404 0.07381873448594982 14.549999999999999
      vertex -4.093654922438268 0.40148861206159947 14.049999999999999
    endloop
  endfacet
  facet normal 0.5242472094901189 0.47514997418753224 0.706680525677205
    outer loop
      vertex -4.480160149119636 0.08429196997977673 14.549999999999999
      vertex -4.135363393401455 0.4475068183172942 14.049999999999999
      vertex -4.488916783994729 0.09395342772402042 14.549999999999999
    endloop
  endfacet
  facet normal 0.421476784890151 0.5682956575826086 0.7066805256772059
    outer loop
      vertex -4.5090514772328 0.11047754342434618 14.549999999999999
      vertex -4.498578241738973 0.1027100625991138 14.549999999999999
      vertex -4.231266360722999 0.5262123495756188 14.049999999999999
    endloop
  endfacet
  facet normal 0.606871107830566 0.36374454375164206 0.7066805256772053
    outer loop
      vertex -4.465689146605516 0.06263458422559819 14.549999999999999
      vertex -4.0566578621431315 0.3516038509957509 14.049999999999999
      vertex -4.472392668294404 0.07381873448594982 14.549999999999999
    endloop
  endfacet
  facet normal 0.5242472094901105 -0.4751499741875411 0.7066805256772053
    outer loop
      vertex -4.480160149119636 -0.08429196997977673 14.549999999999999
      vertex -4.135363393401455 -0.4475068183172942 14.049999999999999
      vertex -4.093654922438268 -0.40148861206159947 14.049999999999999
    endloop
  endfacet
  facet normal 0.568295657582602 -0.42147678489016066 0.7066805256772053
    outer loop
      vertex -4.472392668294404 -0.07381873448594982 14.549999999999999
      vertex -4.093654922438268 -0.40148861206159947 14.049999999999999
      vertex -4.0566578621431315 -0.3516038509957509 14.049999999999999
    endloop
  endfacet
  facet normal 0.6068711078305673 -0.36374454375164 0.7066805256772052
    outer loop
      vertex -4.465689146605516 -0.06263458422559819 14.549999999999999
      vertex -4.0566578621431315 -0.3516038509957509 14.049999999999999
      vertex -4.024728514431339 -0.298332952638597 14.049999999999999
    endloop
  endfacet
  facet normal 0.6396020575606329 -0.3025092438137943 0.7066805256772053
    outer loop
      vertex -4.4601141426313555 -0.050847228679607434 14.549999999999999
      vertex -4.024728514431339 -0.298332952638597 14.049999999999999
      vertex -3.998174376375712 -0.2421889448621523 14.049999999999999
    endloop
  endfacet
  facet normal 0.6661732898343397 -0.23836061448964577 0.7066805256772055
    outer loop
      vertex -4.4557213467078 -0.03857018652550943 14.549999999999999
      vertex -3.998174376375712 -0.2421889448621523 14.049999999999999
      vertex -3.977251178841695 -0.18371252515274059 14.049999999999999
    endloop
  endfacet
  facet normal 0.6863289091595782 -0.17191644214679538 0.7066805256772051
    outer loop
      vertex -4.452553063860939 -0.02592169239056208 14.549999999999999
      vertex -3.977251178841695 -0.18371252515274059 14.049999999999999
      vertex -3.962160423659324 -0.1234668533986262 14.049999999999999
    endloop
  endfacet
  facet normal 0.6998748059040627 -0.10381662048698967 0.7066805256772051
    outer loop
      vertex -4.450639806386548 -0.013023558187655148 14.549999999999999
      vertex -3.962160423659324 -0.1234668533986262 14.049999999999999
      vertex -3.9530474430504503 -0.06203212835243545 14.049999999999999
    endloop
  endfacet
  facet normal 0.7066805256772053 -0.03471698801995409 0.7066805256772051
    outer loop
      vertex -4.450639806386548 -0.013023558187655148 14.549999999999999
      vertex -3.9530474430504503 -0.06203212835243545 14.049999999999999
      vertex -3.9499999999999997 0 14.049999999999999
    endloop
  endfacet
  facet normal 0.7066805256772053 0.03471698801995409 0.7066805256772051
    outer loop
      vertex -4.450639806386548 0.013023558187655148 14.549999999999999
      vertex -3.9499999999999997 0 14.049999999999999
      vertex -3.9530474430504503 0.06203212835243545 14.049999999999999
    endloop
  endfacet
  facet normal 0.6998748059040627 0.10381662048698967 0.7066805256772051
    outer loop
      vertex -4.450639806386548 0.013023558187655148 14.549999999999999
      vertex -3.9530474430504503 0.06203212835243545 14.049999999999999
      vertex -3.962160423659324 0.1234668533986262 14.049999999999999
    endloop
  endfacet
  facet normal 0.6863289091595782 0.17191644214679538 0.7066805256772051
    outer loop
      vertex -4.452553063860939 0.02592169239056208 14.549999999999999
      vertex -3.962160423659324 0.1234668533986262 14.049999999999999
      vertex -3.977251178841695 0.18371252515274059 14.049999999999999
    endloop
  endfacet
  facet normal 0.6661732898343397 0.23836061448964577 0.7066805256772055
    outer loop
      vertex -4.4557213467078 0.03857018652550943 14.549999999999999
      vertex -3.977251178841695 0.18371252515274059 14.049999999999999
      vertex -3.998174376375712 0.2421889448621523 14.049999999999999
    endloop
  endfacet
  facet normal 0.6068711078305673 0.36374454375164 0.7066805256772052
    outer loop
      vertex -4.465689146605516 0.06263458422559819 14.549999999999999
      vertex -4.024728514431339 0.298332952638597 14.049999999999999
      vertex -4.0566578621431315 0.3516038509957509 14.049999999999999
    endloop
  endfacet
  facet normal 0.6396020575606329 0.3025092438137943 0.7066805256772053
    outer loop
      vertex -4.4601141426313555 0.050847228679607434 14.549999999999999
      vertex -3.998174376375712 0.2421889448621523 14.049999999999999
      vertex -4.024728514431339 0.298332952638597 14.049999999999999
    endloop
  endfacet
  facet normal 0.568295657582602 0.42147678489016066 0.7066805256772053
    outer loop
      vertex -4.472392668294404 0.07381873448594982 14.549999999999999
      vertex -4.0566578621431315 0.3516038509957509 14.049999999999999
      vertex -4.093654922438268 0.40148861206159947 14.049999999999999
    endloop
  endfacet
  facet normal 0.5242472094901105 0.4751499741875411 0.7066805256772053
    outer loop
      vertex -4.480160149119636 0.08429196997977673 14.549999999999999
      vertex -4.093654922438268 0.40148861206159947 14.049999999999999
      vertex -4.135363393401455 0.4475068183172942 14.049999999999999
    endloop
  endfacet
  facet normal -0.03471698801995144 0.7066805256772053 0.7066805256772053
    outer loop
      vertex -4.6449023400711855 0.6298227686682997 14.049999999999999
      vertex -4.595893769906405 0.13223040533220118 14.549999999999999
      vertex -4.58287021171875 0.63287021171875 14.049999999999999
    endloop
  endfacet
  facet normal 0.03471698801995144 0.7066805256772053 0.7066805256772053
    outer loop
      vertex -4.569846653531095 0.13223040533220118 14.549999999999999
      vertex -4.520838083366314 0.6298227686682997 14.049999999999999
      vertex -4.58287021171875 0.63287021171875 14.049999999999999
    endloop
  endfacet
  facet normal 0.10381662048699022 0.6998748059040625 0.7066805256772054
    outer loop
      vertex -4.556948519328188 0.13031714785781084 14.549999999999999
      vertex -4.459403358320124 0.620709788059426 14.049999999999999
      vertex -4.520838083366314 0.6298227686682997 14.049999999999999
    endloop
  endfacet
  facet normal 0.1719164421467958 0.686328909159578 0.7066805256772053
    outer loop
      vertex -4.54430002519324 0.12714886501095032 14.549999999999999
      vertex -4.399157686566009 0.6056190328770548 14.049999999999999
      vertex -4.459403358320124 0.620709788059426 14.049999999999999
    endloop
  endfacet
  facet normal 0.3637445437516358 0.6068711078305696 0.7066805256772054
    outer loop
      vertex -4.5090514772328 0.11047754342434618 14.549999999999999
      vertex -4.231266360722999 0.5262123495756188 14.049999999999999
      vertex -4.284537259080153 0.5581416972874111 14.049999999999999
    endloop
  endfacet
  facet normal 0.2383606144896453 0.66617328983434 0.7066805256772052
    outer loop
      vertex -4.532022983039142 0.12275606908739446 14.549999999999999
      vertex -4.340681266856597 0.5846958353430378 14.049999999999999
      vertex -4.399157686566009 0.6056190328770548 14.049999999999999
    endloop
  endfacet
  facet normal 0.3025092438137946 0.6396020575606326 0.7066805256772053
    outer loop
      vertex -4.520235627493152 0.11718106511323365 14.549999999999999
      vertex -4.284537259080153 0.5581416972874111 14.049999999999999
      vertex -4.340681266856597 0.5846958353430378 14.049999999999999
    endloop
  endfacet
  facet normal 0.42147678489016366 0.5682956575825999 0.7066805256772051
    outer loop
      vertex -4.498578241738973 0.1027100625991138 14.549999999999999
      vertex -4.181381599657151 0.4892152892804823 14.049999999999999
      vertex -4.231266360722999 0.5262123495756188 14.049999999999999
    endloop
  endfacet
  facet normal 0.4751499741875422 0.5242472094901096 0.7066805256772051
    outer loop
      vertex -4.488916783994729 0.09395342772402042 14.549999999999999
      vertex -4.135363393401455 0.4475068183172942 14.049999999999999
      vertex -4.181381599657151 0.4892152892804823 14.049999999999999
    endloop
  endfacet
  facet normal -0.3637445437516358 -0.6068711078305696 0.7066805256772054
    outer loop
      vertex 4.231266360722999 -0.5262123495756188 14.049999999999999
      vertex 4.284537259080153 -0.5581416972874111 14.049999999999999
      vertex 4.5090514772328 -0.11047754342434618 14.549999999999999
    endloop
  endfacet
  facet normal -0.3025092438137946 -0.6396020575606326 0.7066805256772054
    outer loop
      vertex 4.340681266856597 -0.5846958353430378 14.049999999999999
      vertex 4.520235627493152 -0.11718106511323365 14.549999999999999
      vertex 4.284537259080153 -0.5581416972874111 14.049999999999999
    endloop
  endfacet
  facet normal -0.2383606144896453 -0.66617328983434 0.7066805256772053
    outer loop
      vertex 4.340681266856597 -0.5846958353430378 14.049999999999999
      vertex 4.399157686566009 -0.6056190328770548 14.049999999999999
      vertex 4.532022983039142 -0.12275606908739446 14.549999999999999
    endloop
  endfacet
  facet normal -0.1719164421467958 -0.686328909159578 0.7066805256772053
    outer loop
      vertex 4.399157686566009 -0.6056190328770548 14.049999999999999
      vertex 4.459403358320124 -0.620709788059426 14.049999999999999
      vertex 4.54430002519324 -0.12714886501095032 14.549999999999999
    endloop
  endfacet
  facet normal -0.10381662048699021 -0.6998748059040624 0.7066805256772053
    outer loop
      vertex 4.459403358320124 -0.620709788059426 14.049999999999999
      vertex 4.520838083366314 -0.6298227686682997 14.049999999999999
      vertex 4.556948519328188 -0.13031714785781084 14.549999999999999
    endloop
  endfacet
  facet normal -0.03471698801995144 -0.7066805256772053 0.7066805256772053
    outer loop
      vertex 4.520838083366314 -0.6298227686682997 14.049999999999999
      vertex 4.58287021171875 -0.63287021171875 14.049999999999999
      vertex 4.569846653531095 -0.13223040533220118 14.549999999999999
    endloop
  endfacet
  facet normal 0.03471698801995144 -0.7066805256772053 0.7066805256772053
    outer loop
      vertex 4.58287021171875 -0.63287021171875 14.049999999999999
      vertex 4.6449023400711855 -0.6298227686682997 14.049999999999999
      vertex 4.595893769906405 -0.13223040533220118 14.549999999999999
    endloop
  endfacet
  facet normal 0.10381662048699022 -0.6998748059040625 0.7066805256772054
    outer loop
      vertex 4.608791904109312 -0.13031714785781084 14.549999999999999
      vertex 4.6449023400711855 -0.6298227686682997 14.049999999999999
      vertex 4.706337065117376 -0.620709788059426 14.049999999999999
    endloop
  endfacet
  facet normal 0.1719164421467958 -0.686328909159578 0.7066805256772053
    outer loop
      vertex 4.62144039824426 -0.12714886501095032 14.549999999999999
      vertex 4.706337065117376 -0.620709788059426 14.049999999999999
      vertex 4.766582736871491 -0.6056190328770548 14.049999999999999
    endloop
  endfacet
  facet normal 0.2383606144896453 -0.66617328983434 0.7066805256772053
    outer loop
      vertex 4.766582736871491 -0.6056190328770548 14.049999999999999
      vertex 4.8250591565809025 -0.5846958353430378 14.049999999999999
      vertex 4.633717440398358 -0.12275606908739446 14.549999999999999
    endloop
  endfacet
  facet normal 0.3025092438137946 -0.6396020575606326 0.7066805256772054
    outer loop
      vertex 4.8250591565809025 -0.5846958353430378 14.049999999999999
      vertex 4.881203164357347 -0.5581416972874111 14.049999999999999
      vertex 4.645504795944348 -0.11718106511323365 14.549999999999999
    endloop
  endfacet
  facet normal 0.36374454375163584 -0.6068711078305697 0.7066805256772055
    outer loop
      vertex 4.881203164357347 -0.5581416972874111 14.049999999999999
      vertex 4.934474062714501 -0.5262123495756188 14.049999999999999
      vertex 4.656688946204699 -0.11047754342434618 14.549999999999999
    endloop
  endfacet
  facet normal -0.5242472094901104 -0.475149974187541 0.7066805256772054
    outer loop
      vertex 4.093654922438268 -0.40148861206159947 14.049999999999999
      vertex 4.135363393401455 -0.4475068183172942 14.049999999999999
      vertex 4.480160149119636 -0.08429196997977673 14.549999999999999
    endloop
  endfacet
  facet normal -0.6068711078305673 -0.36374454375164 0.7066805256772052
    outer loop
      vertex 4.024728514431339 -0.298332952638597 14.049999999999999
      vertex 4.0566578621431315 -0.3516038509957509 14.049999999999999
      vertex 4.465689146605516 -0.06263458422559819 14.549999999999999
    endloop
  endfacet
  facet normal -0.568295657582602 -0.42147678489016066 0.7066805256772053
    outer loop
      vertex 4.093654922438268 -0.40148861206159947 14.049999999999999
      vertex 4.472392668294404 -0.07381873448594982 14.549999999999999
      vertex 4.0566578621431315 -0.3516038509957509 14.049999999999999
    endloop
  endfacet
  facet normal -0.6863289091595783 -0.1719164421467954 0.7066805256772051
    outer loop
      vertex 3.977251178841695 -0.18371252515274059 14.049999999999999
      vertex 4.452553063860939 -0.02592169239056208 14.549999999999999
      vertex 3.962160423659324 -0.1234668533986262 14.049999999999999
    endloop
  endfacet
  facet normal -0.6998748059040627 -0.10381662048698967 0.7066805256772051
    outer loop
      vertex 3.962160423659324 -0.1234668533986262 14.049999999999999
      vertex 4.450639806386548 -0.013023558187655148 14.549999999999999
      vertex 3.9530474430504503 -0.06203212835243545 14.049999999999999
    endloop
  endfacet
  facet normal -0.6396020575606329 -0.3025092438137943 0.7066805256772054
    outer loop
      vertex 4.024728514431339 -0.298332952638597 14.049999999999999
      vertex 4.4601141426313555 -0.050847228679607434 14.549999999999999
      vertex 3.998174376375712 -0.2421889448621523 14.049999999999999
    endloop
  endfacet
  facet normal -0.6661732898343397 -0.23836061448964577 0.7066805256772055
    outer loop
      vertex 3.998174376375712 -0.2421889448621523 14.049999999999999
      vertex 4.4557213467078 -0.03857018652550943 14.549999999999999
      vertex 3.977251178841695 -0.18371252515274059 14.049999999999999
    endloop
  endfacet
  facet normal -0.7066805256772053 -0.03471698801995409 0.7066805256772051
    outer loop
      vertex 3.9530474430504503 -0.06203212835243545 14.049999999999999
      vertex 4.450639806386548 -0.013023558187655148 14.549999999999999
      vertex 3.9499999999999997 0 14.049999999999999
    endloop
  endfacet
  facet normal -0.7066805256772053 0.03471698801995409 0.7066805256772051
    outer loop
      vertex 3.9499999999999997 0 14.049999999999999
      vertex 4.450639806386548 0.013023558187655148 14.549999999999999
      vertex 3.9530474430504503 0.06203212835243545 14.049999999999999
    endloop
  endfacet
  facet normal -0.6998748059040628 0.10381662048698968 0.7066805256772051
    outer loop
      vertex 3.9530474430504503 0.06203212835243545 14.049999999999999
      vertex 4.450639806386548 0.013023558187655148 14.549999999999999
      vertex 3.962160423659324 0.1234668533986262 14.049999999999999
    endloop
  endfacet
  facet normal -0.6863289091595782 0.17191644214679538 0.7066805256772051
    outer loop
      vertex 3.962160423659324 0.1234668533986262 14.049999999999999
      vertex 4.452553063860939 0.02592169239056208 14.549999999999999
      vertex 3.977251178841695 0.18371252515274059 14.049999999999999
    endloop
  endfacet
  facet normal -0.6661732898343397 0.23836061448964577 0.7066805256772055
    outer loop
      vertex 3.977251178841695 0.18371252515274059 14.049999999999999
      vertex 4.4557213467078 0.03857018652550943 14.549999999999999
      vertex 3.998174376375712 0.2421889448621523 14.049999999999999
    endloop
  endfacet
  facet normal -0.6396020575606329 0.3025092438137943 0.7066805256772054
    outer loop
      vertex 3.998174376375712 0.2421889448621523 14.049999999999999
      vertex 4.4601141426313555 0.050847228679607434 14.549999999999999
      vertex 4.024728514431339 0.298332952638597 14.049999999999999
    endloop
  endfacet
  facet normal -0.6068711078305673 0.36374454375164 0.7066805256772052
    outer loop
      vertex 4.024728514431339 0.298332952638597 14.049999999999999
      vertex 4.465689146605516 0.06263458422559819 14.549999999999999
      vertex 4.0566578621431315 0.3516038509957509 14.049999999999999
    endloop
  endfacet
  facet normal -0.568295657582602 0.42147678489016066 0.7066805256772052
    outer loop
      vertex 4.0566578621431315 0.3516038509957509 14.049999999999999
      vertex 4.472392668294404 0.07381873448594982 14.549999999999999
      vertex 4.093654922438268 0.40148861206159947 14.049999999999999
    endloop
  endfacet
  facet normal -0.5242472094901104 0.475149974187541 0.7066805256772054
    outer loop
      vertex 4.093654922438268 0.40148861206159947 14.049999999999999
      vertex 4.480160149119636 0.08429196997977673 14.549999999999999
      vertex 4.135363393401455 0.4475068183172942 14.049999999999999
    endloop
  endfacet
  facet normal -0.4751499741875421 -0.5242472094901095 0.7066805256772053
    outer loop
      vertex 4.135363393401455 -0.4475068183172942 14.049999999999999
      vertex 4.181381599657151 -0.4892152892804823 14.049999999999999
      vertex 4.488916783994729 -0.09395342772402042 14.549999999999999
    endloop
  endfacet
  facet normal -0.4214767848901636 -0.5682956575825999 0.7066805256772052
    outer loop
      vertex 4.181381599657151 -0.4892152892804823 14.049999999999999
      vertex 4.231266360722999 -0.5262123495756188 14.049999999999999
      vertex 4.498578241738973 -0.1027100625991138 14.549999999999999
    endloop
  endfacet
  facet normal -0.4751499741875439 -0.5242472094901091 0.7066805256772044
    outer loop
      vertex 4.181381599657151 -0.4892152892804823 14.049999999999999
      vertex 4.498578241738973 -0.1027100625991138 14.549999999999999
      vertex 4.488916783994729 -0.09395342772402042 14.549999999999999
    endloop
  endfacet
  facet normal -0.4214767848901508 -0.5682956575826082 0.7066805256772064
    outer loop
      vertex 4.231266360722999 -0.5262123495756188 14.049999999999999
      vertex 4.5090514772328 -0.11047754342434618 14.549999999999999
      vertex 4.498578241738973 -0.1027100625991138 14.549999999999999
    endloop
  endfacet
  facet normal -0.6068711078305655 -0.3637445437516418 0.7066805256772061
    outer loop
      vertex 4.0566578621431315 -0.3516038509957509 14.049999999999999
      vertex 4.472392668294404 -0.07381873448594982 14.549999999999999
      vertex 4.465689146605516 -0.06263458422559819 14.549999999999999
    endloop
  endfacet
  facet normal -0.6396020575606327 -0.3025092438137951 0.7066805256772052
    outer loop
      vertex 4.024728514431339 -0.298332952638597 14.049999999999999
      vertex 4.465689146605516 -0.06263458422559819 14.549999999999999
      vertex 4.4601141426313555 -0.050847228679607434 14.549999999999999
    endloop
  endfacet
  facet normal -0.6661732898343433 -0.23836061448963686 0.706680525677205
    outer loop
      vertex 3.998174376375712 -0.2421889448621523 14.049999999999999
      vertex 4.4601141426313555 -0.050847228679607434 14.549999999999999
      vertex 4.4557213467078 -0.03857018652550943 14.549999999999999
    endloop
  endfacet
  facet normal -0.6863289091595689 -0.17191644214682694 0.7066805256772066
    outer loop
      vertex 3.977251178841695 -0.18371252515274059 14.049999999999999
      vertex 4.4557213467078 -0.03857018652550943 14.549999999999999
      vertex 4.452553063860939 -0.02592169239056208 14.549999999999999
    endloop
  endfacet
  facet normal -0.6998748059040636 -0.10381662048698692 0.7066805256772046
    outer loop
      vertex 3.962160423659324 -0.1234668533986262 14.049999999999999
      vertex 4.452553063860939 -0.02592169239056208 14.549999999999999
      vertex 4.450639806386548 -0.013023558187655148 14.549999999999999
    endloop
  endfacet
  facet normal -0.5682956575826011 -0.42147678489016116 0.7066805256772057
    outer loop
      vertex 4.093654922438268 -0.40148861206159947 14.049999999999999
      vertex 4.480160149119636 -0.08429196997977673 14.549999999999999
      vertex 4.472392668294404 -0.07381873448594982 14.549999999999999
    endloop
  endfacet
  facet normal -0.524247209490119 -0.4751499741875316 0.7066805256772054
    outer loop
      vertex 4.135363393401455 -0.4475068183172942 14.049999999999999
      vertex 4.488916783994729 -0.09395342772402042 14.549999999999999
      vertex 4.480160149119636 -0.08429196997977673 14.549999999999999
    endloop
  endfacet
  facet normal -0.3637445437516355 -0.6068711078305692 0.7066805256772059
    outer loop
      vertex 4.284537259080153 -0.5581416972874111 14.049999999999999
      vertex 4.520235627493152 -0.11718106511323365 14.549999999999999
      vertex 4.5090514772328 -0.11047754342434618 14.549999999999999
    endloop
  endfacet
  facet normal -0.3025092438138065 -0.6396020575606273 0.7066805256772051
    outer loop
      vertex 4.340681266856597 -0.5846958353430378 14.049999999999999
      vertex 4.532022983039142 -0.12275606908739446 14.549999999999999
      vertex 4.520235627493152 -0.11718106511323365 14.549999999999999
    endloop
  endfacet
  facet normal -0.2383606144896465 -0.6661732898343395 0.7066805256772053
    outer loop
      vertex 4.399157686566009 -0.6056190328770548 14.049999999999999
      vertex 4.54430002519324 -0.12714886501095032 14.549999999999999
      vertex 4.532022983039142 -0.12275606908739446 14.549999999999999
    endloop
  endfacet
  facet normal -0.17191644214679255 -0.6863289091595789 0.7066805256772052
    outer loop
      vertex 4.459403358320124 -0.620709788059426 14.049999999999999
      vertex 4.556948519328188 -0.13031714785781084 14.549999999999999
      vertex 4.54430002519324 -0.12714886501095032 14.549999999999999
    endloop
  endfacet
  facet normal -0.10381662048698678 -0.6998748059040627 0.7066805256772054
    outer loop
      vertex 4.520838083366314 -0.6298227686682997 14.049999999999999
      vertex 4.569846653531095 -0.13223040533220118 14.549999999999999
      vertex 4.556948519328188 -0.13031714785781084 14.549999999999999
    endloop
  endfacet
  facet normal -0.03471698801995125 -0.7066805256772054 0.7066805256772054
    outer loop
      vertex 4.58287021171875 -0.63287021171875 14.049999999999999
      vertex 4.58287021171875 -0.13287021171875002 14.549999999999999
      vertex 4.569846653531095 -0.13223040533220118 14.549999999999999
    endloop
  endfacet
  facet normal 0.03471698801995125 -0.7066805256772054 0.7066805256772054
    outer loop
      vertex 4.58287021171875 -0.63287021171875 14.049999999999999
      vertex 4.595893769906405 -0.13223040533220118 14.549999999999999
      vertex 4.58287021171875 -0.13287021171875002 14.549999999999999
    endloop
  endfacet
  facet normal 0.10381662048698533 -0.699874805904063 0.7066805256772055
    outer loop
      vertex 4.595893769906405 -0.13223040533220118 14.549999999999999
      vertex 4.6449023400711855 -0.6298227686682997 14.049999999999999
      vertex 4.608791904109312 -0.13031714785781084 14.549999999999999
    endloop
  endfacet
  facet normal 0 0 1
    outer loop
      vertex 4.488916783994729 -0.09395342772402042 14.549999999999999
      vertex 4.480160149119636 0.08429196997977673 14.549999999999999
      vertex 4.480160149119636 -0.08429196997977673 14.549999999999999
    endloop
  endfacet
  facet normal 0 0 1
    outer loop
      vertex 4.498578241738973 -0.1027100625991138 14.549999999999999
      vertex 4.5090514772328 -0.11047754342434618 14.549999999999999
      vertex 4.498578241738973 0.1027100625991138 14.549999999999999
    endloop
  endfacet
  facet normal 0 0 1
    outer loop
      vertex 4.498578241738973 -0.1027100625991138 14.549999999999999
      vertex 4.488916783994729 0.09395342772402042 14.549999999999999
      vertex 4.488916783994729 -0.09395342772402042 14.549999999999999
    endloop
  endfacet
  facet normal 0 0 1
    outer loop
      vertex 4.5090514772328 -0.11047754342434618 14.549999999999999
      vertex 4.520235627493152 -0.11718106511323365 14.549999999999999
      vertex 4.5090514772328 0.11047754342434618 14.549999999999999
    endloop
  endfacet
  facet normal 0 0 1
    outer loop
      vertex 4.520235627493152 -0.11718106511323365 14.549999999999999
      vertex 4.532022983039142 -0.12275606908739446 14.549999999999999
      vertex 4.520235627493152 0.11718106511323365 14.549999999999999
    endloop
  endfacet
  facet normal 0 0 1
    outer loop
      vertex 4.532022983039142 -0.12275606908739446 14.549999999999999
      vertex 4.54430002519324 -0.12714886501095032 14.549999999999999
      vertex 4.532022983039142 0.12275606908739446 14.549999999999999
    endloop
  endfacet
  facet normal 0 0 1
    outer loop
      vertex 4.54430002519324 -0.12714886501095032 14.549999999999999
      vertex 4.556948519328188 -0.13031714785781084 14.549999999999999
      vertex 4.54430002519324 0.12714886501095032 14.549999999999999
    endloop
  endfacet
  facet normal 0 0 1
    outer loop
      vertex 4.556948519328188 -0.13031714785781084 14.549999999999999
      vertex 4.569846653531095 -0.13223040533220118 14.549999999999999
      vertex 4.556948519328188 0.13031714785781084 14.549999999999999
    endloop
  endfacet
  facet normal 0 0 1
    outer loop
      vertex 4.569846653531095 -0.13223040533220118 14.549999999999999
      vertex 4.58287021171875 -0.13287021171875002 14.549999999999999
      vertex 4.569846653531095 0.13223040533220118 14.549999999999999
    endloop
  endfacet
  facet normal 0 0 1
    outer loop
      vertex 4.58287021171875 -0.13287021171875002 14.549999999999999
      vertex 4.595893769906405 -0.13223040533220118 14.549999999999999
      vertex 4.58287021171875 0.13287021171875002 14.549999999999999
    endloop
  endfacet
  facet normal 0 0 1
    outer loop
      vertex 4.595893769906405 -0.13223040533220118 14.549999999999999
      vertex 4.608791904109312 -0.13031714785781084 14.549999999999999
      vertex 4.595893769906405 0.13223040533220118 14.549999999999999
    endloop
  endfacet
  facet normal 0 0 1
    outer loop
      vertex 4.608791904109312 -0.13031714785781084 14.549999999999999
      vertex 4.62144039824426 -0.12714886501095032 14.549999999999999
      vertex 4.608791904109312 0.13031714785781084 14.549999999999999
    endloop
  endfacet
  facet normal -0.7066805256772057 -0.034716988019920146 0.7066805256772064
    outer loop
      vertex 4.450639806386548 -0.013023558187655148 14.549999999999999
      vertex 4.45 0 14.549999999999999
      vertex 3.9499999999999997 0 14.049999999999999
    endloop
  endfacet
  facet normal -0.7066805256772057 0.034716988019920146 0.7066805256772064
    outer loop
      vertex 3.9499999999999997 0 14.049999999999999
      vertex 4.45 0 14.549999999999999
      vertex 4.450639806386548 0.013023558187655148 14.549999999999999
    endloop
  endfacet
  facet normal -0.6998748059040636 0.10381662048698692 0.7066805256772046
    outer loop
      vertex 3.962160423659324 0.1234668533986262 14.049999999999999
      vertex 4.450639806386548 0.013023558187655148 14.549999999999999
      vertex 4.452553063860939 0.02592169239056208 14.549999999999999
    endloop
  endfacet
  facet normal -0.6863289091595689 0.17191644214682694 0.7066805256772066
    outer loop
      vertex 3.977251178841695 0.18371252515274059 14.049999999999999
      vertex 4.452553063860939 0.02592169239056208 14.549999999999999
      vertex 4.4557213467078 0.03857018652550943 14.549999999999999
    endloop
  endfacet
  facet normal -0.6661732898343433 0.23836061448963686 0.706680525677205
    outer loop
      vertex 3.998174376375712 0.2421889448621523 14.049999999999999
      vertex 4.4557213467078 0.03857018652550943 14.549999999999999
      vertex 4.4601141426313555 0.050847228679607434 14.549999999999999
    endloop
  endfacet
  facet normal -0.6396020575606327 0.3025092438137951 0.7066805256772052
    outer loop
      vertex 4.024728514431339 0.298332952638597 14.049999999999999
      vertex 4.4601141426313555 0.050847228679607434 14.549999999999999
      vertex 4.465689146605516 0.06263458422559819 14.549999999999999
    endloop
  endfacet
  facet normal -0.6068711078305655 0.3637445437516418 0.7066805256772061
    outer loop
      vertex 4.0566578621431315 0.3516038509957509 14.049999999999999
      vertex 4.465689146605516 0.06263458422559819 14.549999999999999
      vertex 4.472392668294404 0.07381873448594982 14.549999999999999
    endloop
  endfacet
  facet normal -0.5682956575826011 0.42147678489016116 0.7066805256772057
    outer loop
      vertex 4.093654922438268 0.40148861206159947 14.049999999999999
      vertex 4.472392668294404 0.07381873448594982 14.549999999999999
      vertex 4.480160149119636 0.08429196997977673 14.549999999999999
    endloop
  endfacet
  facet normal -0.524247209490119 0.4751499741875316 0.7066805256772054
    outer loop
      vertex 4.135363393401455 0.4475068183172942 14.049999999999999
      vertex 4.480160149119636 0.08429196997977673 14.549999999999999
      vertex 4.488916783994729 0.09395342772402042 14.549999999999999
    endloop
  endfacet
  facet normal -0.4751499741875439 0.5242472094901091 0.7066805256772044
    outer loop
      vertex 4.181381599657151 0.4892152892804823 14.049999999999999
      vertex 4.488916783994729 0.09395342772402042 14.549999999999999
      vertex 4.498578241738973 0.1027100625991138 14.549999999999999
    endloop
  endfacet
  facet normal -0.4214767848901508 0.5682956575826082 0.7066805256772064
    outer loop
      vertex 4.231266360722999 0.5262123495756188 14.049999999999999
      vertex 4.498578241738973 0.1027100625991138 14.549999999999999
      vertex 4.5090514772328 0.11047754342434618 14.549999999999999
    endloop
  endfacet
  facet normal 0 0 1
    outer loop
      vertex 4.452553063860939 -0.02592169239056208 14.549999999999999
      vertex 4.4557213467078 -0.03857018652550943 14.549999999999999
      vertex 4.452553063860939 0.02592169239056208 14.549999999999999
    endloop
  endfacet
  facet normal 0 0 1
    outer loop
      vertex 4.452553063860939 -0.02592169239056208 14.549999999999999
      vertex 4.450639806386548 0.013023558187655148 14.549999999999999
      vertex 4.450639806386548 -0.013023558187655148 14.549999999999999
    endloop
  endfacet
  facet normal 0 0 1
    outer loop
      vertex 4.450639806386548 -0.013023558187655148 14.549999999999999
      vertex 4.450639806386548 0.013023558187655148 14.549999999999999
      vertex 4.45 0 14.549999999999999
    endloop
  endfacet
  facet normal 0 0 1
    outer loop
      vertex 4.452553063860939 -0.02592169239056208 14.549999999999999
      vertex 4.452553063860939 0.02592169239056208 14.549999999999999
      vertex 4.450639806386548 0.013023558187655148 14.549999999999999
    endloop
  endfacet
  facet normal 0 0 1
    outer loop
      vertex 4.4557213467078 -0.03857018652550943 14.549999999999999
      vertex 4.4557213467078 0.03857018652550943 14.549999999999999
      vertex 4.452553063860939 0.02592169239056208 14.549999999999999
    endloop
  endfacet
  facet normal 0 0 1
    outer loop
      vertex 4.465689146605516 -0.06263458422559819 14.549999999999999
      vertex 4.4601141426313555 0.050847228679607434 14.549999999999999
      vertex 4.4601141426313555 -0.050847228679607434 14.549999999999999
    endloop
  endfacet
  facet normal 0 0 1
    outer loop
      vertex 4.4601141426313555 -0.050847228679607434 14.549999999999999
      vertex 4.4557213467078 0.03857018652550943 14.549999999999999
      vertex 4.4557213467078 -0.03857018652550943 14.549999999999999
    endloop
  endfacet
  facet normal 0 0 1
    outer loop
      vertex 4.472392668294404 -0.07381873448594982 14.549999999999999
      vertex 4.465689146605516 0.06263458422559819 14.549999999999999
      vertex 4.465689146605516 -0.06263458422559819 14.549999999999999
    endloop
  endfacet
  facet normal 0 0 1
    outer loop
      vertex 4.472392668294404 -0.07381873448594982 14.549999999999999
      vertex 4.480160149119636 -0.08429196997977673 14.549999999999999
      vertex 4.472392668294404 0.07381873448594982 14.549999999999999
    endloop
  endfacet
  facet normal 0 0 1
    outer loop
      vertex 4.4601141426313555 -0.050847228679607434 14.549999999999999
      vertex 4.4601141426313555 0.050847228679607434 14.549999999999999
      vertex 4.4557213467078 0.03857018652550943 14.549999999999999
    endloop
  endfacet
  facet normal 0 0 1
    outer loop
      vertex 4.465689146605516 -0.06263458422559819 14.549999999999999
      vertex 4.465689146605516 0.06263458422559819 14.549999999999999
      vertex 4.4601141426313555 0.050847228679607434 14.549999999999999
    endloop
  endfacet
  facet normal 0 0 1
    outer loop
      vertex 4.472392668294404 -0.07381873448594982 14.549999999999999
      vertex 4.472392668294404 0.07381873448594982 14.549999999999999
      vertex 4.465689146605516 0.06263458422559819 14.549999999999999
    endloop
  endfacet
  facet normal 0 0 1
    outer loop
      vertex 4.480160149119636 -0.08429196997977673 14.549999999999999
      vertex 4.480160149119636 0.08429196997977673 14.549999999999999
      vertex 4.472392668294404 0.07381873448594982 14.549999999999999
    endloop
  endfacet
  facet normal 0 0 1
    outer loop
      vertex 4.488916783994729 -0.09395342772402042 14.549999999999999
      vertex 4.488916783994729 0.09395342772402042 14.549999999999999
      vertex 4.480160149119636 0.08429196997977673 14.549999999999999
    endloop
  endfacet
  facet normal 0 0 1
    outer loop
      vertex 4.498578241738973 -0.1027100625991138 14.549999999999999
      vertex 4.498578241738973 0.1027100625991138 14.549999999999999
      vertex 4.488916783994729 0.09395342772402042 14.549999999999999
    endloop
  endfacet
  facet normal 0 0 1
    outer loop
      vertex 4.5090514772328 -0.11047754342434618 14.549999999999999
      vertex 4.5090514772328 0.11047754342434618 14.549999999999999
      vertex 4.498578241738973 0.1027100625991138 14.549999999999999
    endloop
  endfacet
  facet normal 0 0 1
    outer loop
      vertex 4.520235627493152 -0.11718106511323365 14.549999999999999
      vertex 4.520235627493152 0.11718106511323365 14.549999999999999
      vertex 4.5090514772328 0.11047754342434618 14.549999999999999
    endloop
  endfacet
  facet normal 0 0 1
    outer loop
      vertex 4.532022983039142 -0.12275606908739446 14.549999999999999
      vertex 4.532022983039142 0.12275606908739446 14.549999999999999
      vertex 4.520235627493152 0.11718106511323365 14.549999999999999
    endloop
  endfacet
  facet normal 0 0 1
    outer loop
      vertex 4.54430002519324 -0.12714886501095032 14.549999999999999
      vertex 4.54430002519324 0.12714886501095032 14.549999999999999
      vertex 4.532022983039142 0.12275606908739446 14.549999999999999
    endloop
  endfacet
  facet normal 0 0 1
    outer loop
      vertex 4.556948519328188 -0.13031714785781084 14.549999999999999
      vertex 4.556948519328188 0.13031714785781084 14.549999999999999
      vertex 4.54430002519324 0.12714886501095032 14.549999999999999
    endloop
  endfacet
  facet normal 0 0 1
    outer loop
      vertex 4.569846653531095 -0.13223040533220118 14.549999999999999
      vertex 4.569846653531095 0.13223040533220118 14.549999999999999
      vertex 4.556948519328188 0.13031714785781084 14.549999999999999
    endloop
  endfacet
  facet normal 0 0 1
    outer loop
      vertex 4.58287021171875 -0.13287021171875002 14.549999999999999
      vertex 4.58287021171875 0.13287021171875002 14.549999999999999
      vertex 4.569846653531095 0.13223040533220118 14.549999999999999
    endloop
  endfacet
  facet normal 0 0 1
    outer loop
      vertex 4.595893769906405 -0.13223040533220118 14.549999999999999
      vertex 4.595893769906405 0.13223040533220118 14.549999999999999
      vertex 4.58287021171875 0.13287021171875002 14.549999999999999
    endloop
  endfacet
  facet normal 0 0 1
    outer loop
      vertex 4.608791904109312 -0.13031714785781084 14.549999999999999
      vertex 4.608791904109312 0.13031714785781084 14.549999999999999
      vertex 4.595893769906405 0.13223040533220118 14.549999999999999
    endloop
  endfacet
  facet normal 0 0 1
    outer loop
      vertex 4.62144039824426 -0.12714886501095032 14.549999999999999
      vertex 4.62144039824426 0.12714886501095032 14.549999999999999
      vertex 4.608791904109312 0.13031714785781084 14.549999999999999
    endloop
  endfacet
  facet normal -0.3637445437516346 0.6068711078305702 0.7066805256772053
    outer loop
      vertex 4.5090514772328 0.11047754342434618 14.549999999999999
      vertex 4.520235627493152 0.11718106511323365 14.549999999999999
      vertex 4.284537259080153 0.5581416972874111 14.049999999999999
    endloop
  endfacet
  facet normal -0.3025092438138085 0.6396020575606267 0.7066805256772049
    outer loop
      vertex 4.520235627493152 0.11718106511323365 14.549999999999999
      vertex 4.532022983039142 0.12275606908739446 14.549999999999999
      vertex 4.340681266856597 0.5846958353430378 14.049999999999999
    endloop
  endfacet
  facet normal -0.23836061448964443 0.6661732898343402 0.7066805256772053
    outer loop
      vertex 4.532022983039142 0.12275606908739446 14.549999999999999
      vertex 4.54430002519324 0.12714886501095032 14.549999999999999
      vertex 4.399157686566009 0.6056190328770548 14.049999999999999
    endloop
  endfacet
  facet normal -0.17191644214679394 0.6863289091595783 0.7066805256772053
    outer loop
      vertex 4.54430002519324 0.12714886501095032 14.549999999999999
      vertex 4.556948519328188 0.13031714785781084 14.549999999999999
      vertex 4.459403358320124 0.620709788059426 14.049999999999999
    endloop
  endfacet
  facet normal -0.10381662048698533 0.699874805904063 0.7066805256772055
    outer loop
      vertex 4.556948519328188 0.13031714785781084 14.549999999999999
      vertex 4.569846653531095 0.13223040533220118 14.549999999999999
      vertex 4.520838083366314 0.6298227686682997 14.049999999999999
    endloop
  endfacet
  facet normal -0.03471698801995276 0.7066805256772053 0.7066805256772053
    outer loop
      vertex 4.569846653531095 0.13223040533220118 14.549999999999999
      vertex 4.58287021171875 0.13287021171875002 14.549999999999999
      vertex 4.58287021171875 0.63287021171875 14.049999999999999
    endloop
  endfacet
  facet normal 0.03471698801995276 0.7066805256772053 0.7066805256772053
    outer loop
      vertex 4.58287021171875 0.13287021171875002 14.549999999999999
      vertex 4.595893769906405 0.13223040533220118 14.549999999999999
      vertex 4.58287021171875 0.63287021171875 14.049999999999999
    endloop
  endfacet
  facet normal 0.10381662048698533 0.699874805904063 0.7066805256772055
    outer loop
      vertex 4.595893769906405 0.13223040533220118 14.549999999999999
      vertex 4.608791904109312 0.13031714785781084 14.549999999999999
      vertex 4.6449023400711855 0.6298227686682997 14.049999999999999
    endloop
  endfacet
  facet normal -0.4751499741875421 0.5242472094901095 0.7066805256772053
    outer loop
      vertex 4.135363393401455 0.4475068183172942 14.049999999999999
      vertex 4.488916783994729 0.09395342772402042 14.549999999999999
      vertex 4.181381599657151 0.4892152892804823 14.049999999999999
    endloop
  endfacet
  facet normal -0.4214767848901636 0.5682956575825999 0.7066805256772052
    outer loop
      vertex 4.181381599657151 0.4892152892804823 14.049999999999999
      vertex 4.498578241738973 0.1027100625991138 14.549999999999999
      vertex 4.231266360722999 0.5262123495756188 14.049999999999999
    endloop
  endfacet
  facet normal -0.3637445437516358 0.6068711078305696 0.7066805256772054
    outer loop
      vertex 4.231266360722999 0.5262123495756188 14.049999999999999
      vertex 4.5090514772328 0.11047754342434618 14.549999999999999
      vertex 4.284537259080153 0.5581416972874111 14.049999999999999
    endloop
  endfacet
  facet normal -0.3025092438137946 0.6396020575606326 0.7066805256772053
    outer loop
      vertex 4.520235627493152 0.11718106511323365 14.549999999999999
      vertex 4.340681266856597 0.5846958353430378 14.049999999999999
      vertex 4.284537259080153 0.5581416972874111 14.049999999999999
    endloop
  endfacet
  facet normal -0.2383606144896453 0.66617328983434 0.7066805256772052
    outer loop
      vertex 4.532022983039142 0.12275606908739446 14.549999999999999
      vertex 4.399157686566009 0.6056190328770548 14.049999999999999
      vertex 4.340681266856597 0.5846958353430378 14.049999999999999
    endloop
  endfacet
  facet normal -0.1719164421467958 0.686328909159578 0.7066805256772053
    outer loop
      vertex 4.54430002519324 0.12714886501095032 14.549999999999999
      vertex 4.459403358320124 0.620709788059426 14.049999999999999
      vertex 4.399157686566009 0.6056190328770548 14.049999999999999
    endloop
  endfacet
  facet normal -0.10381662048699022 0.6998748059040625 0.7066805256772054
    outer loop
      vertex 4.556948519328188 0.13031714785781084 14.549999999999999
      vertex 4.520838083366314 0.6298227686682997 14.049999999999999
      vertex 4.459403358320124 0.620709788059426 14.049999999999999
    endloop
  endfacet
  facet normal -0.03471698801995144 0.7066805256772053 0.7066805256772053
    outer loop
      vertex 4.569846653531095 0.13223040533220118 14.549999999999999
      vertex 4.58287021171875 0.63287021171875 14.049999999999999
      vertex 4.520838083366314 0.6298227686682997 14.049999999999999
    endloop
  endfacet
  facet normal 0.03471698801995144 0.7066805256772053 0.7066805256772053
    outer loop
      vertex 4.595893769906405 0.13223040533220118 14.549999999999999
      vertex 4.6449023400711855 0.6298227686682997 14.049999999999999
      vertex 4.58287021171875 0.63287021171875 14.049999999999999
    endloop
  endfacet
  facet normal 0.17191644214679394 -0.6863289091595783 0.7066805256772053
    outer loop
      vertex 4.608791904109312 -0.13031714785781084 14.549999999999999
      vertex 4.706337065117376 -0.620709788059426 14.049999999999999
      vertex 4.62144039824426 -0.12714886501095032 14.549999999999999
    endloop
  endfacet
  facet normal 0.2383606144896445 -0.6661732898343403 0.7066805256772053
    outer loop
      vertex 4.62144039824426 -0.12714886501095032 14.549999999999999
      vertex 4.766582736871491 -0.6056190328770548 14.049999999999999
      vertex 4.633717440398358 -0.12275606908739446 14.549999999999999
    endloop
  endfacet
  facet normal 0.3025092438138065 -0.6396020575606273 0.7066805256772051
    outer loop
      vertex 4.8250591565809025 -0.5846958353430378 14.049999999999999
      vertex 4.645504795944348 -0.11718106511323365 14.549999999999999
      vertex 4.633717440398358 -0.12275606908739446 14.549999999999999
    endloop
  endfacet
  facet normal 0.3637445437516355 -0.6068711078305692 0.7066805256772059
    outer loop
      vertex 4.881203164357347 -0.5581416972874111 14.049999999999999
      vertex 4.656688946204699 -0.11047754342434618 14.549999999999999
      vertex 4.645504795944348 -0.11718106511323365 14.549999999999999
    endloop
  endfacet
  facet normal 0.4214767848901508 -0.5682956575826082 0.7066805256772064
    outer loop
      vertex 4.934474062714501 -0.5262123495756188 14.049999999999999
      vertex 4.667162181698527 -0.1027100625991138 14.549999999999999
      vertex 4.656688946204699 -0.11047754342434618 14.549999999999999
    endloop
  endfacet
  facet normal 0.4751499741875439 -0.5242472094901091 0.7066805256772044
    outer loop
      vertex 4.984358823780349 -0.4892152892804823 14.049999999999999
      vertex 4.6768236394427705 -0.09395342772402042 14.549999999999999
      vertex 4.667162181698527 -0.1027100625991138 14.549999999999999
    endloop
  endfacet
  facet normal 0 0 1
    outer loop
      vertex 4.62144039824426 -0.12714886501095032 14.549999999999999
      vertex 4.633717440398358 -0.12275606908739446 14.549999999999999
      vertex 4.62144039824426 0.12714886501095032 14.549999999999999
    endloop
  endfacet
  facet normal 0 0 1
    outer loop
      vertex 4.633717440398358 -0.12275606908739446 14.549999999999999
      vertex 4.645504795944348 -0.11718106511323365 14.549999999999999
      vertex 4.633717440398358 0.12275606908739446 14.549999999999999
    endloop
  endfacet
  facet normal 0 0 1
    outer loop
      vertex 4.645504795944348 -0.11718106511323365 14.549999999999999
      vertex 4.656688946204699 -0.11047754342434618 14.549999999999999
      vertex 4.645504795944348 0.11718106511323365 14.549999999999999
    endloop
  endfacet
  facet normal 0 0 1
    outer loop
      vertex 4.656688946204699 -0.11047754342434618 14.549999999999999
      vertex 4.667162181698527 -0.1027100625991138 14.549999999999999
      vertex 4.656688946204699 0.11047754342434618 14.549999999999999
    endloop
  endfacet
  facet normal 0 0 1
    outer loop
      vertex 4.667162181698527 -0.1027100625991138 14.549999999999999
      vertex 4.6768236394427705 -0.09395342772402042 14.549999999999999
      vertex 4.667162181698527 0.1027100625991138 14.549999999999999
    endloop
  endfacet
  facet normal 0.5242472094901189 -0.47514997418753224 0.706680525677205
    outer loop
      vertex 4.6768236394427705 -0.09395342772402042 14.549999999999999
      vertex 5.030377030036044 -0.4475068183172942 14.049999999999999
      vertex 4.685580274317863 -0.08429196997977673 14.549999999999999
    endloop
  endfacet
  facet normal 0.4214767848901636 -0.5682956575825999 0.7066805256772053
    outer loop
      vertex 4.934474062714501 -0.5262123495756188 14.049999999999999
      vertex 4.984358823780349 -0.4892152892804823 14.049999999999999
      vertex 4.667162181698527 -0.1027100625991138 14.549999999999999
    endloop
  endfacet
  facet normal 0.4751499741875421 -0.5242472094901095 0.7066805256772053
    outer loop
      vertex 4.984358823780349 -0.4892152892804823 14.049999999999999
      vertex 5.030377030036044 -0.4475068183172942 14.049999999999999
      vertex 4.6768236394427705 -0.09395342772402042 14.549999999999999
    endloop
  endfacet
  facet normal 0.5242472094901105 -0.4751499741875411 0.7066805256772053
    outer loop
      vertex 4.685580274317863 -0.08429196997977673 14.549999999999999
      vertex 5.030377030036044 -0.4475068183172942 14.049999999999999
      vertex 5.072085500999232 -0.40148861206159947 14.049999999999999
    endloop
  endfacet
  facet normal 0.568295657582602 -0.42147678489016066 0.7066805256772053
    outer loop
      vertex 4.693347755143096 -0.07381873448594982 14.549999999999999
      vertex 5.072085500999232 -0.40148861206159947 14.049999999999999
      vertex 5.109082561294368 -0.3516038509957509 14.049999999999999
    endloop
  endfacet
  facet normal 0.6068711078305673 -0.36374454375164 0.7066805256772052
    outer loop
      vertex 4.700051276831983 -0.06263458422559819 14.549999999999999
      vertex 5.109082561294368 -0.3516038509957509 14.049999999999999
      vertex 5.141011909006161 -0.298332952638597 14.049999999999999
    endloop
  endfacet
  facet normal 0.6396020575606308 -0.30250924381379835 0.7066805256772055
    outer loop
      vertex 4.705626280806144 -0.050847228679607434 14.549999999999999
      vertex 5.141011909006161 -0.298332952638597 14.049999999999999
      vertex 5.167566047061788 -0.2421889448621523 14.049999999999999
    endloop
  endfacet
  facet normal 0.5682956575826017 -0.421476784890161 0.7066805256772053
    outer loop
      vertex 4.685580274317863 -0.08429196997977673 14.549999999999999
      vertex 5.072085500999232 -0.40148861206159947 14.049999999999999
      vertex 4.693347755143096 -0.07381873448594982 14.549999999999999
    endloop
  endfacet
  facet normal 0.606871107830566 -0.36374454375164206 0.7066805256772053
    outer loop
      vertex 4.693347755143096 -0.07381873448594982 14.549999999999999
      vertex 5.109082561294368 -0.3516038509957509 14.049999999999999
      vertex 4.700051276831983 -0.06263458422559819 14.549999999999999
    endloop
  endfacet
  facet normal 0.6396020575606324 -0.302509243813795 0.7066805256772053
    outer loop
      vertex 4.700051276831983 -0.06263458422559819 14.549999999999999
      vertex 5.141011909006161 -0.298332952638597 14.049999999999999
      vertex 4.705626280806144 -0.050847228679607434 14.549999999999999
    endloop
  endfacet
  facet normal 0.6661732898343428 -0.23836061448963702 0.7066805256772055
    outer loop
      vertex 4.705626280806144 -0.050847228679607434 14.549999999999999
      vertex 5.167566047061788 -0.2421889448621523 14.049999999999999
      vertex 4.7100190767297 -0.03857018652550943 14.549999999999999
    endloop
  endfacet
  facet normal 0.6863289091595691 -0.17191644214682691 0.7066805256772063
    outer loop
      vertex 4.7100190767297 -0.03857018652550943 14.549999999999999
      vertex 5.188489244595805 -0.18371252515274059 14.049999999999999
      vertex 4.713187359576561 -0.02592169239056208 14.549999999999999
    endloop
  endfacet
  facet normal 0.6998748059040628 -0.10381662048698682 0.7066805256772052
    outer loop
      vertex 4.713187359576561 -0.02592169239056208 14.549999999999999
      vertex 5.203579999778176 -0.1234668533986262 14.049999999999999
      vertex 4.715100617050951 -0.013023558187655148 14.549999999999999
    endloop
  endfacet
  facet normal 0 0 1
    outer loop
      vertex 4.633717440398358 -0.12275606908739446 14.549999999999999
      vertex 4.633717440398358 0.12275606908739446 14.549999999999999
      vertex 4.62144039824426 0.12714886501095032 14.549999999999999
    endloop
  endfacet
  facet normal 0 0 1
    outer loop
      vertex 4.645504795944348 -0.11718106511323365 14.549999999999999
      vertex 4.645504795944348 0.11718106511323365 14.549999999999999
      vertex 4.633717440398358 0.12275606908739446 14.549999999999999
    endloop
  endfacet
  facet normal 0 0 1
    outer loop
      vertex 4.656688946204699 -0.11047754342434618 14.549999999999999
      vertex 4.656688946204699 0.11047754342434618 14.549999999999999
      vertex 4.645504795944348 0.11718106511323365 14.549999999999999
    endloop
  endfacet
  facet normal 0 0 1
    outer loop
      vertex 4.667162181698527 -0.1027100625991138 14.549999999999999
      vertex 4.667162181698527 0.1027100625991138 14.549999999999999
      vertex 4.656688946204699 0.11047754342434618 14.549999999999999
    endloop
  endfacet
  facet normal 0 0 1
    outer loop
      vertex 4.6768236394427705 -0.09395342772402042 14.549999999999999
      vertex 4.685580274317863 -0.08429196997977673 14.549999999999999
      vertex 4.6768236394427705 0.09395342772402042 14.549999999999999
    endloop
  endfacet
  facet normal 0 0 1
    outer loop
      vertex 4.685580274317863 -0.08429196997977673 14.549999999999999
      vertex 4.693347755143096 -0.07381873448594982 14.549999999999999
      vertex 4.685580274317863 0.08429196997977673 14.549999999999999
    endloop
  endfacet
  facet normal 0 0 1
    outer loop
      vertex 4.693347755143096 -0.07381873448594982 14.549999999999999
      vertex 4.700051276831983 -0.06263458422559819 14.549999999999999
      vertex 4.693347755143096 0.07381873448594982 14.549999999999999
    endloop
  endfacet
  facet normal 0 0 1
    outer loop
      vertex 4.700051276831983 -0.06263458422559819 14.549999999999999
      vertex 4.705626280806144 -0.050847228679607434 14.549999999999999
      vertex 4.700051276831983 0.06263458422559819 14.549999999999999
    endloop
  endfacet
  facet normal 0 0 1
    outer loop
      vertex 4.705626280806144 -0.050847228679607434 14.549999999999999
      vertex 4.7100190767297 -0.03857018652550943 14.549999999999999
      vertex 4.705626280806144 0.050847228679607434 14.549999999999999
    endloop
  endfacet
  facet normal 0 0 1
    outer loop
      vertex 4.7100190767297 -0.03857018652550943 14.549999999999999
      vertex 4.713187359576561 -0.02592169239056208 14.549999999999999
      vertex 4.7100190767297 0.03857018652550943 14.549999999999999
    endloop
  endfacet
  facet normal 0 0 1
    outer loop
      vertex 4.713187359576561 -0.02592169239056208 14.549999999999999
      vertex 4.715100617050951 -0.013023558187655148 14.549999999999999
      vertex 4.713187359576561 0.02592169239056208 14.549999999999999
    endloop
  endfacet
  facet normal 0 0 1
    outer loop
      vertex 4.715100617050951 -0.013023558187655148 14.549999999999999
      vertex 4.7157404234374996 0 14.549999999999999
      vertex 4.715100617050951 0.013023558187655148 14.549999999999999
    endloop
  endfacet
  facet normal 0 0 1
    outer loop
      vertex 4.715100617050951 -0.013023558187655148 14.549999999999999
      vertex 4.715100617050951 0.013023558187655148 14.549999999999999
      vertex 4.713187359576561 0.02592169239056208 14.549999999999999
    endloop
  endfacet
  facet normal 0 0 1
    outer loop
      vertex 4.713187359576561 -0.02592169239056208 14.549999999999999
      vertex 4.713187359576561 0.02592169239056208 14.549999999999999
      vertex 4.7100190767297 0.03857018652550943 14.549999999999999
    endloop
  endfacet
  facet normal 0 0 1
    outer loop
      vertex 4.6768236394427705 -0.09395342772402042 14.549999999999999
      vertex 4.6768236394427705 0.09395342772402042 14.549999999999999
      vertex 4.667162181698527 0.1027100625991138 14.549999999999999
    endloop
  endfacet
  facet normal 0 0 1
    outer loop
      vertex 4.685580274317863 -0.08429196997977673 14.549999999999999
      vertex 4.685580274317863 0.08429196997977673 14.549999999999999
      vertex 4.6768236394427705 0.09395342772402042 14.549999999999999
    endloop
  endfacet
  facet normal 0 0 1
    outer loop
      vertex 4.693347755143096 -0.07381873448594982 14.549999999999999
      vertex 4.693347755143096 0.07381873448594982 14.549999999999999
      vertex 4.685580274317863 0.08429196997977673 14.549999999999999
    endloop
  endfacet
  facet normal 0 0 1
    outer loop
      vertex 4.705626280806144 -0.050847228679607434 14.549999999999999
      vertex 4.705626280806144 0.050847228679607434 14.549999999999999
      vertex 4.700051276831983 0.06263458422559819 14.549999999999999
    endloop
  endfacet
  facet normal 0 0 1
    outer loop
      vertex 4.7100190767297 -0.03857018652550943 14.549999999999999
      vertex 4.7100190767297 0.03857018652550943 14.549999999999999
      vertex 4.705626280806144 0.050847228679607434 14.549999999999999
    endloop
  endfacet
  facet normal 0 0 1
    outer loop
      vertex 4.700051276831983 -0.06263458422559819 14.549999999999999
      vertex 4.700051276831983 0.06263458422559819 14.549999999999999
      vertex 4.693347755143096 0.07381873448594982 14.549999999999999
    endloop
  endfacet
  facet normal 0.17191644214679394 0.6863289091595783 0.7066805256772053
    outer loop
      vertex 4.608791904109312 0.13031714785781084 14.549999999999999
      vertex 4.62144039824426 0.12714886501095032 14.549999999999999
      vertex 4.706337065117376 0.620709788059426 14.049999999999999
    endloop
  endfacet
  facet normal 0.3025092438138085 0.6396020575606267 0.7066805256772049
    outer loop
      vertex 4.645504795944348 0.11718106511323365 14.549999999999999
      vertex 4.8250591565809025 0.5846958353430378 14.049999999999999
      vertex 4.633717440398358 0.12275606908739446 14.549999999999999
    endloop
  endfacet
  facet normal 0.2383606144896445 0.6661732898343403 0.7066805256772053
    outer loop
      vertex 4.62144039824426 0.12714886501095032 14.549999999999999
      vertex 4.633717440398358 0.12275606908739446 14.549999999999999
      vertex 4.766582736871491 0.6056190328770548 14.049999999999999
    endloop
  endfacet
  facet normal 0.47514997418754384 0.5242472094901082 0.7066805256772053
    outer loop
      vertex 4.6768236394427705 0.09395342772402042 14.549999999999999
      vertex 4.984358823780349 0.4892152892804823 14.049999999999999
      vertex 4.667162181698527 0.1027100625991138 14.549999999999999
    endloop
  endfacet
  facet normal 0.5242472094901189 0.47514997418753224 0.706680525677205
    outer loop
      vertex 4.6768236394427705 0.09395342772402042 14.549999999999999
      vertex 4.685580274317863 0.08429196997977673 14.549999999999999
      vertex 5.030377030036044 0.4475068183172942 14.049999999999999
    endloop
  endfacet
  facet normal 0.3637445437516346 0.6068711078305702 0.7066805256772053
    outer loop
      vertex 4.645504795944348 0.11718106511323365 14.549999999999999
      vertex 4.656688946204699 0.11047754342434618 14.549999999999999
      vertex 4.881203164357347 0.5581416972874111 14.049999999999999
    endloop
  endfacet
  facet normal 0.421476784890151 0.5682956575826086 0.7066805256772059
    outer loop
      vertex 4.656688946204699 0.11047754342434618 14.549999999999999
      vertex 4.667162181698527 0.1027100625991138 14.549999999999999
      vertex 4.934474062714501 0.5262123495756188 14.049999999999999
    endloop
  endfacet
  facet normal 0.7066805256772061 -0.03471698801992017 0.7066805256772061
    outer loop
      vertex 4.715100617050951 -0.013023558187655148 14.549999999999999
      vertex 5.2157404234374996 0 14.049999999999999
      vertex 4.7157404234374996 0 14.549999999999999
    endloop
  endfacet
  facet normal 0.7066805256772061 0.03471698801992017 0.7066805256772061
    outer loop
      vertex 4.7157404234374996 0 14.549999999999999
      vertex 5.2157404234374996 0 14.049999999999999
      vertex 4.715100617050951 0.013023558187655148 14.549999999999999
    endloop
  endfacet
  facet normal 0.6998748059040628 0.10381662048698682 0.7066805256772052
    outer loop
      vertex 4.715100617050951 0.013023558187655148 14.549999999999999
      vertex 5.203579999778176 0.1234668533986262 14.049999999999999
      vertex 4.713187359576561 0.02592169239056208 14.549999999999999
    endloop
  endfacet
  facet normal 0.6661732898343428 0.23836061448963702 0.7066805256772055
    outer loop
      vertex 4.7100190767297 0.03857018652550943 14.549999999999999
      vertex 5.167566047061788 0.2421889448621523 14.049999999999999
      vertex 4.705626280806144 0.050847228679607434 14.549999999999999
    endloop
  endfacet
  facet normal 0.6396020575606324 0.302509243813795 0.7066805256772053
    outer loop
      vertex 4.705626280806144 0.050847228679607434 14.549999999999999
      vertex 5.141011909006161 0.298332952638597 14.049999999999999
      vertex 4.700051276831983 0.06263458422559819 14.549999999999999
    endloop
  endfacet
  facet normal 0.6863289091595691 0.17191644214682691 0.7066805256772062
    outer loop
      vertex 4.713187359576561 0.02592169239056208 14.549999999999999
      vertex 5.188489244595805 0.18371252515274059 14.049999999999999
      vertex 4.7100190767297 0.03857018652550943 14.549999999999999
    endloop
  endfacet
  facet normal 0.6068711078305673 0.36374454375164 0.7066805256772052
    outer loop
      vertex 4.700051276831983 0.06263458422559819 14.549999999999999
      vertex 5.141011909006161 0.298332952638597 14.049999999999999
      vertex 5.109082561294368 0.3516038509957509 14.049999999999999
    endloop
  endfacet
  facet normal 0.6396020575606308 0.30250924381379835 0.7066805256772055
    outer loop
      vertex 4.705626280806144 0.050847228679607434 14.549999999999999
      vertex 5.167566047061788 0.2421889448621523 14.049999999999999
      vertex 5.141011909006161 0.298332952638597 14.049999999999999
    endloop
  endfacet
  facet normal 0.568295657582602 0.42147678489016066 0.7066805256772053
    outer loop
      vertex 4.693347755143096 0.07381873448594982 14.549999999999999
      vertex 5.109082561294368 0.3516038509957509 14.049999999999999
      vertex 5.072085500999232 0.40148861206159947 14.049999999999999
    endloop
  endfacet
  facet normal 0.5242472094901105 0.4751499741875411 0.7066805256772053
    outer loop
      vertex 4.685580274317863 0.08429196997977673 14.549999999999999
      vertex 5.072085500999232 0.40148861206159947 14.049999999999999
      vertex 5.030377030036044 0.4475068183172942 14.049999999999999
    endloop
  endfacet
  facet normal 0.606871107830566 0.36374454375164206 0.7066805256772053
    outer loop
      vertex 4.693347755143096 0.07381873448594982 14.549999999999999
      vertex 4.700051276831983 0.06263458422559819 14.549999999999999
      vertex 5.109082561294368 0.3516038509957509 14.049999999999999
    endloop
  endfacet
  facet normal 0.5682956575826017 0.421476784890161 0.7066805256772053
    outer loop
      vertex 4.693347755143096 0.07381873448594982 14.549999999999999
      vertex 5.072085500999232 0.40148861206159947 14.049999999999999
      vertex 4.685580274317863 0.08429196997977673 14.549999999999999
    endloop
  endfacet
  facet normal 0.6661732898343411 -0.23836061448964121 0.7066805256772055
    outer loop
      vertex 4.7100190767297 -0.03857018652550943 14.549999999999999
      vertex 5.167566047061788 -0.2421889448621523 14.049999999999999
      vertex 5.188489244595805 -0.18371252515274059 14.049999999999999
    endloop
  endfacet
  facet normal 0.6863289091595769 -0.1719164421468001 0.7066805256772053
    outer loop
      vertex 4.713187359576561 -0.02592169239056208 14.549999999999999
      vertex 5.188489244595805 -0.18371252515274059 14.049999999999999
      vertex 5.203579999778176 -0.1234668533986262 14.049999999999999
    endloop
  endfacet
  facet normal 0.6998748059040634 -0.1038166204869847 0.7066805256772052
    outer loop
      vertex 4.715100617050951 -0.013023558187655148 14.549999999999999
      vertex 5.203579999778176 -0.1234668533986262 14.049999999999999
      vertex 5.212692980387049 -0.06203212835243545 14.049999999999999
    endloop
  endfacet
  facet normal 0.7066805256772057 -0.034716988019949054 0.7066805256772051
    outer loop
      vertex 4.715100617050951 -0.013023558187655148 14.549999999999999
      vertex 5.212692980387049 -0.06203212835243545 14.049999999999999
      vertex 5.2157404234374996 0 14.049999999999999
    endloop
  endfacet
  facet normal 0.7066805256772057 0.034716988019949054 0.7066805256772051
    outer loop
      vertex 4.715100617050951 0.013023558187655148 14.549999999999999
      vertex 5.2157404234374996 0 14.049999999999999
      vertex 5.212692980387049 0.06203212835243545 14.049999999999999
    endloop
  endfacet
  facet normal 0.6998748059040634 0.1038166204869847 0.7066805256772052
    outer loop
      vertex 4.715100617050951 0.013023558187655148 14.549999999999999
      vertex 5.212692980387049 0.06203212835243545 14.049999999999999
      vertex 5.203579999778176 0.1234668533986262 14.049999999999999
    endloop
  endfacet
  facet normal 0.6863289091595769 0.1719164421468001 0.7066805256772053
    outer loop
      vertex 4.713187359576561 0.02592169239056208 14.549999999999999
      vertex 5.203579999778176 0.1234668533986262 14.049999999999999
      vertex 5.188489244595805 0.18371252515274059 14.049999999999999
    endloop
  endfacet
  facet normal 0.6661732898343411 0.23836061448964121 0.7066805256772055
    outer loop
      vertex 4.7100190767297 0.03857018652550943 14.549999999999999
      vertex 5.188489244595805 0.18371252515274059 14.049999999999999
      vertex 5.167566047061788 0.2421889448621523 14.049999999999999
    endloop
  endfacet
  facet normal 0.10381662048699022 0.6998748059040625 0.7066805256772054
    outer loop
      vertex 4.608791904109312 0.13031714785781084 14.549999999999999
      vertex 4.706337065117376 0.620709788059426 14.049999999999999
      vertex 4.6449023400711855 0.6298227686682997 14.049999999999999
    endloop
  endfacet
  facet normal 0.1719164421467958 0.686328909159578 0.7066805256772053
    outer loop
      vertex 4.62144039824426 0.12714886501095032 14.549999999999999
      vertex 4.766582736871491 0.6056190328770548 14.049999999999999
      vertex 4.706337065117376 0.620709788059426 14.049999999999999
    endloop
  endfacet
  facet normal 0.2383606144896453 0.66617328983434 0.7066805256772052
    outer loop
      vertex 4.633717440398358 0.12275606908739446 14.549999999999999
      vertex 4.8250591565809025 0.5846958353430378 14.049999999999999
      vertex 4.766582736871491 0.6056190328770548 14.049999999999999
    endloop
  endfacet
  facet normal 0.3025092438137946 0.6396020575606326 0.7066805256772053
    outer loop
      vertex 4.645504795944348 0.11718106511323365 14.549999999999999
      vertex 4.881203164357347 0.5581416972874111 14.049999999999999
      vertex 4.8250591565809025 0.5846958353430378 14.049999999999999
    endloop
  endfacet
  facet normal 0.42147678489016366 0.5682956575825999 0.7066805256772051
    outer loop
      vertex 4.667162181698527 0.1027100625991138 14.549999999999999
      vertex 4.984358823780349 0.4892152892804823 14.049999999999999
      vertex 4.934474062714501 0.5262123495756188 14.049999999999999
    endloop
  endfacet
  facet normal 0.3637445437516358 0.6068711078305696 0.7066805256772054
    outer loop
      vertex 4.656688946204699 0.11047754342434618 14.549999999999999
      vertex 4.934474062714501 0.5262123495756188 14.049999999999999
      vertex 4.881203164357347 0.5581416972874111 14.049999999999999
    endloop
  endfacet
  facet normal 0.4751499741875422 0.5242472094901096 0.7066805256772051
    outer loop
      vertex 4.6768236394427705 0.09395342772402042 14.549999999999999
      vertex 5.030377030036044 0.4475068183172942 14.049999999999999
      vertex 4.984358823780349 0.4892152892804823 14.049999999999999
    endloop
  endfacet
  facet normal 0 0 -1
    outer loop
      vertex -4.769092803406999 -3.9075792828508384 7
      vertex -4.359836864448671 -4.359836864448671 7
      vertex -4.7661818000383755 -3.9115043165250616 7
    endloop
  endfacet
  facet normal 0 0 -1
    outer loop
      vertex -5.126625799433709 -3.4255018437875524 7
      vertex -4.773427950396738 -3.713928140315063 7
      vertex -4.86609316864639 -3.776789430774317 7
    endloop
  endfacet
  facet normal 0 0 -1
    outer loop
      vertex -5.126625799433709 -3.4255018437875524 7
      vertex -4.675380368664809 -3.632305254036181 7
      vertex -4.773427950396738 -3.713928140315063 7
    endloop
  endfacet
  facet normal 0 0 -1
    outer loop
      vertex -3.4255018437875524 -5.126625799433709 7
      vertex -2.938019736491561 -3.8885296941541214 7
      vertex -2.906509915724582 -5.437697589881762 7
    endloop
  endfacet
  facet normal 0 0 -1
    outer loop
      vertex -4.769092803406999 -3.9075792828508384 7
      vertex -4.6829998535261455 -3.827321387201107 7
      vertex -4.359836864448671 -4.359836864448671 7
    endloop
  endfacet
  facet normal 0 0 -1
    outer loop
      vertex -3.9115043165250616 -4.7661818000383755 7
      vertex -4.359836864448671 -4.359836864448671 7
      vertex -3.9898300938557316 -3.5287441029079822 7
    endloop
  endfacet
  facet normal 0 0 -1
    outer loop
      vertex -4.6829998535261455 -3.827321387201107 7
      vertex -4.581605783960875 -3.7498948639357086 7
      vertex -4.359836864448671 -4.359836864448671 7
    endloop
  endfacet
  facet normal 0 0 -1
    outer loop
      vertex -4.359836864448671 -4.359836864448671 7
      vertex -4.581605783960875 -3.7498948639357086 7
      vertex -4.4731108281582435 -3.682779527287818 7
    endloop
  endfacet
  facet normal 0 0 -1
    outer loop
      vertex -4.359836864448671 -4.359836864448671 7
      vertex -4.4731108281582435 -3.682779527287818 7
      vertex -4.358559851852007 -3.62662173463833 7
    endloop
  endfacet
  facet normal 0 0 -1
    outer loop
      vertex -4.359836864448671 -4.359836864448671 7
      vertex -4.358559851852007 -3.62662173463833 7
      vertex -4.239056043563931 -3.5819623162294327 7
    endloop
  endfacet
  facet normal 0 0 -1
    outer loop
      vertex -4.359836864448671 -4.359836864448671 7
      vertex -4.239056043563931 -3.5819623162294327 7
      vertex -4.115750290295252 -3.549231366673724 7
    endloop
  endfacet
  facet normal 0 0 -1
    outer loop
      vertex -4.359836864448671 -4.359836864448671 7
      vertex -4.115750290295252 -3.549231366673724 7
      vertex -3.9898300938557316 -3.5287441029079822 7
    endloop
  endfacet
  facet normal 0 0 -1
    outer loop
      vertex -3.9115043165250616 -4.7661818000383755 7
      vertex -3.9898300938557316 -3.5287441029079822 7
      vertex -3.862508134572063 -3.5206978284817505 7
    endloop
  endfacet
  facet normal 0 0 -1
    outer loop
      vertex -3.9115043165250616 -4.7661818000383755 7
      vertex -3.484390110069127 -3.571377457240568 7
      vertex -3.4255018437875524 -5.126625799433709 7
    endloop
  endfacet
  facet normal 0 0 -1
    outer loop
      vertex -3.4255018437875524 -5.126625799433709 7
      vertex -3.484390110069127 -3.571377457240568 7
      vertex -3.363680781932528 -3.6126676733793266 7
    endloop
  endfacet
  facet normal 0 0 -1
    outer loop
      vertex -3.4255018437875524 -5.126625799433709 7
      vertex -3.363680781932528 -3.6126676733793266 7
      vertex -3.2475998511136326 -3.665590648996664 7
    endloop
  endfacet
  facet normal 0 0 -1
    outer loop
      vertex -3.4255018437875524 -5.126625799433709 7
      vertex -3.1372652404325176 -3.7296367069067444 7
      vertex -3.033739532505078 -3.804189048560759 7
    endloop
  endfacet
  facet normal 0 0 -1
    outer loop
      vertex -3.4255018437875524 -5.126625799433709 7
      vertex -3.033739532505078 -3.804189048560759 7
      vertex -2.938019736491561 -3.8885296941541214 7
    endloop
  endfacet
  facet normal 0 0 -1
    outer loop
      vertex -3.4255018437875524 -5.126625799433709 7
      vertex -3.2475998511136326 -3.665590648996664 7
      vertex -3.1372652404325176 -3.7296367069067444 7
    endloop
  endfacet
  facet normal 0 0 -1
    outer loop
      vertex -3.9115043165250616 -4.7661818000383755 7
      vertex -3.862508134572063 -3.5206978284817505 7
      vertex -3.7350105925134094 -3.5251700334162925 7
    endloop
  endfacet
  facet normal 0 0 -1
    outer loop
      vertex -3.9115043165250616 -4.7661818000383755 7
      vertex -3.7350105925134094 -3.5251700334162925 7
      vertex -3.6085653387070433 -3.5421176479333343 7
    endloop
  endfacet
  facet normal 0 0 -1
    outer loop
      vertex -3.9115043165250616 -4.7661818000383755 7
      vertex -3.6085653387070433 -3.5421176479333343 7
      vertex -3.484390110069127 -3.571377457240568 7
    endloop
  endfacet
  facet normal 0 0 -1
    outer loop
      vertex -5.69640137999138 -2.3595267083132443 7
      vertex -5.900245710841932 -1.7898199688523466 7
      vertex -5.754902581212555 -1.390654281605678 7
    endloop
  endfacet
  facet normal 0 0 -1
    outer loop
      vertex -5.437697589881762 -2.906509915724582 7
      vertex -5.69640137999138 -2.3595267083132443 7
      vertex -5.500458933997922 -1.376365032878186 7
    endloop
  endfacet
  facet normal 0 0 -1
    outer loop
      vertex -5.437697589881762 -2.906509915724582 7
      vertex -5.500458933997922 -1.376365032878186 7
      vertex -5.3734127276885175 -1.3879790464119601 7
    endloop
  endfacet
  facet normal 0 0 -1
    outer loop
      vertex -5.126625799433709 -3.4255018437875524 7
      vertex -5.437697589881762 -2.906509915724582 7
      vertex -5.2481166559820815 -1.4119898411283032 7
    endloop
  endfacet
  facet normal 0 0 -1
    outer loop
      vertex -4.675380368664809 -3.632305254036181 7
      vertex -4.688889617747061 -1.705879695001224 7
      vertex -4.585805354736551 -3.5414650606869444 7
    endloop
  endfacet
  facet normal 0 0 -1
    outer loop
      vertex -5.126625799433709 -3.4255018437875524 7
      vertex -4.7880722774464 -1.6256399052274482 7
      vertex -4.675380368664809 -3.632305254036181 7
    endloop
  endfacet
  facet normal 0 0 -1
    outer loop
      vertex -5.437697589881762 -2.906509915724582 7
      vertex -5.3734127276885175 -1.3879790464119601 7
      vertex -5.2481166559820815 -1.4119898411283032 7
    endloop
  endfacet
  facet normal 0 0 -1
    outer loop
      vertex -5.126625799433709 -3.4255018437875524 7
      vertex -5.2481166559820815 -1.4119898411283032 7
      vertex -5.125777388542948 -1.4481661799484615 7
    endloop
  endfacet
  facet normal 0 0 -1
    outer loop
      vertex -5.126625799433709 -3.4255018437875524 7
      vertex -5.125777388542948 -1.4481661799484615 7
      vertex -5.007573119394004 -1.4961596649535984 7
    endloop
  endfacet
  facet normal 0 0 -1
    outer loop
      vertex -5.126625799433709 -3.4255018437875524 7
      vertex -4.894642220264178 -1.5555080926472074 7
      vertex -4.7880722774464 -1.6256399052274482 7
    endloop
  endfacet
  facet normal 0 0 -1
    outer loop
      vertex -4.675380368664809 -3.632305254036181 7
      vertex -4.7880722774464 -1.6256399052274482 7
      vertex -4.688889617747061 -1.705879695001224 7
    endloop
  endfacet
  facet normal 0 0 -1
    outer loop
      vertex -5.126625799433709 -3.4255018437875524 7
      vertex -5.007573119394004 -1.4961596649535984 7
      vertex -4.894642220264178 -1.5555080926472074 7
    endloop
  endfacet
  facet normal 0 0 -1
    outer loop
      vertex -5.900245710841932 -1.7898199688523466 7
      vertex -5.985543304982484 -1.4492928848260676 7
      vertex -5.879849590702061 -1.4164199305903995 7
    endloop
  endfacet
  facet normal 0 0 -1
    outer loop
      vertex -5.900245710841932 -1.7898199688523466 7
      vertex -5.879849590702061 -1.4164199305903995 7
      vertex -5.754902581212555 -1.390654281605678 7
    endloop
  endfacet
  facet normal 0 0 -1
    outer loop
      vertex -6.025002015059204 -1.2917648839808975 7
      vertex -6.047267450094681 -1.2028762846762808 7
      vertex -5.912123004816533 -1.2750208645241996 7
    endloop
  endfacet
  facet normal 0 0 -1
    outer loop
      vertex -6.047267450094681 -1.2028762846762808 7
      vertex -5.788370343006699 -1.2440224364518715 7
      vertex -5.912123004816533 -1.2750208645241996 7
    endloop
  endfacet
  facet normal 0 0 -1
    outer loop
      vertex -5.69640137999138 -2.3595267083132443 7
      vertex -5.754902581212555 -1.390654281605678 7
      vertex -5.628031750493016 -1.3772596498261778 7
    endloop
  endfacet
  facet normal 0 0 -1
    outer loop
      vertex -5.69640137999138 -2.3595267083132443 7
      vertex -5.628031750493016 -1.3772596498261778 7
      vertex -5.500458933997922 -1.376365032878186 7
    endloop
  endfacet
  facet normal 0 0 -1
    outer loop
      vertex -5.788370343006699 -1.2440224364518715 7
      vertex -5.788370343006699 1.2440224364518715 7
      vertex -5.668251961362883 -1.2010433922646728 7
    endloop
  endfacet
  facet normal 0 0 -1
    outer loop
      vertex -5.668251961362883 -1.2010433922646728 7
      vertex -5.552924665563703 1.1464976436528616 7
      vertex -5.552924665563703 -1.1464976436528616 7
    endloop
  endfacet
  facet normal 0 0 -1
    outer loop
      vertex -4.585805354736551 -3.5414650606869444 7
      vertex -4.516426538118942 -1.8935022906614116 7
      vertex -4.505565564962775 -3.4422824009876054 7
    endloop
  endfacet
  facet normal 0 0 -1
    outer loop
      vertex -4.505565564962775 -3.4422824009876054 7
      vertex -4.44480703192489 -1.9990781883866717 7
      vertex -4.435433752382535 -3.3357124581698274 7
    endloop
  endfacet
  facet normal 0 0 -1
    outer loop
      vertex -4.435433752382535 -3.3357124581698274 7
      vertex -4.383880640811522 -2.1111656484965136 7
      vertex -4.376085324688925 -3.2227815590400013 7
    endloop
  endfacet
  facet normal 0 0 -1
    outer loop
      vertex -4.376085324688925 -3.2227815590400013 7
      vertex -4.383880640811522 -2.1111656484965136 7
      vertex -4.328091839683788 -3.1045772898910564 7
    endloop
  endfacet
  facet normal 0 0 -1
    outer loop
      vertex -4.328091839683788 -3.1045772898910564 7
      vertex -4.270579941341004 -2.47545209722145 7
      vertex -4.29191550086363 -2.9822380224519236 7
    endloop
  endfacet
  facet normal 0 0 -1
    outer loop
      vertex -4.29191550086363 -2.9822380224519236 7
      vertex -4.256290692613513 -2.7298957444360834 7
      vertex -4.267904706147286 -2.856941950745488 7
    endloop
  endfacet
  facet normal 0 0 -1
    outer loop
      vertex -4.29191550086363 -2.9822380224519236 7
      vertex -4.257185309561504 -2.60232292794099 7
      vertex -4.256290692613513 -2.7298957444360834 7
    endloop
  endfacet
  facet normal 0 0 -1
    outer loop
      vertex -4.29191550086363 -2.9822380224519236 7
      vertex -4.270579941341004 -2.47545209722145 7
      vertex -4.257185309561504 -2.60232292794099 7
    endloop
  endfacet
  facet normal 0 0 -1
    outer loop
      vertex -4.328091839683788 -3.1045772898910564 7
      vertex -4.296345590325727 -2.350505087731944 7
      vertex -4.270579941341004 -2.47545209722145 7
    endloop
  endfacet
  facet normal 0 0 -1
    outer loop
      vertex -4.328091839683788 -3.1045772898910564 7
      vertex -4.334234119231009 -2.2286852074768393 7
      vertex -4.296345590325727 -2.350505087731944 7
    endloop
  endfacet
  facet normal 0 0 -1
    outer loop
      vertex -4.585805354736551 -3.5414650606869444 7
      vertex -4.598049424397824 -1.7954547089294828 7
      vertex -4.516426538118942 -1.8935022906614116 7
    endloop
  endfacet
  facet normal 0 0 -1
    outer loop
      vertex -4.505565564962775 -3.4422824009876054 7
      vertex -4.516426538118942 -1.8935022906614116 7
      vertex -4.44480703192489 -1.9990781883866717 7
    endloop
  endfacet
  facet normal 0 0 -1
    outer loop
      vertex -4.585805354736551 -3.5414650606869444 7
      vertex -4.688889617747061 -1.705879695001224 7
      vertex -4.598049424397824 -1.7954547089294828 7
    endloop
  endfacet
  facet normal 0 0 -1
    outer loop
      vertex -4.435433752382535 -3.3357124581698274 7
      vertex -4.44480703192489 -1.9990781883866717 7
      vertex -4.383880640811522 -2.1111656484965136 7
    endloop
  endfacet
  facet normal 0 0 -1
    outer loop
      vertex -4.328091839683788 -3.1045772898910564 7
      vertex -4.383880640811522 -2.1111656484965136 7
      vertex -4.334234119231009 -2.2286852074768393 7
    endloop
  endfacet
  facet normal 0 0 -1
    outer loop
      vertex -2.906509915724582 -5.437697589881762 7
      vertex -2.6892969481488977 -5.417246399576997 7
      vertex -2.7453998256909657 -5.513896987508342 7
    endloop
  endfacet
  facet normal 0 0 -1
    outer loop
      vertex -2.598795225578969 -5.583235799344949 7
      vertex -2.5586245621352264 -5.480174904060201 7
      vertex -2.3595267083132443 -5.69640137999138 7
    endloop
  endfacet
  facet normal 0 0 -1
    outer loop
      vertex -2.5586245621352264 -5.480174904060201 7
      vertex -2.5008657714882485 -5.366422779020828 7
      vertex -2.3595267083132443 -5.69640137999138 7
    endloop
  endfacet
  facet normal 0 0 -1
    outer loop
      vertex -2.906509915724582 -5.437697589881762 7
      vertex -2.6363739725315605 -5.301165468758102 7
      vertex -2.6892969481488977 -5.417246399576997 7
    endloop
  endfacet
  facet normal 0 0 -1
    outer loop
      vertex -2.906509915724582 -5.437697589881762 7
      vertex -2.5950837563928024 -5.180456140621502 7
      vertex -2.6363739725315605 -5.301165468758102 7
    endloop
  endfacet
  facet normal 0 0 -1
    outer loop
      vertex -2.906509915724582 -5.437697589881762 7
      vertex -2.650328033790564 -4.306286398838621 7
      vertex -2.6056686153816666 -4.425790207126698 7
    endloop
  endfacet
  facet normal 0 0 -1
    outer loop
      vertex -2.906509915724582 -5.437697589881762 7
      vertex -2.5658239470855686 -5.056280911983586 7
      vertex -2.5950837563928024 -5.180456140621502 7
    endloop
  endfacet
  facet normal 0 0 -1
    outer loop
      vertex -2.906509915724582 -5.437697589881762 7
      vertex -2.5488763325685273 -4.92983565817722 7
      vertex -2.5658239470855686 -5.056280911983586 7
    endloop
  endfacet
  facet normal 0 0 -1
    outer loop
      vertex -2.3595267083132443 -5.69640137999138 7
      vertex -2.5008657714882485 -5.366422779020828 7
      vertex -2.43223544720255 -5.2588797530432485 7
    endloop
  endfacet
  facet normal 0 0 -1
    outer loop
      vertex -2.3595267083132443 -5.69640137999138 7
      vertex -2.43223544720255 -5.2588797530432485 7
      vertex -2.3533945368181524 -5.158581524256625 7
    endloop
  endfacet
  facet normal 0 0 -1
    outer loop
      vertex -2.906509915724582 -5.437697589881762 7
      vertex -2.544404127633984 -4.802338116118567 7
      vertex -2.5488763325685273 -4.92983565817722 7
    endloop
  endfacet
  facet normal 0 0 -1
    outer loop
      vertex -2.906509915724582 -5.437697589881762 7
      vertex -2.5524504020602157 -4.675016156834898 7
      vertex -2.544404127633984 -4.802338116118567 7
    endloop
  endfacet
  facet normal 0 0 -1
    outer loop
      vertex -2.906509915724582 -5.437697589881762 7
      vertex -2.5729376658259575 -4.549095960395378 7
      vertex -2.5524504020602157 -4.675016156834898 7
    endloop
  endfacet
  facet normal 0 0 -1
    outer loop
      vertex -2.906509915724582 -5.437697589881762 7
      vertex -2.6056686153816666 -4.425790207126698 7
      vertex -2.5729376658259575 -4.549095960395378 7
    endloop
  endfacet
  facet normal 0 0 -1
    outer loop
      vertex -2.3595267083132443 -5.69640137999138 7
      vertex -2.3533945368181524 -5.158581524256625 7
      vertex -1.7898199688523466 -5.900245710841932 7
    endloop
  endfacet
  facet normal 0 0 -1
    outer loop
      vertex -2.3533945368181524 -5.158581524256625 7
      vertex -2.2651023214008843 -5.066494019432761 7
      vertex -1.7898199688523466 -5.900245710841932 7
    endloop
  endfacet
  facet normal 0 0 -1
    outer loop
      vertex -1.7898199688523466 -5.900245710841932 7
      vertex -2.2651023214008843 -5.066494019432761 7
      vertex -2.168209103250647 -4.983504091583262 7
    endloop
  endfacet
  facet normal 0 0 -1
    outer loop
      vertex -1.7898199688523466 -5.900245710841932 7
      vertex -2.168209103250647 -4.983504091583262 7
      vertex -2.063648017025449 -4.9104109790802255 7
    endloop
  endfacet
  facet normal 0 0 -1
    outer loop
      vertex -1.7898199688523466 -5.900245710841932 7
      vertex -2.063648017025449 -4.9104109790802255 7
      vertex -1.9524260431445437 -4.84791860855382 7
    endloop
  endfacet
  facet normal 0 0 -1
    outer loop
      vertex -1.7898199688523466 -5.900245710841932 7
      vertex -1.9524260431445437 -4.84791860855382 7
      vertex -1.8356143100165185 -4.796628815694016 7
    endloop
  endfacet
  facet normal 0 0 -1
    outer loop
      vertex -1.7898199688523466 -5.900245710841932 7
      vertex -1.8356143100165185 -4.796628815694016 7
      vertex -1.714337778487186 -4.7570355492439065 7
    endloop
  endfacet
  facet normal 0 0 -1
    outer loop
      vertex -1.7898199688523466 -5.900245710841932 7
      vertex -1.714337778487186 -4.7570355492439065 7
      vertex -1.5897644078516693 -4.729520114003289 7
    endloop
  endfacet
  facet normal 0 0 -1
    outer loop
      vertex -2.906509915724582 -5.437697589881762 7
      vertex -2.938019736491561 -3.8885296941541214 7
      vertex -2.851027686353342 -3.981846397164484 7
    endloop
  endfacet
  facet normal 0 0 -1
    outer loop
      vertex -2.906509915724582 -5.437697589881762 7
      vertex -2.7736011630879425 -4.083240466729755 7
      vertex -2.7064858264400518 -4.191735422532386 7
    endloop
  endfacet
  facet normal 0 0 -1
    outer loop
      vertex -2.906509915724582 -5.437697589881762 7
      vertex -2.7064858264400518 -4.191735422532386 7
      vertex -2.650328033790564 -4.306286398838621 7
    endloop
  endfacet
  facet normal 0 0 -1
    outer loop
      vertex -2.906509915724582 -5.437697589881762 7
      vertex -2.851027686353342 -3.981846397164484 7
      vertex -2.7736011630879425 -4.083240466729755 7
    endloop
  endfacet
  facet normal 0 0 -1
    outer loop
      vertex -1.7898199688523466 -5.900245710841932 7
      vertex -1.5897644078516693 -4.729520114003289 7
      vertex -1.2028762846762808 -6.047267450094681 7
    endloop
  endfacet
  facet normal 0 0 -1
    outer loop
      vertex -1.2028762846762808 -6.047267450094681 7
      vertex -0.6197336325217642 -4.950923308429957 7
      vertex -0.6043482443197178 -6.136050698030364 7
    endloop
  endfacet
  facet normal 0 0 -1
    outer loop
      vertex -1.5897644078516693 -4.729520114003289 7
      vertex -1.4630939077679193 -4.714347498654996 7
      vertex -1.2028762846762808 -6.047267450094681 7
    endloop
  endfacet
  facet normal 0 0 -1
    outer loop
      vertex -1.2028762846762808 -6.047267450094681 7
      vertex -1.4630939077679193 -4.714347498654996 7
      vertex -1.3355461843968823 -4.711663823779027 7
    endloop
  endfacet
  facet normal 0 0 -1
    outer loop
      vertex -1.2028762846762808 -6.047267450094681 7
      vertex -1.3355461843968823 -4.711663823779027 7
      vertex -1.2083495920392986 -4.721494934631483 7
    endloop
  endfacet
  facet normal 0 0 -1
    outer loop
      vertex -1.2028762846762808 -6.047267450094681 7
      vertex -1.2083495920392986 -4.721494934631483 7
      vertex -1.0827291034123032 -4.743746152240624 7
    endloop
  endfacet
  facet normal 0 0 -1
    outer loop
      vertex -1.2028762846762808 -6.047267450094681 7
      vertex -1.0827291034123032 -4.743746152240624 7
      vertex -0.9598945124925171 -4.778203185217121 7
    endloop
  endfacet
  facet normal 0 0 -1
    outer loop
      vertex -1.2028762846762808 -6.047267450094681 7
      vertex -0.9598945124925171 -4.778203185217121 7
      vertex -0.8410287835387169 -4.82453419349728 7
    endloop
  endfacet
  facet normal 0 0 -1
    outer loop
      vertex -1.2028762846762808 -6.047267450094681 7
      vertex -0.7272766584993438 -4.882292984144258 7
      vertex -0.6197336325217642 -4.950923308429957 7
    endloop
  endfacet
  facet normal 0 0 -1
    outer loop
      vertex -1.2028762846762808 -6.047267450094681 7
      vertex -0.8410287835387169 -4.82453419349728 7
      vertex -0.7272766584993438 -4.882292984144258 7
    endloop
  endfacet
  facet normal 0 0 -1
    outer loop
      vertex -0.6043482443197178 -6.136050698030364 7
      vertex -0.344357971061777 -5.21494965238186 7
      vertex -0.27126485855874205 -5.3195107386070575 7
    endloop
  endfacet
  facet normal 0 0 -1
    outer loop
      vertex -0.6043482443197178 -6.136050698030364 7
      vertex -0.42734789891127645 -5.118056434231622 7
      vertex -0.344357971061777 -5.21494965238186 7
    endloop
  endfacet
  facet normal 0 0 -1
    outer loop
      vertex -0.6043482443197178 -6.136050698030364 7
      vertex -0.07251770325754259 -6.047612571235625 7
      vertex -0.08133903684711755 -6.161744492793918 7
    endloop
  endfacet
  facet normal 0 0 -1
    outer loop
      vertex -0.6043482443197178 -6.136050698030364 7
      vertex -0.07520137813351169 -5.920064847864587 7
      vertex -0.07251770325754259 -6.047612571235625 7
    endloop
  endfacet
  facet normal 0 0 -1
    outer loop
      vertex -0.6043482443197178 -6.136050698030364 7
      vertex -0.09037399348180464 -5.793394347780837 7
      vertex -0.07520137813351169 -5.920064847864587 7
    endloop
  endfacet
  facet normal 0 0 -1
    outer loop
      vertex -0.6043482443197178 -6.136050698030364 7
      vertex -0.1178894287224228 -5.66882097714532 7
      vertex -0.09037399348180464 -5.793394347780837 7
    endloop
  endfacet
  facet normal 0 0 -1
    outer loop
      vertex -0.6043482443197178 -6.136050698030364 7
      vertex -0.15748269517253166 -5.547544445615988 7
      vertex -0.1178894287224228 -5.66882097714532 7
    endloop
  endfacet
  facet normal 0 0 -1
    outer loop
      vertex -0.6043482443197178 -6.136050698030364 7
      vertex -0.27126485855874205 -5.3195107386070575 7
      vertex -0.20877248803233572 -5.430732712487963 7
    endloop
  endfacet
  facet normal 0 0 -1
    outer loop
      vertex -0.6043482443197178 -6.136050698030364 7
      vertex -0.20877248803233572 -5.430732712487963 7
      vertex -0.15748269517253166 -5.547544445615988 7
    endloop
  endfacet
  facet normal 0 0 -1
    outer loop
      vertex -0.6043482443197178 -6.136050698030364 7
      vertex -0.6197336325217642 -4.950923308429957 7
      vertex -0.5194354037351403 -5.029764218814354 7
    endloop
  endfacet
  facet normal 0 0 -1
    outer loop
      vertex -0.6043482443197178 -6.136050698030364 7
      vertex -0.5194354037351403 -5.029764218814354 7
      vertex -0.42734789891127645 -5.118056434231622 7
    endloop
  endfacet
  facet normal -0.7409511253549595 -0.6715589548470178 0
    outer loop
      vertex -4.7661818000383755 -3.9115043165250616 7
      vertex -4.359836864448671 -4.359836864448671 7
      vertex -4.7661818000383755 -3.9115043165250616 12.95
    endloop
  endfacet
  facet normal -0.8032075314806453 -0.5956993044924328 0
    outer loop
      vertex -5.126625799433709 -3.4255018437875524 7
      vertex -4.86609316864639 -3.776789430774317 7
      vertex -5.126625799433709 -3.4255018437875524 12.95
    endloop
  endfacet
  facet normal -0.8032075314806438 -0.5956993044924348 1.7904698555364627e-16
    outer loop
      vertex -4.769092803406999 -3.9075792828508384 7
      vertex -5.126625799433709 -3.4255018437875524 12.95
      vertex -4.86609316864639 -3.776789430774317 7
    endloop
  endfacet
  facet normal -0.8032075314806467 -0.5956993044924308 -3.132254043392454e-16
    outer loop
      vertex -4.769092803406999 -3.9075792828508384 7
      vertex -4.7661818000383755 -3.9115043165250616 7
      vertex -5.126625799433709 -3.4255018437875524 12.95
    endloop
  endfacet
  facet normal -0.5956993044924334 -0.8032075314806448 0
    outer loop
      vertex -3.9115043165250616 -4.7661818000383755 7
      vertex -3.4255018437875524 -5.126625799433709 7
      vertex -3.4255018437875524 -5.126625799433709 12.95
    endloop
  endfacet
  facet normal -0.6715589548470178 -0.7409511253549595 0
    outer loop
      vertex -3.9115043165250616 -4.7661818000383755 7
      vertex -3.9115043165250616 -4.7661818000383755 12.95
      vertex -4.359836864448671 -4.359836864448671 7
    endloop
  endfacet
  facet normal -0.8032075314806448 -0.5956993044924334 0
    outer loop
      vertex -4.7661818000383755 -3.9115043165250616 7
      vertex -4.7661818000383755 -3.9115043165250616 12.95
      vertex -5.126625799433709 -3.4255018437875524 12.95
    endloop
  endfacet
  facet normal -0.5956993044924334 -0.8032075314806448 0
    outer loop
      vertex -3.9115043165250616 -4.7661818000383755 7
      vertex -3.4255018437875524 -5.126625799433709 12.95
      vertex -3.9115043165250616 -4.7661818000383755 12.95
    endloop
  endfacet
  facet normal -0.514102744193222 -0.8577286100002718 0
    outer loop
      vertex -3.4255018437875524 -5.126625799433709 7
      vertex -2.906509915724582 -5.437697589881762 12.95
      vertex -3.4255018437875524 -5.126625799433709 12.95
    endloop
  endfacet
  facet normal -0.7409511253549595 -0.6715589548470178 0
    outer loop
      vertex -4.359836864448671 -4.359836864448671 7
      vertex -4.359836864448671 -4.359836864448671 12.95
      vertex -4.7661818000383755 -3.9115043165250616 12.95
    endloop
  endfacet
  facet normal -0.6715589548470178 -0.7409511253549595 0
    outer loop
      vertex -4.359836864448671 -4.359836864448671 7
      vertex -3.9115043165250616 -4.7661818000383755 12.95
      vertex -4.359836864448671 -4.359836864448671 12.95
    endloop
  endfacet
  facet normal -0.9415440651830211 -0.33688985339221916 0
    outer loop
      vertex -5.69640137999138 -2.3595267083132443 7
      vertex -5.900245710841932 -1.7898199688523466 12.95
      vertex -5.900245710841932 -1.7898199688523466 7
    endloop
  endfacet
  facet normal -0.9039892931234436 -0.4275550934302814 0
    outer loop
      vertex -5.437697589881762 -2.906509915724582 7
      vertex -5.69640137999138 -2.3595267083132443 12.95
      vertex -5.69640137999138 -2.3595267083132443 7
    endloop
  endfacet
  facet normal -0.8577286100002718 -0.514102744193222 0
    outer loop
      vertex -5.126625799433709 -3.4255018437875524 7
      vertex -5.437697589881762 -2.906509915724582 12.95
      vertex -5.437697589881762 -2.906509915724582 7
    endloop
  endfacet
  facet normal -0.9700312531945436 -0.24298017990326545 1.3288236231382736e-17
    outer loop
      vertex -5.900245710841932 -1.7898199688523466 7
      vertex -6.047267450094681 -1.2028762846762808 12.95
      vertex -5.985543304982484 -1.4492928848260676 7
    endloop
  endfacet
  facet normal -0.9700312531945404 -0.24298017990327794 5.60139048761024e-16
    outer loop
      vertex -5.985543304982484 -1.4492928848260676 7
      vertex -6.047267450094681 -1.2028762846762808 12.95
      vertex -5.990475643742075 -1.4296018847204213 7
    endloop
  endfacet
  facet normal -0.9700312531945448 -0.24298017990326065 -1.3747002295600306e-16
    outer loop
      vertex -5.990475643742075 -1.4296018847204213 7
      vertex -6.047267450094681 -1.2028762846762808 12.95
      vertex -6.025002015059204 -1.2917648839808975 7
    endloop
  endfacet
  facet normal -0.9700312531945426 -0.24298017990326937 0
    outer loop
      vertex -6.025002015059204 -1.2917648839808975 7
      vertex -6.047267450094681 -1.2028762846762808 12.95
      vertex -6.047267450094681 -1.2028762846762808 7
    endloop
  endfacet
  facet normal -0.989176509964781 -0.14673047445536225 0
    outer loop
      vertex -6.047267450094681 -1.2028762846762808 7
      vertex -6.136050698030364 -0.6043482443197178 12.95
      vertex -6.136050698030364 -0.6043482443197178 7
    endloop
  endfacet
  facet normal -0.9039892931234436 -0.4275550934302814 0
    outer loop
      vertex -5.437697589881762 -2.906509915724582 7
      vertex -5.437697589881762 -2.906509915724582 12.95
      vertex -5.69640137999138 -2.3595267083132443 12.95
    endloop
  endfacet
  facet normal -0.9415440651830211 -0.33688985339221916 0
    outer loop
      vertex -5.69640137999138 -2.3595267083132443 7
      vertex -5.69640137999138 -2.3595267083132443 12.95
      vertex -5.900245710841932 -1.7898199688523466 12.95
    endloop
  endfacet
  facet normal -0.8577286100002718 -0.514102744193222 0
    outer loop
      vertex -5.126625799433709 -3.4255018437875524 7
      vertex -5.126625799433709 -3.4255018437875524 12.95
      vertex -5.437697589881762 -2.906509915724582 12.95
    endloop
  endfacet
  facet normal 0 0 1
    outer loop
      vertex -4.7661818000383755 -3.9115043165250616 12.95
      vertex -4.881203164357347 -0.5581416972874111 12.95
      vertex -5.126625799433709 -3.4255018437875524 12.95
    endloop
  endfacet
  facet normal -0.9700312531945436 -0.24298017990326537 0
    outer loop
      vertex -5.900245710841932 -1.7898199688523466 7
      vertex -5.900245710841932 -1.7898199688523466 12.95
      vertex -6.047267450094681 -1.2028762846762808 12.95
    endloop
  endfacet
  facet normal -0.989176509964781 -0.14673047445536225 0
    outer loop
      vertex -6.047267450094681 -1.2028762846762808 7
      vertex -6.047267450094681 -1.2028762846762808 12.95
      vertex -6.136050698030364 -0.6043482443197178 12.95
    endloop
  endfacet
  facet normal -0.9987954562051724 -0.049067674327417155 0
    outer loop
      vertex -6.136050698030364 -0.6043482443197178 7
      vertex -6.136050698030364 -0.6043482443197178 12.95
      vertex -6.1657404234375 0 12.95
    endloop
  endfacet
  facet normal 0 0 1
    outer loop
      vertex -5.69640137999138 -2.3595267083132443 12.95
      vertex -5.900245710841932 1.7898199688523466 12.95
      vertex -5.900245710841932 -1.7898199688523466 12.95
    endloop
  endfacet
  facet normal 0 0 1
    outer loop
      vertex -5.900245710841932 -1.7898199688523466 12.95
      vertex -6.047267450094681 1.2028762846762808 12.95
      vertex -6.047267450094681 -1.2028762846762808 12.95
    endloop
  endfacet
  facet normal 0 0 1
    outer loop
      vertex -6.047267450094681 -1.2028762846762808 12.95
      vertex -6.136050698030364 0.6043482443197178 12.95
      vertex -6.136050698030364 -0.6043482443197178 12.95
    endloop
  endfacet
  facet normal 0 0 1
    outer loop
      vertex -5.437697589881762 -2.906509915724582 12.95
      vertex -5.69640137999138 2.3595267083132443 12.95
      vertex -5.69640137999138 -2.3595267083132443 12.95
    endloop
  endfacet
  facet normal 0 0 1
    outer loop
      vertex -5.126625799433709 -3.4255018437875524 12.95
      vertex -4.934474062714501 -0.5262123495756188 12.95
      vertex -4.984358823780349 -0.4892152892804823 12.95
    endloop
  endfacet
  facet normal 0 0 1
    outer loop
      vertex -5.126625799433709 -3.4255018437875524 12.95
      vertex -5.437697589881762 2.906509915724582 12.95
      vertex -5.437697589881762 -2.906509915724582 12.95
    endloop
  endfacet
  facet normal 0 0 1
    outer loop
      vertex -5.126625799433709 -3.4255018437875524 12.95
      vertex -5.109082561294368 -0.3516038509957509 12.95
      vertex -5.141011909006161 -0.298332952638597 12.95
    endloop
  endfacet
  facet normal 0 0 1
    outer loop
      vertex -5.126625799433709 -3.4255018437875524 12.95
      vertex -5.141011909006161 -0.298332952638597 12.95
      vertex -5.167566047061788 -0.2421889448621523 12.95
    endloop
  endfacet
  facet normal 0 0 1
    outer loop
      vertex -5.126625799433709 -3.4255018437875524 12.95
      vertex -5.072085500999232 -0.40148861206159947 12.95
      vertex -5.109082561294368 -0.3516038509957509 12.95
    endloop
  endfacet
  facet normal 0 0 1
    outer loop
      vertex -5.126625799433709 -3.4255018437875524 12.95
      vertex -5.030377030036044 -0.4475068183172942 12.95
      vertex -5.072085500999232 -0.40148861206159947 12.95
    endloop
  endfacet
  facet normal 0 0 1
    outer loop
      vertex -5.126625799433709 -3.4255018437875524 12.95
      vertex -4.984358823780349 -0.4892152892804823 12.95
      vertex -5.030377030036044 -0.4475068183172942 12.95
    endloop
  endfacet
  facet normal 0 0 1
    outer loop
      vertex -5.126625799433709 -3.4255018437875524 12.95
      vertex -5.167566047061788 -0.2421889448621523 12.95
      vertex -5.188489244595805 -0.18371252515274059 12.95
    endloop
  endfacet
  facet normal 0 0 1
    outer loop
      vertex -5.126625799433709 -3.4255018437875524 12.95
      vertex -5.188489244595805 -0.18371252515274059 12.95
      vertex -5.203579999778176 -0.1234668533986262 12.95
    endloop
  endfacet
  facet normal 0 0 1
    outer loop
      vertex -5.126625799433709 -3.4255018437875524 12.95
      vertex -5.203579999778176 -0.1234668533986262 12.95
      vertex -5.212692980387049 -0.06203212835243545 12.95
    endloop
  endfacet
  facet normal 0 0 1
    outer loop
      vertex -5.126625799433709 -3.4255018437875524 12.95
      vertex -5.212692980387049 -0.06203212835243545 12.95
      vertex -5.2157404234374996 0 12.95
    endloop
  endfacet
  facet normal 0 0 1
    outer loop
      vertex -4.7661818000383755 -3.9115043165250616 12.95
      vertex -4.8250591565809025 -0.5846958353430378 12.95
      vertex -4.881203164357347 -0.5581416972874111 12.95
    endloop
  endfacet
  facet normal 0 0 1
    outer loop
      vertex -5.126625799433709 -3.4255018437875524 12.95
      vertex -4.881203164357347 -0.5581416972874111 12.95
      vertex -4.934474062714501 -0.5262123495756188 12.95
    endloop
  endfacet
  facet normal 0 0 1
    outer loop
      vertex -4.7661818000383755 -3.9115043165250616 12.95
      vertex -4.766582736871491 -0.6056190328770548 12.95
      vertex -4.8250591565809025 -0.5846958353430378 12.95
    endloop
  endfacet
  facet normal 0 0 1
    outer loop
      vertex -4.7661818000383755 -3.9115043165250616 12.95
      vertex -4.706337065117376 -0.620709788059426 12.95
      vertex -4.766582736871491 -0.6056190328770548 12.95
    endloop
  endfacet
  facet normal 0 0 1
    outer loop
      vertex -4.7661818000383755 -3.9115043165250616 12.95
      vertex -4.6449023400711855 -0.6298227686682997 12.95
      vertex -4.706337065117376 -0.620709788059426 12.95
    endloop
  endfacet
  facet normal 0 0 1
    outer loop
      vertex -4.7661818000383755 -3.9115043165250616 12.95
      vertex -4.58287021171875 -0.63287021171875 12.95
      vertex -4.6449023400711855 -0.6298227686682997 12.95
    endloop
  endfacet
  facet normal 0 0 1
    outer loop
      vertex -4.7661818000383755 -3.9115043165250616 12.95
      vertex -4.359836864448671 -4.359836864448671 12.95
      vertex -4.520838083366314 -0.6298227686682997 12.95
    endloop
  endfacet
  facet normal 0 0 1
    outer loop
      vertex -3.9115043165250616 -4.7661818000383755 12.95
      vertex -4.093654922438268 -0.40148861206159947 12.95
      vertex -4.359836864448671 -4.359836864448671 12.95
    endloop
  endfacet
  facet normal 0 0 1
    outer loop
      vertex -4.359836864448671 -4.359836864448671 12.95
      vertex -4.459403358320124 -0.620709788059426 12.95
      vertex -4.520838083366314 -0.6298227686682997 12.95
    endloop
  endfacet
  facet normal 0 0 1
    outer loop
      vertex -4.359836864448671 -4.359836864448671 12.95
      vertex -4.399157686566009 -0.6056190328770548 12.95
      vertex -4.459403358320124 -0.620709788059426 12.95
    endloop
  endfacet
  facet normal 0 0 1
    outer loop
      vertex -4.359836864448671 -4.359836864448671 12.95
      vertex -4.340681266856597 -0.5846958353430378 12.95
      vertex -4.399157686566009 -0.6056190328770548 12.95
    endloop
  endfacet
  facet normal 0 0 1
    outer loop
      vertex -3.9115043165250616 -4.7661818000383755 12.95
      vertex -4.0566578621431315 -0.3516038509957509 12.95
      vertex -4.093654922438268 -0.40148861206159947 12.95
    endloop
  endfacet
  facet normal 0 0 1
    outer loop
      vertex -4.7661818000383755 -3.9115043165250616 12.95
      vertex -4.520838083366314 -0.6298227686682997 12.95
      vertex -4.58287021171875 -0.63287021171875 12.95
    endloop
  endfacet
  facet normal 0 0 1
    outer loop
      vertex -4.359836864448671 -4.359836864448671 12.95
      vertex -4.284537259080153 -0.5581416972874111 12.95
      vertex -4.340681266856597 -0.5846958353430378 12.95
    endloop
  endfacet
  facet normal 0 0 1
    outer loop
      vertex -4.359836864448671 -4.359836864448671 12.95
      vertex -4.231266360722999 -0.5262123495756188 12.95
      vertex -4.284537259080153 -0.5581416972874111 12.95
    endloop
  endfacet
  facet normal 0 0 1
    outer loop
      vertex -4.359836864448671 -4.359836864448671 12.95
      vertex -4.181381599657151 -0.4892152892804823 12.95
      vertex -4.231266360722999 -0.5262123495756188 12.95
    endloop
  endfacet
  facet normal 0 0 1
    outer loop
      vertex -4.359836864448671 -4.359836864448671 12.95
      vertex -4.135363393401455 -0.4475068183172942 12.95
      vertex -4.181381599657151 -0.4892152892804823 12.95
    endloop
  endfacet
  facet normal 0 0 1
    outer loop
      vertex -4.359836864448671 -4.359836864448671 12.95
      vertex -4.093654922438268 -0.40148861206159947 12.95
      vertex -4.135363393401455 -0.4475068183172942 12.95
    endloop
  endfacet
  facet normal 0 0 1
    outer loop
      vertex -3.9115043165250616 -4.7661818000383755 12.95
      vertex -4.024728514431339 -0.298332952638597 12.95
      vertex -4.0566578621431315 -0.3516038509957509 12.95
    endloop
  endfacet
  facet normal 0 0 1
    outer loop
      vertex -3.9115043165250616 -4.7661818000383755 12.95
      vertex -3.998174376375712 -0.2421889448621523 12.95
      vertex -4.024728514431339 -0.298332952638597 12.95
    endloop
  endfacet
  facet normal 0 0 1
    outer loop
      vertex -3.9115043165250616 -4.7661818000383755 12.95
      vertex -3.977251178841695 -0.18371252515274059 12.95
      vertex -3.998174376375712 -0.2421889448621523 12.95
    endloop
  endfacet
  facet normal 0 0 1
    outer loop
      vertex -3.9115043165250616 -4.7661818000383755 12.95
      vertex -3.962160423659324 -0.1234668533986262 12.95
      vertex -3.977251178841695 -0.18371252515274059 12.95
    endloop
  endfacet
  facet normal 0 0 1
    outer loop
      vertex -3.9115043165250616 -4.7661818000383755 12.95
      vertex -3.9530474430504503 -0.06203212835243545 12.95
      vertex -3.962160423659324 -0.1234668533986262 12.95
    endloop
  endfacet
  facet normal 0 0 1
    outer loop
      vertex -3.9115043165250616 -4.7661818000383755 12.95
      vertex -3.9499999999999997 0 12.95
      vertex -3.9530474430504503 -0.06203212835243545 12.95
    endloop
  endfacet
  facet normal 0 0 1
    outer loop
      vertex -3.9115043165250616 -4.7661818000383755 12.95
      vertex -3.4255018437875524 -5.126625799433709 12.95
      vertex -3.9115043165250616 4.7661818000383755 12.95
    endloop
  endfacet
  facet normal 0 0 1
    outer loop
      vertex -3.4255018437875524 -5.126625799433709 12.95
      vertex -2.906509915724582 -5.437697589881762 12.95
      vertex -3.4255018437875524 5.126625799433709 12.95
    endloop
  endfacet
  facet normal -0.42755509343028114 -0.9039892931234437 -2.6174224259821725e-17
    outer loop
      vertex -2.906509915724582 -5.437697589881762 7
      vertex -2.7453998256909657 -5.513896987508342 7
      vertex -2.3595267083132443 -5.69640137999138 12.95
    endloop
  endfacet
  facet normal -0.4275550934302808 -0.903989293123444 -6.112345520302055e-17
    outer loop
      vertex -2.7453998256909657 -5.513896987508342 7
      vertex -2.598795225578969 -5.583235799344949 7
      vertex -2.3595267083132443 -5.69640137999138 12.95
    endloop
  endfacet
  facet normal -0.42755509343028203 -0.9039892931234433 0
    outer loop
      vertex -2.598795225578969 -5.583235799344949 7
      vertex -2.3595267083132443 -5.69640137999138 7
      vertex -2.3595267083132443 -5.69640137999138 12.95
    endloop
  endfacet
  facet normal -0.514102744193222 -0.8577286100002718 0
    outer loop
      vertex -3.4255018437875524 -5.126625799433709 7
      vertex -2.906509915724582 -5.437697589881762 7
      vertex -2.906509915724582 -5.437697589881762 12.95
    endloop
  endfacet
  facet normal -0.33688985339221916 -0.9415440651830211 0
    outer loop
      vertex -2.3595267083132443 -5.69640137999138 7
      vertex -1.7898199688523466 -5.900245710841932 7
      vertex -1.7898199688523466 -5.900245710841932 12.95
    endloop
  endfacet
  facet normal -0.24298017990326537 -0.9700312531945436 0
    outer loop
      vertex -1.7898199688523466 -5.900245710841932 7
      vertex -1.2028762846762808 -6.047267450094681 7
      vertex -1.2028762846762808 -6.047267450094681 12.95
    endloop
  endfacet
  facet normal -0.14673047445536225 -0.989176509964781 0
    outer loop
      vertex -1.2028762846762808 -6.047267450094681 7
      vertex -0.6043482443197178 -6.136050698030364 7
      vertex -0.6043482443197178 -6.136050698030364 12.95
    endloop
  endfacet
  facet normal -0.04906767432741702 -0.9987954562051724 -1.336262421058083e-17
    outer loop
      vertex -0.6043482443197178 -6.136050698030364 7
      vertex -0.08133903684711755 -6.161744492793918 7
      vertex 0 -6.1657404234375 12.95
    endloop
  endfacet
  facet normal -0.04906767432741798 -0.9987954562051724 0
    outer loop
      vertex -0.08133903684711755 -6.161744492793918 7
      vertex 0 -6.1657404234375 7
      vertex 0 -6.1657404234375 12.95
    endloop
  endfacet
  facet normal -0.4275550934302814 -0.9039892931234436 0
    outer loop
      vertex -2.906509915724582 -5.437697589881762 7
      vertex -2.3595267083132443 -5.69640137999138 12.95
      vertex -2.906509915724582 -5.437697589881762 12.95
    endloop
  endfacet
  facet normal -0.33688985339221916 -0.9415440651830211 0
    outer loop
      vertex -2.3595267083132443 -5.69640137999138 7
      vertex -1.7898199688523466 -5.900245710841932 12.95
      vertex -2.3595267083132443 -5.69640137999138 12.95
    endloop
  endfacet
  facet normal -0.24298017990326537 -0.9700312531945436 0
    outer loop
      vertex -1.7898199688523466 -5.900245710841932 7
      vertex -1.2028762846762808 -6.047267450094681 12.95
      vertex -1.7898199688523466 -5.900245710841932 12.95
    endloop
  endfacet
  facet normal 0 0 1
    outer loop
      vertex -2.906509915724582 -5.437697589881762 12.95
      vertex -2.3595267083132443 -5.69640137999138 12.95
      vertex -2.598076211353316 -1.5 12.95
    endloop
  endfacet
  facet normal 0 0 1
    outer loop
      vertex -2.3595267083132443 -5.69640137999138 12.95
      vertex -1.7898199688523466 -5.900245710841932 12.95
      vertex -2.0073918190765747 -2.229434476432183 12.95
    endloop
  endfacet
  facet normal 0 0 1
    outer loop
      vertex -2.3595267083132443 -5.69640137999138 12.95
      vertex -2.0073918190765747 -2.229434476432183 12.95
      vertex -2.121320343559643 -2.121320343559643 12.95
    endloop
  endfacet
  facet normal 0 0 1
    outer loop
      vertex -1.7898199688523466 -5.900245710841932 12.95
      vertex -1.5 -2.598076211353316 12.95
      vertex -1.6339171050450814 -2.516011703836272 12.95
    endloop
  endfacet
  facet normal 0 0 1
    outer loop
      vertex -1.7898199688523466 -5.900245710841932 12.95
      vertex -1.8879611731495123 -2.3314378843709127 12.95
      vertex -2.0073918190765747 -2.229434476432183 12.95
    endloop
  endfacet
  facet normal 0 0 1
    outer loop
      vertex -1.7898199688523466 -5.900245710841932 12.95
      vertex -1.7633557568774194 -2.4270509831248424 12.95
      vertex -1.8879611731495123 -2.3314378843709127 12.95
    endloop
  endfacet
  facet normal 0 0 1
    outer loop
      vertex -1.7898199688523466 -5.900245710841932 12.95
      vertex -1.6339171050450814 -2.516011703836272 12.95
      vertex -1.7633557568774194 -2.4270509831248424 12.95
    endloop
  endfacet
  facet normal -0.14673047445536225 -0.989176509964781 0
    outer loop
      vertex -1.2028762846762808 -6.047267450094681 7
      vertex -0.6043482443197178 -6.136050698030364 12.95
      vertex -1.2028762846762808 -6.047267450094681 12.95
    endloop
  endfacet
  facet normal -0.049067674327417155 -0.9987954562051724 0
    outer loop
      vertex -0.6043482443197178 -6.136050698030364 7
      vertex 0 -6.1657404234375 12.95
      vertex -0.6043482443197178 -6.136050698030364 12.95
    endloop
  endfacet
  facet normal 0 0 1
    outer loop
      vertex -1.7898199688523466 -5.900245710841932 12.95
      vertex -1.2028762846762808 -6.047267450094681 12.95
      vertex -1.5 -2.598076211353316 12.95
    endloop
  endfacet
  facet normal 0 0 1
    outer loop
      vertex -1.2028762846762808 -6.047267450094681 12.95
      vertex -0.6043482443197178 -6.136050698030364 12.95
      vertex -0.7764571353075622 -2.897777478867205 12.95
    endloop
  endfacet
  facet normal 0 0 1
    outer loop
      vertex -0.6043482443197178 -6.136050698030364 12.95
      vertex -0.298332952638597 -5.141011909006161 12.95
      vertex -0.3516038509957509 -5.109082561294368 12.95
    endloop
  endfacet
  facet normal 0 0 1
    outer loop
      vertex -0.6043482443197178 -6.136050698030364 12.95
      vertex 0 -6.1657404234375 12.95
      vertex -0.06203212835243545 -5.212692980387049 12.95
    endloop
  endfacet
  facet normal 0 0 1
    outer loop
      vertex -0.6043482443197178 -6.136050698030364 12.95
      vertex -0.18371252515274059 -5.188489244595805 12.95
      vertex -0.2421889448621523 -5.167566047061788 12.95
    endloop
  endfacet
  facet normal 0 0 1
    outer loop
      vertex -0.6043482443197178 -6.136050698030364 12.95
      vertex -0.2421889448621523 -5.167566047061788 12.95
      vertex -0.298332952638597 -5.141011909006161 12.95
    endloop
  endfacet
  facet normal 0 0 1
    outer loop
      vertex -0.6043482443197178 -6.136050698030364 12.95
      vertex -0.1234668533986262 -5.203579999778176 12.95
      vertex -0.18371252515274059 -5.188489244595805 12.95
    endloop
  endfacet
  facet normal 0 0 1
    outer loop
      vertex -0.6043482443197178 -6.136050698030364 12.95
      vertex -0.06203212835243545 -5.212692980387049 12.95
      vertex -0.1234668533986262 -5.203579999778176 12.95
    endloop
  endfacet
  facet normal 0 0 1
    outer loop
      vertex -0.06203212835243545 -5.212692980387049 12.95
      vertex 0 -6.1657404234375 12.95
      vertex 0 -5.2157404234374996 12.95
    endloop
  endfacet
  facet normal 0 0 1
    outer loop
      vertex -0.6043482443197178 -6.136050698030364 12.95
      vertex -0.5581416972874111 -4.881203164357347 12.95
      vertex -0.5846958353430378 -4.8250591565809025 12.95
    endloop
  endfacet
  facet normal 0 0 1
    outer loop
      vertex -0.6043482443197178 -6.136050698030364 12.95
      vertex -0.5846958353430378 -4.8250591565809025 12.95
      vertex -0.6056190328770548 -4.766582736871491 12.95
    endloop
  endfacet
  facet normal 0 0 1
    outer loop
      vertex -0.6043482443197178 -6.136050698030364 12.95
      vertex -0.6056190328770548 -4.766582736871491 12.95
      vertex -0.620709788059426 -4.706337065117376 12.95
    endloop
  endfacet
  facet normal 0 0 1
    outer loop
      vertex -0.6043482443197178 -6.136050698030364 12.95
      vertex -0.620709788059426 -4.706337065117376 12.95
      vertex -0.6298227686682997 -4.6449023400711855 12.95
    endloop
  endfacet
  facet normal 0 0 1
    outer loop
      vertex -0.6043482443197178 -6.136050698030364 12.95
      vertex -0.40148861206159947 -5.072085500999232 12.95
      vertex -0.4475068183172942 -5.030377030036044 12.95
    endloop
  endfacet
  facet normal 0 0 1
    outer loop
      vertex -0.6043482443197178 -6.136050698030364 12.95
      vertex -0.4475068183172942 -5.030377030036044 12.95
      vertex -0.4892152892804823 -4.984358823780349 12.95
    endloop
  endfacet
  facet normal 0 0 1
    outer loop
      vertex -0.6043482443197178 -6.136050698030364 12.95
      vertex -0.5262123495756188 -4.934474062714501 12.95
      vertex -0.5581416972874111 -4.881203164357347 12.95
    endloop
  endfacet
  facet normal 0 0 1
    outer loop
      vertex -0.6043482443197178 -6.136050698030364 12.95
      vertex -0.4892152892804823 -4.984358823780349 12.95
      vertex -0.5262123495756188 -4.934474062714501 12.95
    endloop
  endfacet
  facet normal 0 0 1
    outer loop
      vertex -0.6043482443197178 -6.136050698030364 12.95
      vertex -0.3516038509957509 -5.109082561294368 12.95
      vertex -0.40148861206159947 -5.072085500999232 12.95
    endloop
  endfacet
  facet normal 0 0 1
    outer loop
      vertex -1.2028762846762808 -6.047267450094681 12.95
      vertex -1.3619714992186402 -2.673019572565104 12.95
      vertex -1.5 -2.598076211353316 12.95
    endloop
  endfacet
  facet normal 0 0 1
    outer loop
      vertex -1.2028762846762808 -6.047267450094681 12.95
      vertex -1.2202099292274007 -2.7406363729278027 12.95
      vertex -1.3619714992186402 -2.673019572565104 12.95
    endloop
  endfacet
  facet normal 0 0 1
    outer loop
      vertex -1.2028762846762808 -6.047267450094681 12.95
      vertex -1.0751038486359008 -2.8007412794916053 12.95
      vertex -1.2202099292274007 -2.7406363729278027 12.95
    endloop
  endfacet
  facet normal 0 0 1
    outer loop
      vertex -1.2028762846762808 -6.047267450094681 12.95
      vertex -0.9270509831248421 -2.8531695488854605 12.95
      vertex -1.0751038486359008 -2.8007412794916053 12.95
    endloop
  endfacet
  facet normal 0 0 1
    outer loop
      vertex -1.2028762846762808 -6.047267450094681 12.95
      vertex -0.7764571353075622 -2.897777478867205 12.95
      vertex -0.9270509831248421 -2.8531695488854605 12.95
    endloop
  endfacet
  facet normal 0 0 1
    outer loop
      vertex -0.6043482443197178 -6.136050698030364 12.95
      vertex -0.6298227686682997 -4.6449023400711855 12.95
      vertex -0.7764571353075622 -2.897777478867205 12.95
    endloop
  endfacet
  facet normal 0 0 1
    outer loop
      vertex -0.6298227686682997 -4.6449023400711855 12.95
      vertex -0.63287021171875 -4.58287021171875 12.95
      vertex -0.7764571353075622 -2.897777478867205 12.95
    endloop
  endfacet
  facet normal 0 0 1
    outer loop
      vertex -0.63287021171875 -4.58287021171875 12.95
      vertex -0.6298227686682997 -4.520838083366314 12.95
      vertex -0.7764571353075622 -2.897777478867205 12.95
    endloop
  endfacet
  facet normal 0 0 1
    outer loop
      vertex -0.6298227686682997 -4.520838083366314 12.95
      vertex -0.620709788059426 -4.459403358320124 12.95
      vertex -0.7764571353075622 -2.897777478867205 12.95
    endloop
  endfacet
  facet normal 0 0 1
    outer loop
      vertex -0.620709788059426 -4.459403358320124 12.95
      vertex -0.6056190328770548 -4.399157686566009 12.95
      vertex -0.623735072453278 -2.934442802201417 12.95
    endloop
  endfacet
  facet normal 0 0 1
    outer loop
      vertex -0.6056190328770548 -4.399157686566009 12.95
      vertex -0.5846958353430378 -4.340681266856597 12.95
      vertex -0.623735072453278 -2.934442802201417 12.95
    endloop
  endfacet
  facet normal 0 0 1
    outer loop
      vertex -0.5846958353430378 -4.340681266856597 12.95
      vertex -0.5581416972874111 -4.284537259080153 12.95
      vertex -0.623735072453278 -2.934442802201417 12.95
    endloop
  endfacet
  facet normal 0 0 1
    outer loop
      vertex -0.5581416972874111 -4.284537259080153 12.95
      vertex -0.5262123495756188 -4.231266360722999 12.95
      vertex -0.623735072453278 -2.934442802201417 12.95
    endloop
  endfacet
  facet normal 0 0 1
    outer loop
      vertex -0.5262123495756188 -4.231266360722999 12.95
      vertex -0.4892152892804823 -4.181381599657151 12.95
      vertex -0.623735072453278 -2.934442802201417 12.95
    endloop
  endfacet
  facet normal 0 0 1
    outer loop
      vertex -0.4892152892804823 -4.181381599657151 12.95
      vertex -0.4475068183172942 -4.135363393401455 12.95
      vertex -0.623735072453278 -2.934442802201417 12.95
    endloop
  endfacet
  facet normal 0 0 1
    outer loop
      vertex -0.4475068183172942 -4.135363393401455 12.95
      vertex -0.40148861206159947 -4.093654922438268 12.95
      vertex -0.46930339512069263 -2.9630650217854133 12.95
    endloop
  endfacet
  facet normal 0 0 1
    outer loop
      vertex -0.40148861206159947 -4.093654922438268 12.95
      vertex -0.3516038509957509 -4.0566578621431315 12.95
      vertex -0.46930339512069263 -2.9630650217854133 12.95
    endloop
  endfacet
  facet normal 0 0 1
    outer loop
      vertex -0.620709788059426 -4.459403358320124 12.95
      vertex -0.623735072453278 -2.934442802201417 12.95
      vertex -0.7764571353075622 -2.897777478867205 12.95
    endloop
  endfacet
  facet normal 0 0 1
    outer loop
      vertex -0.4475068183172942 -4.135363393401455 12.95
      vertex -0.46930339512069263 -2.9630650217854133 12.95
      vertex -0.623735072453278 -2.934442802201417 12.95
    endloop
  endfacet
  facet normal 0 0 1
    outer loop
      vertex -0.3516038509957509 -4.0566578621431315 12.95
      vertex -0.298332952638597 -4.024728514431339 12.95
      vertex -0.46930339512069263 -2.9630650217854133 12.95
    endloop
  endfacet
  facet normal 0 0 1
    outer loop
      vertex -0.298332952638597 -4.024728514431339 12.95
      vertex -0.2421889448621523 -3.998174376375712 12.95
      vertex -0.46930339512069263 -2.9630650217854133 12.95
    endloop
  endfacet
  facet normal 0 0 1
    outer loop
      vertex -0.2421889448621523 -3.998174376375712 12.95
      vertex -0.18371252515274059 -3.977251178841695 12.95
      vertex -0.3135853898029604 -2.9835656861048196 12.95
    endloop
  endfacet
  facet normal 0 0 1
    outer loop
      vertex -0.18371252515274059 -3.977251178841695 12.95
      vertex -0.1234668533986262 -3.962160423659324 12.95
      vertex -0.3135853898029604 -2.9835656861048196 12.95
    endloop
  endfacet
  facet normal 0 0 1
    outer loop
      vertex -0.2421889448621523 -3.998174376375712 12.95
      vertex -0.3135853898029604 -2.9835656861048196 12.95
      vertex -0.46930339512069263 -2.9630650217854133 12.95
    endloop
  endfacet
  facet normal 0 0 1
    outer loop
      vertex -0.1234668533986262 -3.962160423659324 12.95
      vertex -0.1570078687288315 -2.9958886042637216 12.95
      vertex -0.3135853898029604 -2.9835656861048196 12.95
    endloop
  endfacet
  facet normal 0 0 1
    outer loop
      vertex -0.1234668533986262 -3.962160423659324 12.95
      vertex -0.06203212835243545 -3.9530474430504503 12.95
      vertex -0.1570078687288315 -2.9958886042637216 12.95
    endloop
  endfacet
  facet normal 0 0 1
    outer loop
      vertex -0.06203212835243545 -3.9530474430504503 12.95
      vertex 0 -3.9499999999999997 12.95
      vertex -0.1570078687288315 -2.9958886042637216 12.95
    endloop
  endfacet
  facet normal 0 0 1
    outer loop
      vertex 0 -3.9499999999999997 12.95
      vertex 0 -3 12.95
      vertex -0.1570078687288315 -2.9958886042637216 12.95
    endloop
  endfacet
  facet normal 0 0 1
    outer loop
      vertex -2.906509915724582 -5.437697589881762 12.95
      vertex -2.598076211353316 -1.5 12.95
      vertex -2.673019572565104 -1.3619714992186402 12.95
    endloop
  endfacet
  facet normal 0 0 1
    outer loop
      vertex -2.906509915724582 -5.437697589881762 12.95
      vertex -2.7406363729278027 -1.2202099292274007 12.95
      vertex -2.8007412794916053 -1.0751038486359008 12.95
    endloop
  endfacet
  facet normal 0 0 1
    outer loop
      vertex -2.906509915724582 -5.437697589881762 12.95
      vertex -2.673019572565104 -1.3619714992186402 12.95
      vertex -2.7406363729278027 -1.2202099292274007 12.95
    endloop
  endfacet
  facet normal 0 0 1
    outer loop
      vertex -2.3595267083132443 -5.69640137999138 12.95
      vertex -2.3314378843709127 -1.8879611731495123 12.95
      vertex -2.4270509831248424 -1.7633557568774194 12.95
    endloop
  endfacet
  facet normal 0 0 1
    outer loop
      vertex -2.3595267083132443 -5.69640137999138 12.95
      vertex -2.4270509831248424 -1.7633557568774194 12.95
      vertex -2.516011703836272 -1.6339171050450814 12.95
    endloop
  endfacet
  facet normal 0 0 1
    outer loop
      vertex -2.3595267083132443 -5.69640137999138 12.95
      vertex -2.516011703836272 -1.6339171050450814 12.95
      vertex -2.598076211353316 -1.5 12.95
    endloop
  endfacet
  facet normal 0 0 1
    outer loop
      vertex -2.906509915724582 -5.437697589881762 12.95
      vertex -2.897777478867205 -0.7764571353075622 12.95
      vertex -2.934442802201417 -0.623735072453278 12.95
    endloop
  endfacet
  facet normal 0 0 1
    outer loop
      vertex -2.906509915724582 -5.437697589881762 12.95
      vertex -2.8007412794916053 -1.0751038486359008 12.95
      vertex -2.8531695488854605 -0.9270509831248421 12.95
    endloop
  endfacet
  facet normal 0 0 1
    outer loop
      vertex -2.906509915724582 -5.437697589881762 12.95
      vertex -2.8531695488854605 -0.9270509831248421 12.95
      vertex -2.897777478867205 -0.7764571353075622 12.95
    endloop
  endfacet
  facet normal 0 0 1
    outer loop
      vertex -2.906509915724582 -5.437697589881762 12.95
      vertex -2.934442802201417 -0.623735072453278 12.95
      vertex -2.9630650217854133 -0.46930339512069263 12.95
    endloop
  endfacet
  facet normal 0 0 1
    outer loop
      vertex -2.906509915724582 -5.437697589881762 12.95
      vertex -2.9630650217854133 -0.46930339512069263 12.95
      vertex -2.9835656861048196 -0.3135853898029604 12.95
    endloop
  endfacet
  facet normal 0 0 1
    outer loop
      vertex -2.906509915724582 -5.437697589881762 12.95
      vertex -2.9835656861048196 -0.3135853898029604 12.95
      vertex -2.9958886042637216 -0.1570078687288315 12.95
    endloop
  endfacet
  facet normal 0 0 1
    outer loop
      vertex -2.906509915724582 -5.437697589881762 12.95
      vertex -2.9958886042637216 -0.1570078687288315 12.95
      vertex -3 0 12.95
    endloop
  endfacet
  facet normal 0 0 1
    outer loop
      vertex -2.3595267083132443 -5.69640137999138 12.95
      vertex -2.229434476432183 -2.0073918190765747 12.95
      vertex -2.3314378843709127 -1.8879611731495123 12.95
    endloop
  endfacet
  facet normal 0 0 1
    outer loop
      vertex -2.3595267083132443 -5.69640137999138 12.95
      vertex -2.121320343559643 -2.121320343559643 12.95
      vertex -2.229434476432183 -2.0073918190765747 12.95
    endloop
  endfacet
  facet normal 0 0 -1
    outer loop
      vertex -6.047267450094681 -1.2028762846762808 7
      vertex -6.136050698030364 -0.6043482443197178 7
      vertex -6.047267450094681 1.2028762846762808 7
    endloop
  endfacet
  facet normal 0 0 -1
    outer loop
      vertex -6.047267450094681 -1.2028762846762808 7
      vertex -5.912123004816533 1.2750208645241996 7
      vertex -5.788370343006699 -1.2440224364518715 7
    endloop
  endfacet
  facet normal 0 0 -1
    outer loop
      vertex -6.136050698030364 -0.6043482443197178 7
      vertex -6.1657404234375 0 7
      vertex -6.136050698030364 0.6043482443197178 7
    endloop
  endfacet
  facet normal 0 0 -1
    outer loop
      vertex -5.552924665563703 -1.1464976436528616 7
      vertex -5.552924665563703 1.1464976436528616 7
      vertex -5.443499120512017 -1.080910495993309 7
    endloop
  endfacet
  facet normal 0 0 -1
    outer loop
      vertex -5.443499120512017 -1.080910495993309 7
      vertex -5.443499120512017 1.080910495993309 7
      vertex -5.341029154024761 -1.0049135893715582 7
    endloop
  endfacet
  facet normal 0 0 -1
    outer loop
      vertex -6.136050698030364 -0.6043482443197178 7
      vertex -6.136050698030364 0.6043482443197178 7
      vertex -6.047267450094681 1.2028762846762808 7
    endloop
  endfacet
  facet normal 0 0 -1
    outer loop
      vertex -6.047267450094681 -1.2028762846762808 7
      vertex -6.047267450094681 1.2028762846762808 7
      vertex -6.025002015059204 1.2917648839808975 7
    endloop
  endfacet
  facet normal 0 0 -1
    outer loop
      vertex -6.047267450094681 -1.2028762846762808 7
      vertex -6.025002015059204 1.2917648839808975 7
      vertex -5.912123004816533 1.2750208645241996 7
    endloop
  endfacet
  facet normal 0 0 -1
    outer loop
      vertex -5.788370343006699 -1.2440224364518715 7
      vertex -5.912123004816533 1.2750208645241996 7
      vertex -5.788370343006699 1.2440224364518715 7
    endloop
  endfacet
  facet normal 0 0 -1
    outer loop
      vertex -5.668251961362883 -1.2010433922646728 7
      vertex -5.788370343006699 1.2440224364518715 7
      vertex -5.668251961362883 1.2010433922646728 7
    endloop
  endfacet
  facet normal 0 0 -1
    outer loop
      vertex -5.668251961362883 -1.2010433922646728 7
      vertex -5.668251961362883 1.2010433922646728 7
      vertex -5.552924665563703 1.1464976436528616 7
    endloop
  endfacet
  facet normal 0 0 -1
    outer loop
      vertex -5.443499120512017 -1.080910495993309 7
      vertex -5.552924665563703 1.1464976436528616 7
      vertex -5.443499120512017 1.080910495993309 7
    endloop
  endfacet
  facet normal 0 0 -1
    outer loop
      vertex -5.341029154024761 -1.0049135893715582 7
      vertex -5.341029154024761 1.0049135893715582 7
      vertex -5.246501607894988 -0.9192388155425119 7
    endloop
  endfacet
  facet normal 0 0 -1
    outer loop
      vertex -5.246501607894988 -0.9192388155425119 7
      vertex -5.246501607894988 0.9192388155425119 7
      vertex -5.160826834065942 -0.8247112694127392 7
    endloop
  endfacet
  facet normal 0 0 -1
    outer loop
      vertex -5.160826834065942 -0.8247112694127392 7
      vertex -5.160826834065942 0.8247112694127392 7
      vertex -5.084829927444191 -0.7222413029254828 7
    endloop
  endfacet
  facet normal 0 0 -1
    outer loop
      vertex -5.084829927444191 -0.7222413029254828 7
      vertex -4.964697031172827 0.4974884620746167 7
      vertex -5.019242779784638 -0.6128157578737969 7
    endloop
  endfacet
  facet normal 0 0 -1
    outer loop
      vertex -5.084829927444191 -0.7222413029254828 7
      vertex -5.019242779784638 0.6128157578737969 7
      vertex -4.964697031172827 0.4974884620746167 7
    endloop
  endfacet
  facet normal 0 0 -1
    outer loop
      vertex -5.160826834065942 -0.8247112694127392 7
      vertex -5.246501607894988 0.9192388155425119 7
      vertex -5.160826834065942 0.8247112694127392 7
    endloop
  endfacet
  facet normal 0 0 -1
    outer loop
      vertex -5.084829927444191 -0.7222413029254828 7
      vertex -5.160826834065942 0.8247112694127392 7
      vertex -5.084829927444191 0.7222413029254828 7
    endloop
  endfacet
  facet normal 0 0 -1
    outer loop
      vertex -5.084829927444191 -0.7222413029254828 7
      vertex -5.084829927444191 0.7222413029254828 7
      vertex -5.019242779784638 0.6128157578737969 7
    endloop
  endfacet
  facet normal 0 0 -1
    outer loop
      vertex -5.019242779784638 -0.6128157578737969 7
      vertex -4.964697031172827 0.4974884620746167 7
      vertex -4.964697031172827 -0.4974884620746167 7
    endloop
  endfacet
  facet normal 0 0 -1
    outer loop
      vertex -4.964697031172827 -0.4974884620746167 7
      vertex -4.8907195589133 0.2536174186209667 7
      vertex -4.9217179869856285 -0.37737008043080106 7
    endloop
  endfacet
  facet normal 0 0 -1
    outer loop
      vertex -4.9217179869856285 -0.37737008043080106 7
      vertex -4.8657404234375 0 7
      vertex -4.8907195589133 -0.2536174186209667 7
    endloop
  endfacet
  facet normal 0 0 -1
    outer loop
      vertex -4.8907195589133 -0.2536174186209667 7
      vertex -4.8657404234375 0 7
      vertex -4.872000278763643 -0.1274222824284288 7
    endloop
  endfacet
  facet normal 0 0 -1
    outer loop
      vertex -4.9217179869856285 -0.37737008043080106 7
      vertex -4.872000278763643 0.1274222824284288 7
      vertex -4.8657404234375 0 7
    endloop
  endfacet
  facet normal 0 0 -1
    outer loop
      vertex -4.964697031172827 -0.4974884620746167 7
      vertex -4.9217179869856285 0.37737008043080106 7
      vertex -4.8907195589133 0.2536174186209667 7
    endloop
  endfacet
  facet normal 0 0 -1
    outer loop
      vertex -4.964697031172827 -0.4974884620746167 7
      vertex -4.964697031172827 0.4974884620746167 7
      vertex -4.9217179869856285 0.37737008043080106 7
    endloop
  endfacet
  facet normal 0 0 -1
    outer loop
      vertex -4.9217179869856285 -0.37737008043080106 7
      vertex -4.8907195589133 0.2536174186209667 7
      vertex -4.872000278763643 0.1274222824284288 7
    endloop
  endfacet
  facet normal 0 0 -1
    outer loop
      vertex -5.341029154024761 -1.0049135893715582 7
      vertex -5.443499120512017 1.080910495993309 7
      vertex -5.341029154024761 1.0049135893715582 7
    endloop
  endfacet
  facet normal 0 0 -1
    outer loop
      vertex -5.246501607894988 -0.9192388155425119 7
      vertex -5.341029154024761 1.0049135893715582 7
      vertex -5.246501607894988 0.9192388155425119 7
    endloop
  endfacet
  facet normal 0 0 -1
    outer loop
      vertex -5.985543304982484 1.4492928848260676 7
      vertex -5.900245710841932 1.7898199688523466 7
      vertex -5.879849590702061 1.4164199305903995 7
    endloop
  endfacet
  facet normal 0 0 -1
    outer loop
      vertex -5.879849590702061 1.4164199305903995 7
      vertex -5.900245710841932 1.7898199688523466 7
      vertex -5.754902581212555 1.390654281605678 7
    endloop
  endfacet
  facet normal 0 0 -1
    outer loop
      vertex -5.754902581212555 1.390654281605678 7
      vertex -5.900245710841932 1.7898199688523466 7
      vertex -5.628031750493016 1.3772596498261778 7
    endloop
  endfacet
  facet normal 0 0 -1
    outer loop
      vertex -5.628031750493016 1.3772596498261778 7
      vertex -5.69640137999138 2.3595267083132443 7
      vertex -5.500458933997922 1.376365032878186 7
    endloop
  endfacet
  facet normal 0 0 -1
    outer loop
      vertex -5.628031750493016 1.3772596498261778 7
      vertex -5.900245710841932 1.7898199688523466 7
      vertex -5.69640137999138 2.3595267083132443 7
    endloop
  endfacet
  facet normal 0 0 -1
    outer loop
      vertex -5.500458933997922 1.376365032878186 7
      vertex -5.437697589881762 2.906509915724582 7
      vertex -5.3734127276885175 1.3879790464119601 7
    endloop
  endfacet
  facet normal 0 0 -1
    outer loop
      vertex -5.500458933997922 1.376365032878186 7
      vertex -5.69640137999138 2.3595267083132443 7
      vertex -5.437697589881762 2.906509915724582 7
    endloop
  endfacet
  facet normal 0 0 -1
    outer loop
      vertex -5.3734127276885175 1.3879790464119601 7
      vertex -5.437697589881762 2.906509915724582 7
      vertex -5.2481166559820815 1.4119898411283032 7
    endloop
  endfacet
  facet normal 0 0 -1
    outer loop
      vertex -5.2481166559820815 1.4119898411283032 7
      vertex -5.437697589881762 2.906509915724582 7
      vertex -5.125777388542948 1.4481661799484615 7
    endloop
  endfacet
  facet normal 0 0 -1
    outer loop
      vertex -5.125777388542948 1.4481661799484615 7
      vertex -5.126625799433709 3.4255018437875524 7
      vertex -5.007573119394004 1.4961596649535984 7
    endloop
  endfacet
  facet normal 0 0 -1
    outer loop
      vertex -5.007573119394004 1.4961596649535984 7
      vertex -5.126625799433709 3.4255018437875524 7
      vertex -4.894642220264178 1.5555080926472074 7
    endloop
  endfacet
  facet normal 0 0 -1
    outer loop
      vertex -4.894642220264178 1.5555080926472074 7
      vertex -5.126625799433709 3.4255018437875524 7
      vertex -4.7880722774464 1.6256399052274482 7
    endloop
  endfacet
  facet normal 0 0 -1
    outer loop
      vertex -4.7880722774464 1.6256399052274482 7
      vertex -4.86609316864639 3.776789430774317 7
      vertex -4.688889617747061 1.705879695001224 7
    endloop
  endfacet
  facet normal 0 0 -1
    outer loop
      vertex -4.688889617747061 1.705879695001224 7
      vertex -4.585805354736551 3.5414650606869444 7
      vertex -4.598049424397824 1.7954547089294828 7
    endloop
  endfacet
  facet normal 0 0 -1
    outer loop
      vertex -4.598049424397824 1.7954547089294828 7
      vertex -4.505565564962775 3.4422824009876054 7
      vertex -4.516426538118942 1.8935022906614116 7
    endloop
  endfacet
  facet normal 0 0 -1
    outer loop
      vertex -4.516426538118942 1.8935022906614116 7
      vertex -4.435433752382535 3.3357124581698274 7
      vertex -4.44480703192489 1.9990781883866717 7
    endloop
  endfacet
  facet normal 0 0 -1
    outer loop
      vertex -4.44480703192489 1.9990781883866717 7
      vertex -4.435433752382535 3.3357124581698274 7
      vertex -4.383880640811522 2.1111656484965136 7
    endloop
  endfacet
  facet normal 0 0 -1
    outer loop
      vertex -4.296345590325727 2.350505087731944 7
      vertex -4.257185309561504 2.60232292794099 7
      vertex -4.270579941341004 2.47545209722145 7
    endloop
  endfacet
  facet normal 0 0 -1
    outer loop
      vertex -5.125777388542948 1.4481661799484615 7
      vertex -5.437697589881762 2.906509915724582 7
      vertex -5.126625799433709 3.4255018437875524 7
    endloop
  endfacet
  facet normal 0 0 -1
    outer loop
      vertex -4.7880722774464 1.6256399052274482 7
      vertex -5.126625799433709 3.4255018437875524 7
      vertex -4.86609316864639 3.776789430774317 7
    endloop
  endfacet
  facet normal 0 0 -1
    outer loop
      vertex -4.688889617747061 1.705879695001224 7
      vertex -4.773427950396738 3.713928140315063 7
      vertex -4.675380368664809 3.632305254036181 7
    endloop
  endfacet
  facet normal 0 0 -1
    outer loop
      vertex -4.688889617747061 1.705879695001224 7
      vertex -4.675380368664809 3.632305254036181 7
      vertex -4.585805354736551 3.5414650606869444 7
    endloop
  endfacet
  facet normal 0 0 -1
    outer loop
      vertex -4.688889617747061 1.705879695001224 7
      vertex -4.86609316864639 3.776789430774317 7
      vertex -4.773427950396738 3.713928140315063 7
    endloop
  endfacet
  facet normal 0 0 -1
    outer loop
      vertex -4.6829998535261455 3.827321387201107 7
      vertex -4.769092803406999 3.9075792828508384 7
      vertex -4.7661818000383755 3.9115043165250616 7
    endloop
  endfacet
  facet normal 0 0 -1
    outer loop
      vertex -4.383880640811522 2.1111656484965136 7
      vertex -4.376085324688925 3.2227815590400013 7
      vertex -4.334234119231009 2.2286852074768393 7
    endloop
  endfacet
  facet normal 0 0 -1
    outer loop
      vertex -4.334234119231009 2.2286852074768393 7
      vertex -4.29191550086363 2.9822380224519236 7
      vertex -4.296345590325727 2.350505087731944 7
    endloop
  endfacet
  facet normal 0 0 -1
    outer loop
      vertex -4.296345590325727 2.350505087731944 7
      vertex -4.256290692613513 2.7298957444360834 7
      vertex -4.257185309561504 2.60232292794099 7
    endloop
  endfacet
  facet normal 0 0 -1
    outer loop
      vertex -4.296345590325727 2.350505087731944 7
      vertex -4.267904706147286 2.856941950745488 7
      vertex -4.256290692613513 2.7298957444360834 7
    endloop
  endfacet
  facet normal 0 0 -1
    outer loop
      vertex -4.334234119231009 2.2286852074768393 7
      vertex -4.376085324688925 3.2227815590400013 7
      vertex -4.328091839683788 3.1045772898910564 7
    endloop
  endfacet
  facet normal 0 0 -1
    outer loop
      vertex -4.296345590325727 2.350505087731944 7
      vertex -4.29191550086363 2.9822380224519236 7
      vertex -4.267904706147286 2.856941950745488 7
    endloop
  endfacet
  facet normal 0 0 -1
    outer loop
      vertex -4.334234119231009 2.2286852074768393 7
      vertex -4.328091839683788 3.1045772898910564 7
      vertex -4.29191550086363 2.9822380224519236 7
    endloop
  endfacet
  facet normal 0 0 -1
    outer loop
      vertex -4.598049424397824 1.7954547089294828 7
      vertex -4.585805354736551 3.5414650606869444 7
      vertex -4.505565564962775 3.4422824009876054 7
    endloop
  endfacet
  facet normal 0 0 -1
    outer loop
      vertex -4.516426538118942 1.8935022906614116 7
      vertex -4.505565564962775 3.4422824009876054 7
      vertex -4.435433752382535 3.3357124581698274 7
    endloop
  endfacet
  facet normal 0 0 -1
    outer loop
      vertex -4.383880640811522 2.1111656484965136 7
      vertex -4.435433752382535 3.3357124581698274 7
      vertex -4.376085324688925 3.2227815590400013 7
    endloop
  endfacet
  facet normal 0 0 -1
    outer loop
      vertex -4.581605783960875 3.7498948639357086 7
      vertex -4.359836864448671 4.359836864448671 7
      vertex -4.4731108281582435 3.682779527287818 7
    endloop
  endfacet
  facet normal 0 0 -1
    outer loop
      vertex -4.4731108281582435 3.682779527287818 7
      vertex -4.359836864448671 4.359836864448671 7
      vertex -4.358559851852007 3.62662173463833 7
    endloop
  endfacet
  facet normal 0 0 -1
    outer loop
      vertex -4.358559851852007 3.62662173463833 7
      vertex -4.359836864448671 4.359836864448671 7
      vertex -4.239056043563931 3.5819623162294327 7
    endloop
  endfacet
  facet normal 0 0 -1
    outer loop
      vertex -4.239056043563931 3.5819623162294327 7
      vertex -4.359836864448671 4.359836864448671 7
      vertex -4.115750290295252 3.549231366673724 7
    endloop
  endfacet
  facet normal 0 0 -1
    outer loop
      vertex -4.115750290295252 3.549231366673724 7
      vertex -4.359836864448671 4.359836864448671 7
      vertex -3.9898300938557316 3.5287441029079822 7
    endloop
  endfacet
  facet normal 0 0 -1
    outer loop
      vertex -3.9898300938557316 3.5287441029079822 7
      vertex -4.359836864448671 4.359836864448671 7
      vertex -3.862508134572063 3.5206978284817505 7
    endloop
  endfacet
  facet normal 0 0 -1
    outer loop
      vertex -3.862508134572063 3.5206978284817505 7
      vertex -3.9115043165250616 4.7661818000383755 7
      vertex -3.7350105925134094 3.5251700334162925 7
    endloop
  endfacet
  facet normal 0 0 -1
    outer loop
      vertex -4.6829998535261455 3.827321387201107 7
      vertex -4.359836864448671 4.359836864448671 7
      vertex -4.581605783960875 3.7498948639357086 7
    endloop
  endfacet
  facet normal 0 0 -1
    outer loop
      vertex -4.6829998535261455 3.827321387201107 7
      vertex -4.7661818000383755 3.9115043165250616 7
      vertex -4.359836864448671 4.359836864448671 7
    endloop
  endfacet
  facet normal 0 0 -1
    outer loop
      vertex -3.862508134572063 3.5206978284817505 7
      vertex -4.359836864448671 4.359836864448671 7
      vertex -3.9115043165250616 4.7661818000383755 7
    endloop
  endfacet
  facet normal 0 0 -1
    outer loop
      vertex -3.7350105925134094 3.5251700334162925 7
      vertex -3.9115043165250616 4.7661818000383755 7
      vertex -3.6085653387070433 3.5421176479333343 7
    endloop
  endfacet
  facet normal 0 0 -1
    outer loop
      vertex -3.6085653387070433 3.5421176479333343 7
      vertex -3.9115043165250616 4.7661818000383755 7
      vertex -3.484390110069127 3.571377457240568 7
    endloop
  endfacet
  facet normal 0 0 -1
    outer loop
      vertex -3.484390110069127 3.571377457240568 7
      vertex -3.9115043165250616 4.7661818000383755 7
      vertex -3.4255018437875524 5.126625799433709 7
    endloop
  endfacet
  facet normal 0 0 -1
    outer loop
      vertex -3.484390110069127 3.571377457240568 7
      vertex -3.4255018437875524 5.126625799433709 7
      vertex -3.363680781932528 3.6126676733793266 7
    endloop
  endfacet
  facet normal 0 0 -1
    outer loop
      vertex -3.363680781932528 3.6126676733793266 7
      vertex -3.4255018437875524 5.126625799433709 7
      vertex -3.2475998511136326 3.665590648996664 7
    endloop
  endfacet
  facet normal 0 0 -1
    outer loop
      vertex -3.2475998511136326 3.665590648996664 7
      vertex -3.4255018437875524 5.126625799433709 7
      vertex -3.1372652404325176 3.7296367069067444 7
    endloop
  endfacet
  facet normal 0 0 -1
    outer loop
      vertex -3.1372652404325176 3.7296367069067444 7
      vertex -3.4255018437875524 5.126625799433709 7
      vertex -3.033739532505078 3.804189048560759 7
    endloop
  endfacet
  facet normal 0 0 -1
    outer loop
      vertex -3.4255018437875524 5.126625799433709 7
      vertex -3 3.833917632114099 7
      vertex -3.033739532505078 3.804189048560759 7
    endloop
  endfacet
  facet normal 0 0 -1
    outer loop
      vertex -3.4255018437875524 5.126625799433709 7
      vertex -3 5.3816617898390975 7
      vertex -3 3.833917632114099 7
    endloop
  endfacet
  facet normal -0.9987954562051724 -0.049067674327417155 0
    outer loop
      vertex -6.136050698030364 -0.6043482443197178 7
      vertex -6.1657404234375 0 12.95
      vertex -6.1657404234375 0 7
    endloop
  endfacet
  facet normal -0.9987954562051724 0.049067674327417155 0
    outer loop
      vertex -6.1657404234375 0 7
      vertex -6.136050698030364 0.6043482443197178 12.95
      vertex -6.136050698030364 0.6043482443197178 7
    endloop
  endfacet
  facet normal -0.989176509964781 0.14673047445536225 0
    outer loop
      vertex -6.136050698030364 0.6043482443197178 7
      vertex -6.047267450094681 1.2028762846762808 12.95
      vertex -6.047267450094681 1.2028762846762808 7
    endloop
  endfacet
  facet normal -0.9700312531945426 0.24298017990326937 -4.2315998716340874e-16
    outer loop
      vertex -6.047267450094681 1.2028762846762808 7
      vertex -5.900245710841932 1.7898199688523466 12.95
      vertex -6.025002015059204 1.2917648839808975 7
    endloop
  endfacet
  facet normal -0.9700312531945448 0.24298017990326065 3.5290811863332125e-16
    outer loop
      vertex -6.025002015059204 1.2917648839808975 7
      vertex -5.900245710841932 1.7898199688523466 12.95
      vertex -5.990475643742075 1.4296018847204213 7
    endloop
  endfacet
  facet normal -0.9700312531945404 0.24298017990327794 -7.576239697985645e-16
    outer loop
      vertex -5.990475643742075 1.4296018847204213 7
      vertex -5.900245710841932 1.7898199688523466 12.95
      vertex -5.985543304982484 1.4492928848260676 7
    endloop
  endfacet
  facet normal -0.9700312531945436 0.24298017990326545 0
    outer loop
      vertex -5.985543304982484 1.4492928848260676 7
      vertex -5.900245710841932 1.7898199688523466 12.95
      vertex -5.900245710841932 1.7898199688523466 7
    endloop
  endfacet
  facet normal -0.9415440651830211 0.33688985339221916 0
    outer loop
      vertex -5.900245710841932 1.7898199688523466 7
      vertex -5.69640137999138 2.3595267083132443 12.95
      vertex -5.69640137999138 2.3595267083132443 7
    endloop
  endfacet
  facet normal -0.9987954562051724 0.049067674327417155 0
    outer loop
      vertex -6.1657404234375 0 7
      vertex -6.1657404234375 0 12.95
      vertex -6.136050698030364 0.6043482443197178 12.95
    endloop
  endfacet
  facet normal -0.989176509964781 0.14673047445536225 0
    outer loop
      vertex -6.136050698030364 0.6043482443197178 7
      vertex -6.136050698030364 0.6043482443197178 12.95
      vertex -6.047267450094681 1.2028762846762808 12.95
    endloop
  endfacet
  facet normal 0 0 1
    outer loop
      vertex -6.136050698030364 -0.6043482443197178 12.95
      vertex -6.136050698030364 0.6043482443197178 12.95
      vertex -6.1657404234375 0 12.95
    endloop
  endfacet
  facet normal 0 0 1
    outer loop
      vertex -6.047267450094681 -1.2028762846762808 12.95
      vertex -6.047267450094681 1.2028762846762808 12.95
      vertex -6.136050698030364 0.6043482443197178 12.95
    endloop
  endfacet
  facet normal 0 0 1
    outer loop
      vertex -5.900245710841932 -1.7898199688523466 12.95
      vertex -5.900245710841932 1.7898199688523466 12.95
      vertex -6.047267450094681 1.2028762846762808 12.95
    endloop
  endfacet
  facet normal 0 0 1
    outer loop
      vertex -5.69640137999138 -2.3595267083132443 12.95
      vertex -5.69640137999138 2.3595267083132443 12.95
      vertex -5.900245710841932 1.7898199688523466 12.95
    endloop
  endfacet
  facet normal 0 0 1
    outer loop
      vertex -5.437697589881762 -2.906509915724582 12.95
      vertex -5.437697589881762 2.906509915724582 12.95
      vertex -5.69640137999138 2.3595267083132443 12.95
    endloop
  endfacet
  facet normal 0 0 1
    outer loop
      vertex -5.126625799433709 -3.4255018437875524 12.95
      vertex -5.2157404234374996 0 12.95
      vertex -5.437697589881762 2.906509915724582 12.95
    endloop
  endfacet
  facet normal 0 0 1
    outer loop
      vertex -5.2157404234374996 0 12.95
      vertex -5.212692980387049 0.06203212835243545 12.95
      vertex -5.437697589881762 2.906509915724582 12.95
    endloop
  endfacet
  facet normal 0 0 1
    outer loop
      vertex -5.212692980387049 0.06203212835243545 12.95
      vertex -5.203579999778176 0.1234668533986262 12.95
      vertex -5.437697589881762 2.906509915724582 12.95
    endloop
  endfacet
  facet normal -0.9700312531945436 0.24298017990326537 0
    outer loop
      vertex -6.047267450094681 1.2028762846762808 7
      vertex -6.047267450094681 1.2028762846762808 12.95
      vertex -5.900245710841932 1.7898199688523466 12.95
    endloop
  endfacet
  facet normal -0.9415440651830211 0.33688985339221916 0
    outer loop
      vertex -5.900245710841932 1.7898199688523466 7
      vertex -5.900245710841932 1.7898199688523466 12.95
      vertex -5.69640137999138 2.3595267083132443 12.95
    endloop
  endfacet
  facet normal 0 0 1
    outer loop
      vertex -5.203579999778176 0.1234668533986262 12.95
      vertex -5.188489244595805 0.18371252515274059 12.95
      vertex -5.437697589881762 2.906509915724582 12.95
    endloop
  endfacet
  facet normal 0 0 1
    outer loop
      vertex -5.188489244595805 0.18371252515274059 12.95
      vertex -5.167566047061788 0.2421889448621523 12.95
      vertex -5.437697589881762 2.906509915724582 12.95
    endloop
  endfacet
  facet normal 0 0 1
    outer loop
      vertex -5.167566047061788 0.2421889448621523 12.95
      vertex -5.141011909006161 0.298332952638597 12.95
      vertex -5.437697589881762 2.906509915724582 12.95
    endloop
  endfacet
  facet normal 0 0 1
    outer loop
      vertex -5.141011909006161 0.298332952638597 12.95
      vertex -5.109082561294368 0.3516038509957509 12.95
      vertex -5.126625799433709 3.4255018437875524 12.95
    endloop
  endfacet
  facet normal 0 0 1
    outer loop
      vertex -5.109082561294368 0.3516038509957509 12.95
      vertex -5.072085500999232 0.40148861206159947 12.95
      vertex -5.126625799433709 3.4255018437875524 12.95
    endloop
  endfacet
  facet normal 0 0 1
    outer loop
      vertex -5.072085500999232 0.40148861206159947 12.95
      vertex -5.030377030036044 0.4475068183172942 12.95
      vertex -5.126625799433709 3.4255018437875524 12.95
    endloop
  endfacet
  facet normal 0 0 1
    outer loop
      vertex -5.030377030036044 0.4475068183172942 12.95
      vertex -4.984358823780349 0.4892152892804823 12.95
      vertex -5.126625799433709 3.4255018437875524 12.95
    endloop
  endfacet
  facet normal 0 0 1
    outer loop
      vertex -4.984358823780349 0.4892152892804823 12.95
      vertex -4.934474062714501 0.5262123495756188 12.95
      vertex -5.126625799433709 3.4255018437875524 12.95
    endloop
  endfacet
  facet normal 0 0 1
    outer loop
      vertex -4.934474062714501 0.5262123495756188 12.95
      vertex -4.881203164357347 0.5581416972874111 12.95
      vertex -5.126625799433709 3.4255018437875524 12.95
    endloop
  endfacet
  facet normal 0 0 1
    outer loop
      vertex -4.881203164357347 0.5581416972874111 12.95
      vertex -4.8250591565809025 0.5846958353430378 12.95
      vertex -5.126625799433709 3.4255018437875524 12.95
    endloop
  endfacet
  facet normal 0 0 1
    outer loop
      vertex -4.8250591565809025 0.5846958353430378 12.95
      vertex -4.766582736871491 0.6056190328770548 12.95
      vertex -5.126625799433709 3.4255018437875524 12.95
    endloop
  endfacet
  facet normal 0 0 1
    outer loop
      vertex -4.766582736871491 0.6056190328770548 12.95
      vertex -4.706337065117376 0.620709788059426 12.95
      vertex -4.7661818000383755 3.9115043165250616 12.95
    endloop
  endfacet
  facet normal 0 0 1
    outer loop
      vertex -4.706337065117376 0.620709788059426 12.95
      vertex -4.6449023400711855 0.6298227686682997 12.95
      vertex -4.7661818000383755 3.9115043165250616 12.95
    endloop
  endfacet
  facet normal 0 0 1
    outer loop
      vertex -4.6449023400711855 0.6298227686682997 12.95
      vertex -4.58287021171875 0.63287021171875 12.95
      vertex -4.7661818000383755 3.9115043165250616 12.95
    endloop
  endfacet
  facet normal 0 0 1
    outer loop
      vertex -5.141011909006161 0.298332952638597 12.95
      vertex -5.126625799433709 3.4255018437875524 12.95
      vertex -5.437697589881762 2.906509915724582 12.95
    endloop
  endfacet
  facet normal 0 0 1
    outer loop
      vertex -3.9115043165250616 -4.7661818000383755 12.95
      vertex -3.9115043165250616 4.7661818000383755 12.95
      vertex -3.9499999999999997 0 12.95
    endloop
  endfacet
  facet normal 0 0 1
    outer loop
      vertex -2.906509915724582 -5.437697589881762 12.95
      vertex -3 0 12.95
      vertex -3.4255018437875524 5.126625799433709 12.95
    endloop
  endfacet
  facet normal 0 0 1
    outer loop
      vertex -4.58287021171875 0.63287021171875 12.95
      vertex -4.520838083366314 0.6298227686682997 12.95
      vertex -4.7661818000383755 3.9115043165250616 12.95
    endloop
  endfacet
  facet normal 0 0 1
    outer loop
      vertex -4.520838083366314 0.6298227686682997 12.95
      vertex -4.459403358320124 0.620709788059426 12.95
      vertex -4.7661818000383755 3.9115043165250616 12.95
    endloop
  endfacet
  facet normal 0 0 1
    outer loop
      vertex -4.459403358320124 0.620709788059426 12.95
      vertex -4.399157686566009 0.6056190328770548 12.95
      vertex -4.7661818000383755 3.9115043165250616 12.95
    endloop
  endfacet
  facet normal 0 0 1
    outer loop
      vertex -3.962160423659324 0.1234668533986262 12.95
      vertex -3.9115043165250616 4.7661818000383755 12.95
      vertex -3.977251178841695 0.18371252515274059 12.95
    endloop
  endfacet
  facet normal 0 0 1
    outer loop
      vertex -3.998174376375712 0.2421889448621523 12.95
      vertex -3.9115043165250616 4.7661818000383755 12.95
      vertex -4.024728514431339 0.298332952638597 12.95
    endloop
  endfacet
  facet normal 0 0 1
    outer loop
      vertex -3.977251178841695 0.18371252515274059 12.95
      vertex -3.9115043165250616 4.7661818000383755 12.95
      vertex -3.998174376375712 0.2421889448621523 12.95
    endloop
  endfacet
  facet normal 0 0 1
    outer loop
      vertex -3.9499999999999997 0 12.95
      vertex -3.9115043165250616 4.7661818000383755 12.95
      vertex -3.9530474430504503 0.06203212835243545 12.95
    endloop
  endfacet
  facet normal 0 0 1
    outer loop
      vertex -3.9530474430504503 0.06203212835243545 12.95
      vertex -3.9115043165250616 4.7661818000383755 12.95
      vertex -3.962160423659324 0.1234668533986262 12.95
    endloop
  endfacet
  facet normal 0 0 1
    outer loop
      vertex -4.399157686566009 0.6056190328770548 12.95
      vertex -4.340681266856597 0.5846958353430378 12.95
      vertex -4.359836864448671 4.359836864448671 12.95
    endloop
  endfacet
  facet normal 0 0 1
    outer loop
      vertex -4.284537259080153 0.5581416972874111 12.95
      vertex -4.231266360722999 0.5262123495756188 12.95
      vertex -4.359836864448671 4.359836864448671 12.95
    endloop
  endfacet
  facet normal 0 0 1
    outer loop
      vertex -4.284537259080153 0.5581416972874111 12.95
      vertex -4.359836864448671 4.359836864448671 12.95
      vertex -4.340681266856597 0.5846958353430378 12.95
    endloop
  endfacet
  facet normal 0 0 1
    outer loop
      vertex -4.231266360722999 0.5262123495756188 12.95
      vertex -4.181381599657151 0.4892152892804823 12.95
      vertex -4.359836864448671 4.359836864448671 12.95
    endloop
  endfacet
  facet normal 0 0 1
    outer loop
      vertex -4.181381599657151 0.4892152892804823 12.95
      vertex -4.135363393401455 0.4475068183172942 12.95
      vertex -3.9115043165250616 4.7661818000383755 12.95
    endloop
  endfacet
  facet normal 0 0 1
    outer loop
      vertex -4.135363393401455 0.4475068183172942 12.95
      vertex -4.093654922438268 0.40148861206159947 12.95
      vertex -3.9115043165250616 4.7661818000383755 12.95
    endloop
  endfacet
  facet normal 0 0 1
    outer loop
      vertex -4.0566578621431315 0.3516038509957509 12.95
      vertex -3.9115043165250616 4.7661818000383755 12.95
      vertex -4.093654922438268 0.40148861206159947 12.95
    endloop
  endfacet
  facet normal 0 0 1
    outer loop
      vertex -4.0566578621431315 0.3516038509957509 12.95
      vertex -4.024728514431339 0.298332952638597 12.95
      vertex -3.9115043165250616 4.7661818000383755 12.95
    endloop
  endfacet
  facet normal 0 0 1
    outer loop
      vertex -3.4255018437875524 -5.126625799433709 12.95
      vertex -3.4255018437875524 5.126625799433709 12.95
      vertex -3.9115043165250616 4.7661818000383755 12.95
    endloop
  endfacet
  facet normal -0.9039892931234436 0.4275550934302814 0
    outer loop
      vertex -5.69640137999138 2.3595267083132443 7
      vertex -5.437697589881762 2.906509915724582 12.95
      vertex -5.437697589881762 2.906509915724582 7
    endloop
  endfacet
  facet normal -0.8577286100002718 0.514102744193222 0
    outer loop
      vertex -5.437697589881762 2.906509915724582 7
      vertex -5.126625799433709 3.4255018437875524 12.95
      vertex -5.126625799433709 3.4255018437875524 7
    endloop
  endfacet
  facet normal -0.8032075314806453 0.5956993044924328 6.399550806201177e-17
    outer loop
      vertex -5.126625799433709 3.4255018437875524 7
      vertex -4.7661818000383755 3.9115043165250616 12.95
      vertex -4.86609316864639 3.776789430774317 7
    endloop
  endfacet
  facet normal -0.8032075314806438 0.5956993044924348 -5.3714095666093885e-18
    outer loop
      vertex -4.86609316864639 3.776789430774317 7
      vertex -4.7661818000383755 3.9115043165250616 12.95
      vertex -4.769092803406999 3.9075792828508384 7
    endloop
  endfacet
  facet normal -0.8032075314806467 0.5956993044924308 0
    outer loop
      vertex -4.769092803406999 3.9075792828508384 7
      vertex -4.7661818000383755 3.9115043165250616 12.95
      vertex -4.7661818000383755 3.9115043165250616 7
    endloop
  endfacet
  facet normal -0.7409511253549595 0.6715589548470178 0
    outer loop
      vertex -4.7661818000383755 3.9115043165250616 7
      vertex -4.359836864448671 4.359836864448671 12.95
      vertex -4.359836864448671 4.359836864448671 7
    endloop
  endfacet
  facet normal -0.6715589548470178 0.7409511253549595 0
    outer loop
      vertex -4.359836864448671 4.359836864448671 7
      vertex -4.359836864448671 4.359836864448671 12.95
      vertex -3.9115043165250616 4.7661818000383755 7
    endloop
  endfacet
  facet normal -0.5956993044924334 0.8032075314806448 0
    outer loop
      vertex -3.9115043165250616 4.7661818000383755 7
      vertex -3.9115043165250616 4.7661818000383755 12.95
      vertex -3.4255018437875524 5.126625799433709 7
    endloop
  endfacet
  facet normal -0.514102744193222 0.8577286100002718 0
    outer loop
      vertex -3.4255018437875524 5.126625799433709 7
      vertex -3.4255018437875524 5.126625799433709 12.95
      vertex -3 5.3816617898390975 7
    endloop
  endfacet
  facet normal -0.9039892931234436 0.4275550934302814 0
    outer loop
      vertex -5.69640137999138 2.3595267083132443 7
      vertex -5.69640137999138 2.3595267083132443 12.95
      vertex -5.437697589881762 2.906509915724582 12.95
    endloop
  endfacet
  facet normal -0.8577286100002718 0.514102744193222 0
    outer loop
      vertex -5.437697589881762 2.906509915724582 7
      vertex -5.437697589881762 2.906509915724582 12.95
      vertex -5.126625799433709 3.4255018437875524 12.95
    endloop
  endfacet
  facet normal -0.8032075314806448 0.5956993044924334 0
    outer loop
      vertex -5.126625799433709 3.4255018437875524 7
      vertex -5.126625799433709 3.4255018437875524 12.95
      vertex -4.7661818000383755 3.9115043165250616 12.95
    endloop
  endfacet
  facet normal 0 0 1
    outer loop
      vertex -4.766582736871491 0.6056190328770548 12.95
      vertex -4.7661818000383755 3.9115043165250616 12.95
      vertex -5.126625799433709 3.4255018437875524 12.95
    endloop
  endfacet
  facet normal -0.7409511253549595 0.6715589548470178 0
    outer loop
      vertex -4.7661818000383755 3.9115043165250616 7
      vertex -4.7661818000383755 3.9115043165250616 12.95
      vertex -4.359836864448671 4.359836864448671 12.95
    endloop
  endfacet
  facet normal 0 0 1
    outer loop
      vertex -4.399157686566009 0.6056190328770548 12.95
      vertex -4.359836864448671 4.359836864448671 12.95
      vertex -4.7661818000383755 3.9115043165250616 12.95
    endloop
  endfacet
  facet normal 0 0 1
    outer loop
      vertex -4.181381599657151 0.4892152892804823 12.95
      vertex -3.9115043165250616 4.7661818000383755 12.95
      vertex -4.359836864448671 4.359836864448671 12.95
    endloop
  endfacet
  facet normal 0 0 1
    outer loop
      vertex -3.4255018437875524 5.126625799433709 12.95
      vertex -3 0 12.95
      vertex -3 5.3816617898390975 12.95
    endloop
  endfacet
  facet normal -0.6715589548470178 0.7409511253549595 0
    outer loop
      vertex -3.9115043165250616 4.7661818000383755 7
      vertex -4.359836864448671 4.359836864448671 12.95
      vertex -3.9115043165250616 4.7661818000383755 12.95
    endloop
  endfacet
  facet normal -0.5956993044924334 0.8032075314806448 0
    outer loop
      vertex -3.4255018437875524 5.126625799433709 7
      vertex -3.9115043165250616 4.7661818000383755 12.95
      vertex -3.4255018437875524 5.126625799433709 12.95
    endloop
  endfacet
  facet normal -0.514102744193222 0.8577286100002718 0
    outer loop
      vertex -3.4255018437875524 5.126625799433709 12.95
      vertex -3 5.3816617898390975 12.95
      vertex -3 5.3816617898390975 7
    endloop
  endfacet
  facet normal 0 0 -1
    outer loop
      vertex 0.08133903684711755 -6.161744492793918 7
      vertex 0.07251770325754259 -6.047612571235625 7
      vertex 0.6043482443197178 -6.136050698030364 7
    endloop
  endfacet
  facet normal 0 0 -1
    outer loop
      vertex 0.07251770325754259 -6.047612571235625 7
      vertex 0.07520137813351169 -5.920064847864587 7
      vertex 0.6043482443197178 -6.136050698030364 7
    endloop
  endfacet
  facet normal 0 0 -1
    outer loop
      vertex 0.07520137813351169 -5.920064847864587 7
      vertex 0.09037399348180464 -5.793394347780837 7
      vertex 0.6043482443197178 -6.136050698030364 7
    endloop
  endfacet
  facet normal 0 0 -1
    outer loop
      vertex 0.09037399348180464 -5.793394347780837 7
      vertex 0.1178894287224228 -5.66882097714532 7
      vertex 0.6043482443197178 -6.136050698030364 7
    endloop
  endfacet
  facet normal 0 0 -1
    outer loop
      vertex 0.1178894287224228 -5.66882097714532 7
      vertex 0.15748269517253166 -5.547544445615988 7
      vertex 0.6043482443197178 -6.136050698030364 7
    endloop
  endfacet
  facet normal 0 0 -1
    outer loop
      vertex 0.15748269517253166 -5.547544445615988 7
      vertex 0.20877248803233572 -5.430732712487963 7
      vertex 0.6043482443197178 -6.136050698030364 7
    endloop
  endfacet
  facet normal 0 0 -1
    outer loop
      vertex 0.20877248803233572 -5.430732712487963 7
      vertex 0.27126485855874205 -5.3195107386070575 7
      vertex 0.6043482443197178 -6.136050698030364 7
    endloop
  endfacet
  facet normal 0 0 -1
    outer loop
      vertex 0.6043482443197178 -6.136050698030364 7
      vertex 0.27126485855874205 -5.3195107386070575 7
      vertex 0.344357971061777 -5.21494965238186 7
    endloop
  endfacet
  facet normal 0 0 -1
    outer loop
      vertex 0.6043482443197178 -6.136050698030364 7
      vertex 0.344357971061777 -5.21494965238186 7
      vertex 0.42734789891127645 -5.118056434231622 7
    endloop
  endfacet
  facet normal 0 0 -1
    outer loop
      vertex 0.6043482443197178 -6.136050698030364 7
      vertex 0.42734789891127645 -5.118056434231622 7
      vertex 0.5194354037351403 -5.029764218814354 7
    endloop
  endfacet
  facet normal 0 0 -1
    outer loop
      vertex 0.6043482443197178 -6.136050698030364 7
      vertex 0.5194354037351403 -5.029764218814354 7
      vertex 0.6197336325217642 -4.950923308429957 7
    endloop
  endfacet
  facet normal 0 0 -1
    outer loop
      vertex 0.6043482443197178 -6.136050698030364 7
      vertex 0.6197336325217642 -4.950923308429957 7
      vertex 1.2028762846762808 -6.047267450094681 7
    endloop
  endfacet
  facet normal 0 0 -1
    outer loop
      vertex 1.2028762846762808 -6.047267450094681 7
      vertex 1.5897644078516693 -4.729520114003289 7
      vertex 1.7898199688523466 -5.900245710841932 7
    endloop
  endfacet
  facet normal 0 0 -1
    outer loop
      vertex 0.6197336325217642 -4.950923308429957 7
      vertex 0.7272766584993438 -4.882292984144258 7
      vertex 1.2028762846762808 -6.047267450094681 7
    endloop
  endfacet
  facet normal 0 0 -1
    outer loop
      vertex 0.7272766584993438 -4.882292984144258 7
      vertex 0.8410287835387169 -4.82453419349728 7
      vertex 1.2028762846762808 -6.047267450094681 7
    endloop
  endfacet
  facet normal 0 0 -1
    outer loop
      vertex 1.2028762846762808 -6.047267450094681 7
      vertex 0.8410287835387169 -4.82453419349728 7
      vertex 0.9598945124925171 -4.778203185217121 7
    endloop
  endfacet
  facet normal 0 0 -1
    outer loop
      vertex 1.2028762846762808 -6.047267450094681 7
      vertex 0.9598945124925171 -4.778203185217121 7
      vertex 1.0827291034123032 -4.743746152240624 7
    endloop
  endfacet
  facet normal 0 0 -1
    outer loop
      vertex 1.2028762846762808 -6.047267450094681 7
      vertex 1.0827291034123032 -4.743746152240624 7
      vertex 1.2083495920392986 -4.721494934631483 7
    endloop
  endfacet
  facet normal 0 0 -1
    outer loop
      vertex 1.2028762846762808 -6.047267450094681 7
      vertex 1.2083495920392986 -4.721494934631483 7
      vertex 1.3355461843968823 -4.711663823779027 7
    endloop
  endfacet
  facet normal 0 0 -1
    outer loop
      vertex 1.2028762846762808 -6.047267450094681 7
      vertex 1.3355461843968823 -4.711663823779027 7
      vertex 1.4630939077679193 -4.714347498654996 7
    endloop
  endfacet
  facet normal 0 0 -1
    outer loop
      vertex 1.2028762846762808 -6.047267450094681 7
      vertex 1.4630939077679193 -4.714347498654996 7
      vertex 1.5897644078516693 -4.729520114003289 7
    endloop
  endfacet
  facet normal 0 0 -1
    outer loop
      vertex 1.7898199688523466 -5.900245710841932 7
      vertex 2.3533945368181524 -5.158581524256625 7
      vertex 2.3595267083132443 -5.69640137999138 7
    endloop
  endfacet
  facet normal 0 0 -1
    outer loop
      vertex 1.7898199688523466 -5.900245710841932 7
      vertex 1.5897644078516693 -4.729520114003289 7
      vertex 1.714337778487186 -4.7570355492439065 7
    endloop
  endfacet
  facet normal 0 0 -1
    outer loop
      vertex 1.7898199688523466 -5.900245710841932 7
      vertex 1.714337778487186 -4.7570355492439065 7
      vertex 1.8356143100165185 -4.796628815694016 7
    endloop
  endfacet
  facet normal 0 0 -1
    outer loop
      vertex 1.7898199688523466 -5.900245710841932 7
      vertex 1.8356143100165185 -4.796628815694016 7
      vertex 1.9524260431445437 -4.84791860855382 7
    endloop
  endfacet
  facet normal 0 0 -1
    outer loop
      vertex 1.7898199688523466 -5.900245710841932 7
      vertex 2.063648017025449 -4.9104109790802255 7
      vertex 2.168209103250647 -4.983504091583262 7
    endloop
  endfacet
  facet normal 0 0 -1
    outer loop
      vertex 1.7898199688523466 -5.900245710841932 7
      vertex 2.168209103250647 -4.983504091583262 7
      vertex 2.2651023214008843 -5.066494019432761 7
    endloop
  endfacet
  facet normal 0 0 -1
    outer loop
      vertex 1.7898199688523466 -5.900245710841932 7
      vertex 1.9524260431445437 -4.84791860855382 7
      vertex 2.063648017025449 -4.9104109790802255 7
    endloop
  endfacet
  facet normal 0 0 -1
    outer loop
      vertex 1.7898199688523466 -5.900245710841932 7
      vertex 2.2651023214008843 -5.066494019432761 7
      vertex 2.3533945368181524 -5.158581524256625 7
    endloop
  endfacet
  facet normal 0 0 -1
    outer loop
      vertex 2.3595267083132443 -5.69640137999138 7
      vertex 2.5008657714882485 -5.366422779020828 7
      vertex 2.5586245621352264 -5.480174904060201 7
    endloop
  endfacet
  facet normal 0 0 -1
    outer loop
      vertex 2.3595267083132443 -5.69640137999138 7
      vertex 2.5586245621352264 -5.480174904060201 7
      vertex 2.598795225578969 -5.583235799344949 7
    endloop
  endfacet
  facet normal 0 0 -1
    outer loop
      vertex 2.689296948148896 -5.417246399576998 7
      vertex 2.906509915724582 -5.437697589881762 7
      vertex 2.745399825690964 -5.513896987508343 7
    endloop
  endfacet
  facet normal 0 0 -1
    outer loop
      vertex 2.3595267083132443 -5.69640137999138 7
      vertex 2.3533945368181524 -5.158581524256625 7
      vertex 2.43223544720255 -5.2588797530432485 7
    endloop
  endfacet
  facet normal 0 0 -1
    outer loop
      vertex 2.3595267083132443 -5.69640137999138 7
      vertex 2.43223544720255 -5.2588797530432485 7
      vertex 2.5008657714882485 -5.366422779020828 7
    endloop
  endfacet
  facet normal 0 0 -1
    outer loop
      vertex 2.906509915724582 -5.437697589881762 7
      vertex 2.5950837563927998 -5.180456140621503 7
      vertex 2.5658239470855664 -5.056280911983586 7
    endloop
  endfacet
  facet normal 0 0 -1
    outer loop
      vertex 2.906509915724582 -5.437697589881762 7
      vertex 2.5658239470855664 -5.056280911983586 7
      vertex 2.5488763325685246 -4.929835658177221 7
    endloop
  endfacet
  facet normal 0 0 -1
    outer loop
      vertex 2.906509915724582 -5.437697589881762 7
      vertex 2.5488763325685246 -4.929835658177221 7
      vertex 2.544404127633982 -4.802338116118568 7
    endloop
  endfacet
  facet normal 0 0 -1
    outer loop
      vertex 2.906509915724582 -5.437697589881762 7
      vertex 2.544404127633982 -4.802338116118568 7
      vertex 2.5524504020602143 -4.675016156834898 7
    endloop
  endfacet
  facet normal 0 0 -1
    outer loop
      vertex 2.906509915724582 -5.437697589881762 7
      vertex 2.5524504020602143 -4.675016156834898 7
      vertex 2.5729376658259557 -4.549095960395378 7
    endloop
  endfacet
  facet normal 0 0 -1
    outer loop
      vertex 2.906509915724582 -5.437697589881762 7
      vertex 2.5729376658259557 -4.549095960395378 7
      vertex 2.6056686153816644 -4.4257902071267 7
    endloop
  endfacet
  facet normal 0 0 -1
    outer loop
      vertex 2.689296948148896 -5.417246399576998 7
      vertex 2.6363739725315583 -5.301165468758103 7
      vertex 2.906509915724582 -5.437697589881762 7
    endloop
  endfacet
  facet normal 0 0 -1
    outer loop
      vertex 2.906509915724582 -5.437697589881762 7
      vertex 2.6363739725315583 -5.301165468758103 7
      vertex 2.5950837563927998 -5.180456140621503 7
    endloop
  endfacet
  facet normal 0 0 -1
    outer loop
      vertex 2.906509915724582 -5.437697589881762 7
      vertex 2.6056686153816644 -4.4257902071267 7
      vertex 2.650328033790562 -4.306286398838623 7
    endloop
  endfacet
  facet normal 0 0 -1
    outer loop
      vertex 2.906509915724582 -5.437697589881762 7
      vertex 2.650328033790562 -4.306286398838623 7
      vertex 2.7064858264400495 -4.191735422532387 7
    endloop
  endfacet
  facet normal 0 0 -1
    outer loop
      vertex 2.906509915724582 -5.437697589881762 7
      vertex 2.7064858264400495 -4.191735422532387 7
      vertex 2.7736011630879407 -4.083240466729756 7
    endloop
  endfacet
  facet normal 0 0 -1
    outer loop
      vertex 2.906509915724582 -5.437697589881762 7
      vertex 2.7736011630879407 -4.083240466729756 7
      vertex 2.85102768635334 -3.981846397164485 7
    endloop
  endfacet
  facet normal 0 0 -1
    outer loop
      vertex 2.906509915724582 -5.437697589881762 7
      vertex 2.85102768635334 -3.981846397164485 7
      vertex 2.938019736491559 -3.8885296941541228 7
    endloop
  endfacet
  facet normal 0 0 -1
    outer loop
      vertex 2.906509915724582 -5.437697589881762 7
      vertex 2.938019736491559 -3.8885296941541228 7
      vertex 3.4255018437875524 -5.126625799433709 7
    endloop
  endfacet
  facet normal 0 0 -1
    outer loop
      vertex 2.938019736491559 -3.8885296941541228 7
      vertex 3.033739532505076 -3.8041890485607603 7
      vertex 3.4255018437875524 -5.126625799433709 7
    endloop
  endfacet
  facet normal 0 0 -1
    outer loop
      vertex 3.033739532505076 -3.8041890485607603 7
      vertex 3.137265240432516 -3.7296367069067458 7
      vertex 3.4255018437875524 -5.126625799433709 7
    endloop
  endfacet
  facet normal 0 0 -1
    outer loop
      vertex 3.4255018437875524 -5.126625799433709 7
      vertex 3.137265240432516 -3.7296367069067458 7
      vertex 3.247599851113631 -3.6655906489966648 7
    endloop
  endfacet
  facet normal 0 0 -1
    outer loop
      vertex 3.4255018437875524 -5.126625799433709 7
      vertex 3.247599851113631 -3.6655906489966648 7
      vertex 3.3636807819325263 -3.6126676733793275 7
    endloop
  endfacet
  facet normal 0 0 -1
    outer loop
      vertex 3.4255018437875524 -5.126625799433709 7
      vertex 3.3636807819325263 -3.6126676733793275 7
      vertex 3.4843901100691257 -3.5713774572405694 7
    endloop
  endfacet
  facet normal 0 0 -1
    outer loop
      vertex 3.4255018437875524 -5.126625799433709 7
      vertex 3.4843901100691257 -3.5713774572405694 7
      vertex 3.9115043165250616 -4.7661818000383755 7
    endloop
  endfacet
  facet normal 0 0 -1
    outer loop
      vertex 3.9115043165250616 -4.7661818000383755 7
      vertex 3.4843901100691257 -3.5713774572405694 7
      vertex 3.608565338707042 -3.542117647933336 7
    endloop
  endfacet
  facet normal 0 0 -1
    outer loop
      vertex 3.9115043165250616 -4.7661818000383755 7
      vertex 3.608565338707042 -3.542117647933336 7
      vertex 3.735010592513408 -3.5251700334162943 7
    endloop
  endfacet
  facet normal 0 0 -1
    outer loop
      vertex 3.9115043165250616 -4.7661818000383755 7
      vertex 3.735010592513408 -3.5251700334162943 7
      vertex 3.862508134572061 -3.520697828481752 7
    endloop
  endfacet
  facet normal 0 0 -1
    outer loop
      vertex 3.9115043165250616 -4.7661818000383755 7
      vertex 3.862508134572061 -3.520697828481752 7
      vertex 4.359836864448671 -4.359836864448671 7
    endloop
  endfacet
  facet normal 0 0 -1
    outer loop
      vertex 4.359836864448671 -4.359836864448671 7
      vertex 4.682999853526144 -3.82732138720111 7
      vertex 4.7661818000383755 -3.9115043165250616 7
    endloop
  endfacet
  facet normal 0 0 -1
    outer loop
      vertex 4.359836864448671 -4.359836864448671 7
      vertex 4.115750290295251 -3.549231366673725 7
      vertex 4.239056043563929 -3.5819623162294336 7
    endloop
  endfacet
  facet normal 0 0 -1
    outer loop
      vertex 4.359836864448671 -4.359836864448671 7
      vertex 3.862508134572061 -3.520697828481752 7
      vertex 3.9898300938557303 -3.5287441029079836 7
    endloop
  endfacet
  facet normal 0 0 -1
    outer loop
      vertex 4.359836864448671 -4.359836864448671 7
      vertex 3.9898300938557303 -3.5287441029079836 7
      vertex 4.115750290295251 -3.549231366673725 7
    endloop
  endfacet
  facet normal 0 0 -1
    outer loop
      vertex 4.359836864448671 -4.359836864448671 7
      vertex 4.239056043563929 -3.5819623162294336 7
      vertex 4.358559851852006 -3.626621734638331 7
    endloop
  endfacet
  facet normal 0 0 -1
    outer loop
      vertex 4.359836864448671 -4.359836864448671 7
      vertex 4.358559851852006 -3.626621734638331 7
      vertex 4.473110828158242 -3.682779527287819 7
    endloop
  endfacet
  facet normal 0 0 -1
    outer loop
      vertex 4.359836864448671 -4.359836864448671 7
      vertex 4.473110828158242 -3.682779527287819 7
      vertex 4.581605783960873 -3.749894863935711 7
    endloop
  endfacet
  facet normal 0 0 -1
    outer loop
      vertex 4.359836864448671 -4.359836864448671 7
      vertex 4.581605783960873 -3.749894863935711 7
      vertex 4.682999853526144 -3.82732138720111 7
    endloop
  endfacet
  facet normal 0 0 -1
    outer loop
      vertex 4.7661818000383755 -3.9115043165250616 7
      vertex 4.682999853526144 -3.82732138720111 7
      vertex 4.769092803406998 -3.9075792828508398 7
    endloop
  endfacet
  facet normal 0 0 -1
    outer loop
      vertex 4.585805354736551 -3.5414650606869444 7
      vertex 4.505565564962775 -3.4422824009876054 7
      vertex 4.598049424397824 -1.7954547089294828 7
    endloop
  endfacet
  facet normal 0 0 -1
    outer loop
      vertex 4.328091839683788 -3.1045772898910564 7
      vertex 4.29191550086363 -2.9822380224519236 7
      vertex 4.334234119231009 -2.2286852074768393 7
    endloop
  endfacet
  facet normal 0 0 -1
    outer loop
      vertex 4.328091839683788 -3.1045772898910564 7
      vertex 4.334234119231009 -2.2286852074768393 7
      vertex 4.376085324688925 -3.2227815590400013 7
    endloop
  endfacet
  facet normal 0 0 -1
    outer loop
      vertex 4.376085324688925 -3.2227815590400013 7
      vertex 4.383880640811522 -2.1111656484965136 7
      vertex 4.435433752382535 -3.3357124581698274 7
    endloop
  endfacet
  facet normal 0 0 -1
    outer loop
      vertex 4.29191550086363 -2.9822380224519236 7
      vertex 4.267904706147286 -2.856941950745488 7
      vertex 4.296345590325727 -2.350505087731944 7
    endloop
  endfacet
  facet normal 0 0 -1
    outer loop
      vertex 4.267904706147286 -2.856941950745488 7
      vertex 4.256290692613513 -2.7298957444360834 7
      vertex 4.296345590325727 -2.350505087731944 7
    endloop
  endfacet
  facet normal 0 0 -1
    outer loop
      vertex 4.256290692613513 -2.7298957444360834 7
      vertex 4.257185309561504 -2.60232292794099 7
      vertex 4.296345590325727 -2.350505087731944 7
    endloop
  endfacet
  facet normal 0 0 -1
    outer loop
      vertex 4.505565564962775 -3.4422824009876054 7
      vertex 4.435433752382535 -3.3357124581698274 7
      vertex 4.516426538118942 -1.8935022906614116 7
    endloop
  endfacet
  facet normal 0 0 -1
    outer loop
      vertex 4.257185309561504 -2.60232292794099 7
      vertex 4.270579941341004 -2.47545209722145 7
      vertex 4.296345590325727 -2.350505087731944 7
    endloop
  endfacet
  facet normal 0 0 -1
    outer loop
      vertex 4.29191550086363 -2.9822380224519236 7
      vertex 4.296345590325727 -2.350505087731944 7
      vertex 4.334234119231009 -2.2286852074768393 7
    endloop
  endfacet
  facet normal 0 0 -1
    outer loop
      vertex 4.376085324688925 -3.2227815590400013 7
      vertex 4.334234119231009 -2.2286852074768393 7
      vertex 4.383880640811522 -2.1111656484965136 7
    endloop
  endfacet
  facet normal 0 0 -1
    outer loop
      vertex 4.435433752382535 -3.3357124581698274 7
      vertex 4.383880640811522 -2.1111656484965136 7
      vertex 4.44480703192489 -1.9990781883866717 7
    endloop
  endfacet
  facet normal 0 0 -1
    outer loop
      vertex 4.435433752382535 -3.3357124581698274 7
      vertex 4.44480703192489 -1.9990781883866717 7
      vertex 4.516426538118942 -1.8935022906614116 7
    endloop
  endfacet
  facet normal 0 0 -1
    outer loop
      vertex 4.505565564962775 -3.4422824009876054 7
      vertex 4.516426538118942 -1.8935022906614116 7
      vertex 4.598049424397824 -1.7954547089294828 7
    endloop
  endfacet
  facet normal 0 0 -1
    outer loop
      vertex 4.585805354736551 -3.5414650606869444 7
      vertex 4.598049424397824 -1.7954547089294828 7
      vertex 4.688889617747061 -1.705879695001224 7
    endloop
  endfacet
  facet normal 0 0 -1
    outer loop
      vertex 4.773427950396738 -3.713928140315063 7
      vertex 4.675380368664809 -3.632305254036181 7
      vertex 4.688889617747061 -1.705879695001224 7
    endloop
  endfacet
  facet normal 0 0 -1
    outer loop
      vertex 4.585805354736551 -3.5414650606869444 7
      vertex 4.688889617747061 -1.705879695001224 7
      vertex 4.675380368664809 -3.632305254036181 7
    endloop
  endfacet
  facet normal 0 0 -1
    outer loop
      vertex 4.773427950396738 -3.713928140315063 7
      vertex 4.688889617747061 -1.705879695001224 7
      vertex 4.86609316864639 -3.776789430774317 7
    endloop
  endfacet
  facet normal 0 0 -1
    outer loop
      vertex 4.86609316864639 -3.776789430774317 7
      vertex 4.7880722774464 -1.6256399052274482 7
      vertex 5.126625799433709 -3.4255018437875524 7
    endloop
  endfacet
  facet normal 0 0 -1
    outer loop
      vertex 5.126625799433709 -3.4255018437875524 7
      vertex 5.125777388542948 -1.4481661799484615 7
      vertex 5.437697589881762 -2.906509915724582 7
    endloop
  endfacet
  facet normal 0 0 -1
    outer loop
      vertex 4.86609316864639 -3.776789430774317 7
      vertex 4.688889617747061 -1.705879695001224 7
      vertex 4.7880722774464 -1.6256399052274482 7
    endloop
  endfacet
  facet normal 0 0 -1
    outer loop
      vertex 5.126625799433709 -3.4255018437875524 7
      vertex 4.7880722774464 -1.6256399052274482 7
      vertex 4.894642220264178 -1.5555080926472074 7
    endloop
  endfacet
  facet normal 0 0 -1
    outer loop
      vertex 5.126625799433709 -3.4255018437875524 7
      vertex 4.894642220264178 -1.5555080926472074 7
      vertex 5.007573119394004 -1.4961596649535984 7
    endloop
  endfacet
  facet normal 0 0 -1
    outer loop
      vertex 5.126625799433709 -3.4255018437875524 7
      vertex 5.007573119394004 -1.4961596649535984 7
      vertex 5.125777388542948 -1.4481661799484615 7
    endloop
  endfacet
  facet normal 0 0 -1
    outer loop
      vertex 5.437697589881762 -2.906509915724582 7
      vertex 5.125777388542948 -1.4481661799484615 7
      vertex 5.2481166559820815 -1.4119898411283032 7
    endloop
  endfacet
  facet normal 0 0 -1
    outer loop
      vertex 5.437697589881762 -2.906509915724582 7
      vertex 5.2481166559820815 -1.4119898411283032 7
      vertex 5.3734127276885175 -1.3879790464119601 7
    endloop
  endfacet
  facet normal 0 0 -1
    outer loop
      vertex 5.437697589881762 -2.906509915724582 7
      vertex 5.500458933997922 -1.376365032878186 7
      vertex 5.69640137999138 -2.3595267083132443 7
    endloop
  endfacet
  facet normal 0 0 -1
    outer loop
      vertex 5.437697589881762 -2.906509915724582 7
      vertex 5.3734127276885175 -1.3879790464119601 7
      vertex 5.500458933997922 -1.376365032878186 7
    endloop
  endfacet
  facet normal 0 0 -1
    outer loop
      vertex 5.69640137999138 -2.3595267083132443 7
      vertex 5.628031750493016 -1.3772596498261778 7
      vertex 5.900245710841932 -1.7898199688523466 7
    endloop
  endfacet
  facet normal 0 0 -1
    outer loop
      vertex 5.69640137999138 -2.3595267083132443 7
      vertex 5.500458933997922 -1.376365032878186 7
      vertex 5.628031750493016 -1.3772596498261778 7
    endloop
  endfacet
  facet normal 0 0 -1
    outer loop
      vertex 5.900245710841932 -1.7898199688523466 7
      vertex 5.628031750493016 -1.3772596498261778 7
      vertex 5.754902581212555 -1.390654281605678 7
    endloop
  endfacet
  facet normal 0 0 -1
    outer loop
      vertex 5.900245710841932 -1.7898199688523466 7
      vertex 5.754902581212555 -1.390654281605678 7
      vertex 5.879849590702061 -1.4164199305903995 7
    endloop
  endfacet
  facet normal 0 0 -1
    outer loop
      vertex 5.900245710841932 -1.7898199688523466 7
      vertex 5.879849590702061 -1.4164199305903995 7
      vertex 5.985543304982484 -1.4492928848260676 7
    endloop
  endfacet
  facet normal 0 0 -1
    outer loop
      vertex 5.668251961362883 -1.2010433922646728 7
      vertex 5.668251961362883 1.2010433922646728 7
      vertex 5.788370343006699 -1.2440224364518715 7
    endloop
  endfacet
  facet normal 0 0 -1
    outer loop
      vertex 5.788370343006699 -1.2440224364518715 7
      vertex 5.788370343006699 1.2440224364518715 7
      vertex 5.912123004816533 -1.2750208645241996 7
    endloop
  endfacet
  facet normal 0 0 -1
    outer loop
      vertex 5.912123004816533 -1.2750208645241996 7
      vertex 6.047267450094681 1.2028762846762808 7
      vertex 6.025002015059204 -1.2917648839808975 7
    endloop
  endfacet
  facet normal 0 0 -1
    outer loop
      vertex 6.025002015059204 -1.2917648839808975 7
      vertex 6.047267450094681 1.2028762846762808 7
      vertex 6.047267450094681 -1.2028762846762808 7
    endloop
  endfacet
  facet normal 0 0 -1
    outer loop
      vertex 6.047267450094681 -1.2028762846762808 7
      vertex 6.136050698030364 0.6043482443197178 7
      vertex 6.136050698030364 -0.6043482443197178 7
    endloop
  endfacet
  facet normal 0.04906767432741798 -0.9987954562051724 -8.413151020521569e-17
    outer loop
      vertex 0 -6.1657404234375 7
      vertex 0.08133903684711755 -6.161744492793918 7
      vertex 0.6043482443197178 -6.136050698030364 12.95
    endloop
  endfacet
  facet normal 0.04906767432741702 -0.9987954562051724 0
    outer loop
      vertex 0.08133903684711755 -6.161744492793918 7
      vertex 0.6043482443197178 -6.136050698030364 7
      vertex 0.6043482443197178 -6.136050698030364 12.95
    endloop
  endfacet
  facet normal 0.14673047445536225 -0.989176509964781 0
    outer loop
      vertex 0.6043482443197178 -6.136050698030364 7
      vertex 1.2028762846762808 -6.047267450094681 7
      vertex 1.2028762846762808 -6.047267450094681 12.95
    endloop
  endfacet
  facet normal 0.24298017990326537 -0.9700312531945436 0
    outer loop
      vertex 1.2028762846762808 -6.047267450094681 7
      vertex 1.7898199688523466 -5.900245710841932 7
      vertex 1.7898199688523466 -5.900245710841932 12.95
    endloop
  endfacet
  facet normal 0.33688985339221916 -0.9415440651830211 0
    outer loop
      vertex 1.7898199688523466 -5.900245710841932 7
      vertex 2.3595267083132443 -5.69640137999138 7
      vertex 2.3595267083132443 -5.69640137999138 12.95
    endloop
  endfacet
  facet normal 0.42755509343028203 -0.9039892931234433 -6.609099175347333e-17
    outer loop
      vertex 2.3595267083132443 -5.69640137999138 7
      vertex 2.598795225578969 -5.583235799344949 7
      vertex 2.906509915724582 -5.437697589881762 12.95
    endloop
  endfacet
  facet normal 0.4275550934302806 -0.9039892931234441 2.516848155418524e-17
    outer loop
      vertex 2.598795225578969 -5.583235799344949 7
      vertex 2.745399825690964 -5.513896987508343 7
      vertex 2.906509915724582 -5.437697589881762 12.95
    endloop
  endfacet
  facet normal 0.42755509343028136 -0.9039892931234436 0
    outer loop
      vertex 2.745399825690964 -5.513896987508343 7
      vertex 2.906509915724582 -5.437697589881762 7
      vertex 2.906509915724582 -5.437697589881762 12.95
    endloop
  endfacet
  facet normal 0.049067674327417155 -0.9987954562051724 0
    outer loop
      vertex 0 -6.1657404234375 7
      vertex 0.6043482443197178 -6.136050698030364 12.95
      vertex 0 -6.1657404234375 12.95
    endloop
  endfacet
  facet normal 0.14673047445536225 -0.989176509964781 0
    outer loop
      vertex 0.6043482443197178 -6.136050698030364 7
      vertex 1.2028762846762808 -6.047267450094681 12.95
      vertex 0.6043482443197178 -6.136050698030364 12.95
    endloop
  endfacet
  facet normal 0.24298017990326537 -0.9700312531945436 0
    outer loop
      vertex 1.2028762846762808 -6.047267450094681 7
      vertex 1.7898199688523466 -5.900245710841932 12.95
      vertex 1.2028762846762808 -6.047267450094681 12.95
    endloop
  endfacet
  facet normal 0 0 1
    outer loop
      vertex 0 -6.1657404234375 12.95
      vertex 0.6043482443197178 -6.136050698030364 12.95
      vertex 0.06203212835243545 -5.212692980387049 12.95
    endloop
  endfacet
  facet normal 0 0 1
    outer loop
      vertex 0 -6.1657404234375 12.95
      vertex 0.06203212835243545 -5.212692980387049 12.95
      vertex 0 -5.2157404234374996 12.95
    endloop
  endfacet
  facet normal 0 0 1
    outer loop
      vertex 0.6043482443197178 -6.136050698030364 12.95
      vertex 0.1234668533986262 -5.203579999778176 12.95
      vertex 0.06203212835243545 -5.212692980387049 12.95
    endloop
  endfacet
  facet normal 0 0 1
    outer loop
      vertex 0.6043482443197178 -6.136050698030364 12.95
      vertex 0.18371252515274059 -5.188489244595805 12.95
      vertex 0.1234668533986262 -5.203579999778176 12.95
    endloop
  endfacet
  facet normal 0 0 1
    outer loop
      vertex 0.6043482443197178 -6.136050698030364 12.95
      vertex 0.2421889448621523 -5.167566047061788 12.95
      vertex 0.18371252515274059 -5.188489244595805 12.95
    endloop
  endfacet
  facet normal 0 0 1
    outer loop
      vertex 0.6043482443197178 -6.136050698030364 12.95
      vertex 0.298332952638597 -5.141011909006161 12.95
      vertex 0.2421889448621523 -5.167566047061788 12.95
    endloop
  endfacet
  facet normal 0 0 1
    outer loop
      vertex 0.6043482443197178 -6.136050698030364 12.95
      vertex 0.3516038509957509 -5.109082561294368 12.95
      vertex 0.298332952638597 -5.141011909006161 12.95
    endloop
  endfacet
  facet normal 0 0 1
    outer loop
      vertex 0.6043482443197178 -6.136050698030364 12.95
      vertex 0.40148861206159947 -5.072085500999232 12.95
      vertex 0.3516038509957509 -5.109082561294368 12.95
    endloop
  endfacet
  facet normal 0 0 1
    outer loop
      vertex 0.6043482443197178 -6.136050698030364 12.95
      vertex 0.4475068183172942 -5.030377030036044 12.95
      vertex 0.40148861206159947 -5.072085500999232 12.95
    endloop
  endfacet
  facet normal 0 0 1
    outer loop
      vertex 0.6043482443197178 -6.136050698030364 12.95
      vertex 0.4892152892804823 -4.984358823780349 12.95
      vertex 0.4475068183172942 -5.030377030036044 12.95
    endloop
  endfacet
  facet normal 0 0 1
    outer loop
      vertex 0.6043482443197178 -6.136050698030364 12.95
      vertex 0.5262123495756188 -4.934474062714501 12.95
      vertex 0.4892152892804823 -4.984358823780349 12.95
    endloop
  endfacet
  facet normal 0 0 1
    outer loop
      vertex 0.6043482443197178 -6.136050698030364 12.95
      vertex 0.5581416972874111 -4.881203164357347 12.95
      vertex 0.5262123495756188 -4.934474062714501 12.95
    endloop
  endfacet
  facet normal 0 0 1
    outer loop
      vertex 0.6043482443197178 -6.136050698030364 12.95
      vertex 0.5846958353430378 -4.8250591565809025 12.95
      vertex 0.5581416972874111 -4.881203164357347 12.95
    endloop
  endfacet
  facet normal 0 0 1
    outer loop
      vertex 0.6043482443197178 -6.136050698030364 12.95
      vertex 0.6056190328770548 -4.766582736871491 12.95
      vertex 0.5846958353430378 -4.8250591565809025 12.95
    endloop
  endfacet
  facet normal 0 0 1
    outer loop
      vertex 0.6043482443197178 -6.136050698030364 12.95
      vertex 1.2028762846762808 -6.047267450094681 12.95
      vertex 0.6056190328770548 -4.766582736871491 12.95
    endloop
  endfacet
  facet normal 0 0 1
    outer loop
      vertex 0.6056190328770548 -4.766582736871491 12.95
      vertex 1.2028762846762808 -6.047267450094681 12.95
      vertex 0.620709788059426 -4.706337065117376 12.95
    endloop
  endfacet
  facet normal 0 0 1
    outer loop
      vertex 0.620709788059426 -4.706337065117376 12.95
      vertex 1.2028762846762808 -6.047267450094681 12.95
      vertex 0.6298227686682997 -4.6449023400711855 12.95
    endloop
  endfacet
  facet normal 0 0 1
    outer loop
      vertex 0.6298227686682997 -4.6449023400711855 12.95
      vertex 1.2028762846762808 -6.047267450094681 12.95
      vertex 0.63287021171875 -4.58287021171875 12.95
    endloop
  endfacet
  facet normal 0 0 1
    outer loop
      vertex 1.2028762846762808 -6.047267450094681 12.95
      vertex 0.620709788059426 -4.459403358320124 12.95
      vertex 0.6298227686682997 -4.520838083366314 12.95
    endloop
  endfacet
  facet normal 0 0 1
    outer loop
      vertex 1.2028762846762808 -6.047267450094681 12.95
      vertex 0.6298227686682997 -4.520838083366314 12.95
      vertex 0.63287021171875 -4.58287021171875 12.95
    endloop
  endfacet
  facet normal 0 0 1
    outer loop
      vertex 1.2028762846762808 -6.047267450094681 12.95
      vertex 1.7898199688523466 -5.900245710841932 12.95
      vertex 1.0751038486359008 -2.8007412794916053 12.95
    endloop
  endfacet
  facet normal 0 0 1
    outer loop
      vertex 0.1234668533986262 -3.962160423659324 12.95
      vertex 0.18371252515274059 -3.977251178841695 12.95
      vertex 0.1570078687288315 -2.9958886042637216 12.95
    endloop
  endfacet
  facet normal 0 0 1
    outer loop
      vertex 0.18371252515274059 -3.977251178841695 12.95
      vertex 0.2421889448621523 -3.998174376375712 12.95
      vertex 0.1570078687288315 -2.9958886042637216 12.95
    endloop
  endfacet
  facet normal 0 0 1
    outer loop
      vertex 0.2421889448621523 -3.998174376375712 12.95
      vertex 0.298332952638597 -4.024728514431339 12.95
      vertex 0.1570078687288315 -2.9958886042637216 12.95
    endloop
  endfacet
  facet normal 0 0 1
    outer loop
      vertex 0.3516038509957509 -4.0566578621431315 12.95
      vertex 0.3135853898029604 -2.9835656861048196 12.95
      vertex 0.298332952638597 -4.024728514431339 12.95
    endloop
  endfacet
  facet normal 0 0 1
    outer loop
      vertex 0.3516038509957509 -4.0566578621431315 12.95
      vertex 0.40148861206159947 -4.093654922438268 12.95
      vertex 0.3135853898029604 -2.9835656861048196 12.95
    endloop
  endfacet
  facet normal 0 0 1
    outer loop
      vertex 0 -3.9499999999999997 12.95
      vertex 0.06203212835243545 -3.9530474430504503 12.95
      vertex 0 -3 12.95
    endloop
  endfacet
  facet normal 0 0 1
    outer loop
      vertex 0.06203212835243545 -3.9530474430504503 12.95
      vertex 0.1234668533986262 -3.962160423659324 12.95
      vertex 0 -3 12.95
    endloop
  endfacet
  facet normal 0 0 1
    outer loop
      vertex 0.1234668533986262 -3.962160423659324 12.95
      vertex 0.1570078687288315 -2.9958886042637216 12.95
      vertex 0 -3 12.95
    endloop
  endfacet
  facet normal 0 0 1
    outer loop
      vertex 0.298332952638597 -4.024728514431339 12.95
      vertex 0.3135853898029604 -2.9835656861048196 12.95
      vertex 0.1570078687288315 -2.9958886042637216 12.95
    endloop
  endfacet
  facet normal 0 0 1
    outer loop
      vertex 0.620709788059426 -4.459403358320124 12.95
      vertex 0.46930339512069263 -2.9630650217854133 12.95
      vertex 0.6056190328770548 -4.399157686566009 12.95
    endloop
  endfacet
  facet normal 0 0 1
    outer loop
      vertex 0.5581416972874111 -4.284537259080153 12.95
      vertex 0.46930339512069263 -2.9630650217854133 12.95
      vertex 0.5262123495756188 -4.231266360722999 12.95
    endloop
  endfacet
  facet normal 0 0 1
    outer loop
      vertex 0.6056190328770548 -4.399157686566009 12.95
      vertex 0.46930339512069263 -2.9630650217854133 12.95
      vertex 0.5846958353430378 -4.340681266856597 12.95
    endloop
  endfacet
  facet normal 0 0 1
    outer loop
      vertex 0.5581416972874111 -4.284537259080153 12.95
      vertex 0.5846958353430378 -4.340681266856597 12.95
      vertex 0.46930339512069263 -2.9630650217854133 12.95
    endloop
  endfacet
  facet normal 0 0 1
    outer loop
      vertex 0.40148861206159947 -4.093654922438268 12.95
      vertex 0.4475068183172942 -4.135363393401455 12.95
      vertex 0.3135853898029604 -2.9835656861048196 12.95
    endloop
  endfacet
  facet normal 0 0 1
    outer loop
      vertex 0.4475068183172942 -4.135363393401455 12.95
      vertex 0.4892152892804823 -4.181381599657151 12.95
      vertex 0.3135853898029604 -2.9835656861048196 12.95
    endloop
  endfacet
  facet normal 0 0 1
    outer loop
      vertex 0.5262123495756188 -4.231266360722999 12.95
      vertex 0.46930339512069263 -2.9630650217854133 12.95
      vertex 0.4892152892804823 -4.181381599657151 12.95
    endloop
  endfacet
  facet normal 0 0 1
    outer loop
      vertex 0.4892152892804823 -4.181381599657151 12.95
      vertex 0.46930339512069263 -2.9630650217854133 12.95
      vertex 0.3135853898029604 -2.9835656861048196 12.95
    endloop
  endfacet
  facet normal 0 0 1
    outer loop
      vertex 0.620709788059426 -4.459403358320124 12.95
      vertex 0.623735072453278 -2.934442802201417 12.95
      vertex 0.46930339512069263 -2.9630650217854133 12.95
    endloop
  endfacet
  facet normal 0 0 1
    outer loop
      vertex 0.620709788059426 -4.459403358320124 12.95
      vertex 0.7764571353075622 -2.897777478867205 12.95
      vertex 0.623735072453278 -2.934442802201417 12.95
    endloop
  endfacet
  facet normal 0 0 1
    outer loop
      vertex 1.2028762846762808 -6.047267450094681 12.95
      vertex 0.9270509831248421 -2.8531695488854605 12.95
      vertex 0.620709788059426 -4.459403358320124 12.95
    endloop
  endfacet
  facet normal 0 0 1
    outer loop
      vertex 1.2028762846762808 -6.047267450094681 12.95
      vertex 1.0751038486359008 -2.8007412794916053 12.95
      vertex 0.9270509831248421 -2.8531695488854605 12.95
    endloop
  endfacet
  facet normal 0 0 1
    outer loop
      vertex 0.620709788059426 -4.459403358320124 12.95
      vertex 0.9270509831248421 -2.8531695488854605 12.95
      vertex 0.7764571353075622 -2.897777478867205 12.95
    endloop
  endfacet
  facet normal 0 0 1
    outer loop
      vertex 1.7898199688523466 -5.900245710841932 12.95
      vertex 1.2202099292274007 -2.7406363729278027 12.95
      vertex 1.0751038486359008 -2.8007412794916053 12.95
    endloop
  endfacet
  facet normal 0 0 1
    outer loop
      vertex 1.7898199688523466 -5.900245710841932 12.95
      vertex 1.3619714992186402 -2.673019572565104 12.95
      vertex 1.2202099292274007 -2.7406363729278027 12.95
    endloop
  endfacet
  facet normal 0.33688985339221916 -0.9415440651830211 0
    outer loop
      vertex 1.7898199688523466 -5.900245710841932 7
      vertex 2.3595267083132443 -5.69640137999138 12.95
      vertex 1.7898199688523466 -5.900245710841932 12.95
    endloop
  endfacet
  facet normal 0.4275550934302814 -0.9039892931234436 0
    outer loop
      vertex 2.3595267083132443 -5.69640137999138 7
      vertex 2.906509915724582 -5.437697589881762 12.95
      vertex 2.3595267083132443 -5.69640137999138 12.95
    endloop
  endfacet
  facet normal 0.514102744193222 -0.8577286100002718 0
    outer loop
      vertex 2.906509915724582 -5.437697589881762 7
      vertex 3.4255018437875524 -5.126625799433709 12.95
      vertex 2.906509915724582 -5.437697589881762 12.95
    endloop
  endfacet
  facet normal 0 0 1
    outer loop
      vertex 1.7898199688523466 -5.900245710841932 12.95
      vertex 2.3595267083132443 -5.69640137999138 12.95
      vertex 1.7633557568774194 -2.4270509831248424 12.95
    endloop
  endfacet
  facet normal 0 0 1
    outer loop
      vertex 1.7898199688523466 -5.900245710841932 12.95
      vertex 1.5 -2.598076211353316 12.95
      vertex 1.3619714992186402 -2.673019572565104 12.95
    endloop
  endfacet
  facet normal 0 0 1
    outer loop
      vertex 1.7898199688523466 -5.900245710841932 12.95
      vertex 1.6339171050450814 -2.516011703836272 12.95
      vertex 1.5 -2.598076211353316 12.95
    endloop
  endfacet
  facet normal 0 0 1
    outer loop
      vertex 1.7898199688523466 -5.900245710841932 12.95
      vertex 1.7633557568774194 -2.4270509831248424 12.95
      vertex 1.6339171050450814 -2.516011703836272 12.95
    endloop
  endfacet
  facet normal 0 0 1
    outer loop
      vertex 2.3595267083132443 -5.69640137999138 12.95
      vertex 1.8879611731495123 -2.3314378843709127 12.95
      vertex 1.7633557568774194 -2.4270509831248424 12.95
    endloop
  endfacet
  facet normal 0 0 1
    outer loop
      vertex 2.3595267083132443 -5.69640137999138 12.95
      vertex 2.0073918190765747 -2.229434476432183 12.95
      vertex 1.8879611731495123 -2.3314378843709127 12.95
    endloop
  endfacet
  facet normal 0 0 1
    outer loop
      vertex 2.3595267083132443 -5.69640137999138 12.95
      vertex 2.121320343559643 -2.121320343559643 12.95
      vertex 2.0073918190765747 -2.229434476432183 12.95
    endloop
  endfacet
  facet normal 0 0 1
    outer loop
      vertex 2.3595267083132443 -5.69640137999138 12.95
      vertex 2.906509915724582 -5.437697589881762 12.95
      vertex 2.3314378843709127 -1.8879611731495123 12.95
    endloop
  endfacet
  facet normal 0 0 1
    outer loop
      vertex 2.906509915724582 -5.437697589881762 12.95
      vertex 3.4255018437875524 -5.126625799433709 12.95
      vertex 2.897777478867205 -0.7764571353075622 12.95
    endloop
  endfacet
  facet normal 0 0 1
    outer loop
      vertex 2.3595267083132443 -5.69640137999138 12.95
      vertex 2.229434476432183 -2.0073918190765747 12.95
      vertex 2.121320343559643 -2.121320343559643 12.95
    endloop
  endfacet
  facet normal 0 0 1
    outer loop
      vertex 2.3595267083132443 -5.69640137999138 12.95
      vertex 2.3314378843709127 -1.8879611731495123 12.95
      vertex 2.229434476432183 -2.0073918190765747 12.95
    endloop
  endfacet
  facet normal 0 0 1
    outer loop
      vertex 2.906509915724582 -5.437697589881762 12.95
      vertex 2.4270509831248424 -1.7633557568774194 12.95
      vertex 2.3314378843709127 -1.8879611731495123 12.95
    endloop
  endfacet
  facet normal 0 0 1
    outer loop
      vertex 2.906509915724582 -5.437697589881762 12.95
      vertex 2.516011703836272 -1.6339171050450814 12.95
      vertex 2.4270509831248424 -1.7633557568774194 12.95
    endloop
  endfacet
  facet normal 0 0 1
    outer loop
      vertex 2.906509915724582 -5.437697589881762 12.95
      vertex 2.598076211353316 -1.5 12.95
      vertex 2.516011703836272 -1.6339171050450814 12.95
    endloop
  endfacet
  facet normal 0 0 1
    outer loop
      vertex 2.906509915724582 -5.437697589881762 12.95
      vertex 2.673019572565104 -1.3619714992186402 12.95
      vertex 2.598076211353316 -1.5 12.95
    endloop
  endfacet
  facet normal 0 0 1
    outer loop
      vertex 2.906509915724582 -5.437697589881762 12.95
      vertex 2.7406363729278027 -1.2202099292274007 12.95
      vertex 2.673019572565104 -1.3619714992186402 12.95
    endloop
  endfacet
  facet normal 0 0 1
    outer loop
      vertex 2.906509915724582 -5.437697589881762 12.95
      vertex 2.8007412794916053 -1.0751038486359008 12.95
      vertex 2.7406363729278027 -1.2202099292274007 12.95
    endloop
  endfacet
  facet normal 0 0 1
    outer loop
      vertex 2.906509915724582 -5.437697589881762 12.95
      vertex 2.8531695488854605 -0.9270509831248421 12.95
      vertex 2.8007412794916053 -1.0751038486359008 12.95
    endloop
  endfacet
  facet normal 0 0 1
    outer loop
      vertex 2.906509915724582 -5.437697589881762 12.95
      vertex 2.897777478867205 -0.7764571353075622 12.95
      vertex 2.8531695488854605 -0.9270509831248421 12.95
    endloop
  endfacet
  facet normal 0.514102744193222 -0.8577286100002718 0
    outer loop
      vertex 2.906509915724582 -5.437697589881762 7
      vertex 3.4255018437875524 -5.126625799433709 7
      vertex 3.4255018437875524 -5.126625799433709 12.95
    endloop
  endfacet
  facet normal 0.5956993044924334 -0.8032075314806448 0
    outer loop
      vertex 3.4255018437875524 -5.126625799433709 7
      vertex 3.9115043165250616 -4.7661818000383755 7
      vertex 3.9115043165250616 -4.7661818000383755 12.95
    endloop
  endfacet
  facet normal 0.6715589548470178 -0.7409511253549595 0
    outer loop
      vertex 3.9115043165250616 -4.7661818000383755 7
      vertex 4.359836864448671 -4.359836864448671 7
      vertex 4.359836864448671 -4.359836864448671 12.95
    endloop
  endfacet
  facet normal 0.7409511253549595 -0.6715589548470178 0
    outer loop
      vertex 4.359836864448671 -4.359836864448671 7
      vertex 4.7661818000383755 -3.9115043165250616 7
      vertex 4.359836864448671 -4.359836864448671 12.95
    endloop
  endfacet
  facet normal 0.803207531480637 -0.5956993044924441 0
    outer loop
      vertex 4.7661818000383755 -3.9115043165250616 7
      vertex 4.769092803406998 -3.9075792828508398 7
      vertex 4.7661818000383755 -3.9115043165250616 12.95
    endloop
  endfacet
  facet normal 0.803207531480644 -0.5956993044924344 9.847584205450449e-18
    outer loop
      vertex 4.769092803406998 -3.9075792828508398 7
      vertex 4.86609316864639 -3.776789430774317 7
      vertex 4.7661818000383755 -3.9115043165250616 12.95
    endloop
  endfacet
  facet normal 0.8032075314806453 -0.5956993044924328 6.399550806201177e-17
    outer loop
      vertex 4.86609316864639 -3.776789430774317 7
      vertex 5.126625799433709 -3.4255018437875524 7
      vertex 4.7661818000383755 -3.9115043165250616 12.95
    endloop
  endfacet
  facet normal 0.5956993044924334 -0.8032075314806448 0
    outer loop
      vertex 3.4255018437875524 -5.126625799433709 7
      vertex 3.9115043165250616 -4.7661818000383755 12.95
      vertex 3.4255018437875524 -5.126625799433709 12.95
    endloop
  endfacet
  facet normal 0.6715589548470178 -0.7409511253549595 0
    outer loop
      vertex 3.9115043165250616 -4.7661818000383755 7
      vertex 4.359836864448671 -4.359836864448671 12.95
      vertex 3.9115043165250616 -4.7661818000383755 12.95
    endloop
  endfacet
  facet normal 0.7409511253549595 -0.6715589548470178 0
    outer loop
      vertex 4.7661818000383755 -3.9115043165250616 7
      vertex 4.7661818000383755 -3.9115043165250616 12.95
      vertex 4.359836864448671 -4.359836864448671 12.95
    endloop
  endfacet
  facet normal 0.8032075314806448 -0.5956993044924334 0
    outer loop
      vertex 5.126625799433709 -3.4255018437875524 7
      vertex 5.126625799433709 -3.4255018437875524 12.95
      vertex 4.7661818000383755 -3.9115043165250616 12.95
    endloop
  endfacet
  facet normal 0.8577286100002718 -0.514102744193222 0
    outer loop
      vertex 5.126625799433709 -3.4255018437875524 7
      vertex 5.437697589881762 -2.906509915724582 7
      vertex 5.126625799433709 -3.4255018437875524 12.95
    endloop
  endfacet
  facet normal 0.9039892931234436 -0.4275550934302814 0
    outer loop
      vertex 5.437697589881762 -2.906509915724582 7
      vertex 5.69640137999138 -2.3595267083132443 7
      vertex 5.437697589881762 -2.906509915724582 12.95
    endloop
  endfacet
  facet normal 0.9415440651830211 -0.33688985339221916 0
    outer loop
      vertex 5.69640137999138 -2.3595267083132443 7
      vertex 5.900245710841932 -1.7898199688523466 7
      vertex 5.69640137999138 -2.3595267083132443 12.95
    endloop
  endfacet
  facet normal 0.9700312531945436 -0.24298017990326545 0
    outer loop
      vertex 5.900245710841932 -1.7898199688523466 7
      vertex 5.985543304982484 -1.4492928848260676 7
      vertex 5.900245710841932 -1.7898199688523466 12.95
    endloop
  endfacet
  facet normal 0.9700312531945404 -0.24298017990327794 -7.576239697985645e-16
    outer loop
      vertex 5.985543304982484 -1.4492928848260676 7
      vertex 5.990475643742075 -1.4296018847204213 7
      vertex 5.900245710841932 -1.7898199688523466 12.95
    endloop
  endfacet
  facet normal 0.9700312531945448 -0.24298017990326065 3.5290811863332125e-16
    outer loop
      vertex 5.990475643742075 -1.4296018847204213 7
      vertex 6.025002015059204 -1.2917648839808975 7
      vertex 5.900245710841932 -1.7898199688523466 12.95
    endloop
  endfacet
  facet normal 0.9700312531945426 -0.24298017990326937 -4.199783331245861e-16
    outer loop
      vertex 6.025002015059204 -1.2917648839808975 7
      vertex 6.047267450094681 -1.2028762846762808 7
      vertex 5.900245710841932 -1.7898199688523466 12.95
    endloop
  endfacet
  facet normal 0.989176509964781 -0.14673047445536225 0
    outer loop
      vertex 6.047267450094681 -1.2028762846762808 7
      vertex 6.136050698030364 -0.6043482443197178 7
      vertex 6.047267450094681 -1.2028762846762808 12.95
    endloop
  endfacet
  facet normal 0.9987954562051724 -0.049067674327417155 0
    outer loop
      vertex 6.136050698030364 -0.6043482443197178 7
      vertex 6.1657404234375 0 7
      vertex 6.136050698030364 -0.6043482443197178 12.95
    endloop
  endfacet
  facet normal 0 0 1
    outer loop
      vertex 3.4255018437875524 -5.126625799433709 12.95
      vertex 2.934442802201417 -0.623735072453278 12.95
      vertex 2.897777478867205 -0.7764571353075622 12.95
    endloop
  endfacet
  facet normal 0 0 1
    outer loop
      vertex 3.4255018437875524 -5.126625799433709 12.95
      vertex 2.9630650217854133 -0.46930339512069263 12.95
      vertex 2.934442802201417 -0.623735072453278 12.95
    endloop
  endfacet
  facet normal 0 0 1
    outer loop
      vertex 3.4255018437875524 -5.126625799433709 12.95
      vertex 2.9835656861048196 -0.3135853898029604 12.95
      vertex 2.9630650217854133 -0.46930339512069263 12.95
    endloop
  endfacet
  facet normal 0 0 1
    outer loop
      vertex 3.4255018437875524 -5.126625799433709 12.95
      vertex 2.9958886042637216 -0.1570078687288315 12.95
      vertex 2.9835656861048196 -0.3135853898029604 12.95
    endloop
  endfacet
  facet normal 0 0 1
    outer loop
      vertex 3.9115043165250616 -4.7661818000383755 12.95
      vertex 4.359836864448671 -4.359836864448671 12.95
      vertex 4.181381599657151 -0.4892152892804823 12.95
    endloop
  endfacet
  facet normal 0 0 1
    outer loop
      vertex 4.359836864448671 -4.359836864448671 12.95
      vertex 4.7661818000383755 -3.9115043165250616 12.95
      vertex 4.399157686566009 -0.6056190328770548 12.95
    endloop
  endfacet
  facet normal 0 0 1
    outer loop
      vertex 3.9115043165250616 -4.7661818000383755 12.95
      vertex 4.093654922438268 -0.40148861206159947 12.95
      vertex 4.0566578621431315 -0.3516038509957509 12.95
    endloop
  endfacet
  facet normal 0 0 1
    outer loop
      vertex 3.9115043165250616 -4.7661818000383755 12.95
      vertex 4.181381599657151 -0.4892152892804823 12.95
      vertex 4.135363393401455 -0.4475068183172942 12.95
    endloop
  endfacet
  facet normal 0 0 1
    outer loop
      vertex 3.9115043165250616 -4.7661818000383755 12.95
      vertex 4.135363393401455 -0.4475068183172942 12.95
      vertex 4.093654922438268 -0.40148861206159947 12.95
    endloop
  endfacet
  facet normal 0 0 1
    outer loop
      vertex 4.359836864448671 -4.359836864448671 12.95
      vertex 4.399157686566009 -0.6056190328770548 12.95
      vertex 4.340681266856597 -0.5846958353430378 12.95
    endloop
  endfacet
  facet normal 0 0 1
    outer loop
      vertex 3.4255018437875524 -5.126625799433709 12.95
      vertex 3 0 12.95
      vertex 2.9958886042637216 -0.1570078687288315 12.95
    endloop
  endfacet
  facet normal 0 0 1
    outer loop
      vertex 3.4255018437875524 -5.126625799433709 12.95
      vertex 3.9115043165250616 -4.7661818000383755 12.95
      vertex 3.4255018437875524 5.126625799433709 12.95
    endloop
  endfacet
  facet normal 0 0 1
    outer loop
      vertex 3.9115043165250616 -4.7661818000383755 12.95
      vertex 4.0566578621431315 -0.3516038509957509 12.95
      vertex 4.024728514431339 -0.298332952638597 12.95
    endloop
  endfacet
  facet normal 0 0 1
    outer loop
      vertex 3.9115043165250616 -4.7661818000383755 12.95
      vertex 4.024728514431339 -0.298332952638597 12.95
      vertex 3.998174376375712 -0.2421889448621523 12.95
    endloop
  endfacet
  facet normal 0 0 1
    outer loop
      vertex 3.9115043165250616 -4.7661818000383755 12.95
      vertex 3.998174376375712 -0.2421889448621523 12.95
      vertex 3.977251178841695 -0.18371252515274059 12.95
    endloop
  endfacet
  facet normal 0 0 1
    outer loop
      vertex 3.9115043165250616 -4.7661818000383755 12.95
      vertex 3.977251178841695 -0.18371252515274059 12.95
      vertex 3.962160423659324 -0.1234668533986262 12.95
    endloop
  endfacet
  facet normal 0 0 1
    outer loop
      vertex 3.9115043165250616 -4.7661818000383755 12.95
      vertex 3.962160423659324 -0.1234668533986262 12.95
      vertex 3.9530474430504503 -0.06203212835243545 12.95
    endloop
  endfacet
  facet normal 0 0 1
    outer loop
      vertex 3.9115043165250616 -4.7661818000383755 12.95
      vertex 3.9530474430504503 -0.06203212835243545 12.95
      vertex 3.9499999999999997 0 12.95
    endloop
  endfacet
  facet normal 0 0 1
    outer loop
      vertex 4.359836864448671 -4.359836864448671 12.95
      vertex 4.231266360722999 -0.5262123495756188 12.95
      vertex 4.181381599657151 -0.4892152892804823 12.95
    endloop
  endfacet
  facet normal 0 0 1
    outer loop
      vertex 4.359836864448671 -4.359836864448671 12.95
      vertex 4.284537259080153 -0.5581416972874111 12.95
      vertex 4.231266360722999 -0.5262123495756188 12.95
    endloop
  endfacet
  facet normal 0 0 1
    outer loop
      vertex 4.359836864448671 -4.359836864448671 12.95
      vertex 4.340681266856597 -0.5846958353430378 12.95
      vertex 4.284537259080153 -0.5581416972874111 12.95
    endloop
  endfacet
  facet normal 0 0 1
    outer loop
      vertex 4.7661818000383755 -3.9115043165250616 12.95
      vertex 4.459403358320124 -0.620709788059426 12.95
      vertex 4.399157686566009 -0.6056190328770548 12.95
    endloop
  endfacet
  facet normal 0 0 1
    outer loop
      vertex 4.7661818000383755 -3.9115043165250616 12.95
      vertex 4.520838083366314 -0.6298227686682997 12.95
      vertex 4.459403358320124 -0.620709788059426 12.95
    endloop
  endfacet
  facet normal 0 0 1
    outer loop
      vertex 4.7661818000383755 -3.9115043165250616 12.95
      vertex 4.58287021171875 -0.63287021171875 12.95
      vertex 4.520838083366314 -0.6298227686682997 12.95
    endloop
  endfacet
  facet normal 0.8577286100002718 -0.514102744193222 0
    outer loop
      vertex 5.437697589881762 -2.906509915724582 7
      vertex 5.437697589881762 -2.906509915724582 12.95
      vertex 5.126625799433709 -3.4255018437875524 12.95
    endloop
  endfacet
  facet normal 0.9039892931234436 -0.4275550934302814 0
    outer loop
      vertex 5.69640137999138 -2.3595267083132443 7
      vertex 5.69640137999138 -2.3595267083132443 12.95
      vertex 5.437697589881762 -2.906509915724582 12.95
    endloop
  endfacet
  facet normal 0.9415440651830211 -0.33688985339221916 0
    outer loop
      vertex 5.900245710841932 -1.7898199688523466 7
      vertex 5.900245710841932 -1.7898199688523466 12.95
      vertex 5.69640137999138 -2.3595267083132443 12.95
    endloop
  endfacet
  facet normal 0 0 1
    outer loop
      vertex 4.7661818000383755 -3.9115043165250616 12.95
      vertex 5.126625799433709 -3.4255018437875524 12.95
      vertex 4.766582736871491 -0.6056190328770548 12.95
    endloop
  endfacet
  facet normal 0 0 1
    outer loop
      vertex 5.126625799433709 -3.4255018437875524 12.95
      vertex 5.437697589881762 -2.906509915724582 12.95
      vertex 5.141011909006161 -0.298332952638597 12.95
    endloop
  endfacet
  facet normal 0.9700312531945436 -0.24298017990326537 0
    outer loop
      vertex 6.047267450094681 -1.2028762846762808 7
      vertex 6.047267450094681 -1.2028762846762808 12.95
      vertex 5.900245710841932 -1.7898199688523466 12.95
    endloop
  endfacet
  facet normal 0.989176509964781 -0.14673047445536225 0
    outer loop
      vertex 6.136050698030364 -0.6043482443197178 7
      vertex 6.136050698030364 -0.6043482443197178 12.95
      vertex 6.047267450094681 -1.2028762846762808 12.95
    endloop
  endfacet
  facet normal 0 0 1
    outer loop
      vertex 4.7661818000383755 -3.9115043165250616 12.95
      vertex 4.6449023400711855 -0.6298227686682997 12.95
      vertex 4.58287021171875 -0.63287021171875 12.95
    endloop
  endfacet
  facet normal 0 0 1
    outer loop
      vertex 4.7661818000383755 -3.9115043165250616 12.95
      vertex 4.706337065117376 -0.620709788059426 12.95
      vertex 4.6449023400711855 -0.6298227686682997 12.95
    endloop
  endfacet
  facet normal 0 0 1
    outer loop
      vertex 4.7661818000383755 -3.9115043165250616 12.95
      vertex 4.766582736871491 -0.6056190328770548 12.95
      vertex 4.706337065117376 -0.620709788059426 12.95
    endloop
  endfacet
  facet normal 0 0 1
    outer loop
      vertex 5.126625799433709 -3.4255018437875524 12.95
      vertex 4.8250591565809025 -0.5846958353430378 12.95
      vertex 4.766582736871491 -0.6056190328770548 12.95
    endloop
  endfacet
  facet normal 0 0 1
    outer loop
      vertex 5.126625799433709 -3.4255018437875524 12.95
      vertex 4.881203164357347 -0.5581416972874111 12.95
      vertex 4.8250591565809025 -0.5846958353430378 12.95
    endloop
  endfacet
  facet normal 0 0 1
    outer loop
      vertex 5.126625799433709 -3.4255018437875524 12.95
      vertex 4.934474062714501 -0.5262123495756188 12.95
      vertex 4.881203164357347 -0.5581416972874111 12.95
    endloop
  endfacet
  facet normal 0 0 1
    outer loop
      vertex 5.126625799433709 -3.4255018437875524 12.95
      vertex 4.984358823780349 -0.4892152892804823 12.95
      vertex 4.934474062714501 -0.5262123495756188 12.95
    endloop
  endfacet
  facet normal 0 0 1
    outer loop
      vertex 5.126625799433709 -3.4255018437875524 12.95
      vertex 5.030377030036044 -0.4475068183172942 12.95
      vertex 4.984358823780349 -0.4892152892804823 12.95
    endloop
  endfacet
  facet normal 0 0 1
    outer loop
      vertex 5.126625799433709 -3.4255018437875524 12.95
      vertex 5.072085500999232 -0.40148861206159947 12.95
      vertex 5.030377030036044 -0.4475068183172942 12.95
    endloop
  endfacet
  facet normal 0 0 1
    outer loop
      vertex 5.126625799433709 -3.4255018437875524 12.95
      vertex 5.109082561294368 -0.3516038509957509 12.95
      vertex 5.072085500999232 -0.40148861206159947 12.95
    endloop
  endfacet
  facet normal 0 0 1
    outer loop
      vertex 5.126625799433709 -3.4255018437875524 12.95
      vertex 5.141011909006161 -0.298332952638597 12.95
      vertex 5.109082561294368 -0.3516038509957509 12.95
    endloop
  endfacet
  facet normal 0 0 1
    outer loop
      vertex 5.437697589881762 -2.906509915724582 12.95
      vertex 5.167566047061788 -0.2421889448621523 12.95
      vertex 5.141011909006161 -0.298332952638597 12.95
    endloop
  endfacet
  facet normal 0 0 1
    outer loop
      vertex 5.437697589881762 -2.906509915724582 12.95
      vertex 5.188489244595805 -0.18371252515274059 12.95
      vertex 5.167566047061788 -0.2421889448621523 12.95
    endloop
  endfacet
  facet normal 0 0 1
    outer loop
      vertex 5.437697589881762 -2.906509915724582 12.95
      vertex 5.203579999778176 -0.1234668533986262 12.95
      vertex 5.188489244595805 -0.18371252515274059 12.95
    endloop
  endfacet
  facet normal 0 0 1
    outer loop
      vertex 5.437697589881762 -2.906509915724582 12.95
      vertex 5.212692980387049 -0.06203212835243545 12.95
      vertex 5.203579999778176 -0.1234668533986262 12.95
    endloop
  endfacet
  facet normal 0 0 1
    outer loop
      vertex 5.437697589881762 -2.906509915724582 12.95
      vertex 5.2157404234374996 0 12.95
      vertex 5.212692980387049 -0.06203212835243545 12.95
    endloop
  endfacet
  facet normal 0 0 1
    outer loop
      vertex 5.437697589881762 -2.906509915724582 12.95
      vertex 5.69640137999138 -2.3595267083132443 12.95
      vertex 5.437697589881762 2.906509915724582 12.95
    endloop
  endfacet
  facet normal 0 0 1
    outer loop
      vertex 5.69640137999138 -2.3595267083132443 12.95
      vertex 5.900245710841932 -1.7898199688523466 12.95
      vertex 5.69640137999138 2.3595267083132443 12.95
    endloop
  endfacet
  facet normal 0 0 1
    outer loop
      vertex 5.900245710841932 -1.7898199688523466 12.95
      vertex 6.047267450094681 -1.2028762846762808 12.95
      vertex 5.900245710841932 1.7898199688523466 12.95
    endloop
  endfacet
  facet normal 0 0 -1
    outer loop
      vertex 3.0337395325050767 3.8041890485607595 7
      vertex 3 3.833917632114099 7
      vertex 3 5.3816617898390975 7
    endloop
  endfacet
  facet normal 0 0 -1
    outer loop
      vertex 4.383880640811522 2.111165648496513 7
      vertex 4.334234119231009 2.228685207476839 7
      vertex 4.328091839683789 3.1045772898910555 7
    endloop
  endfacet
  facet normal 0 0 -1
    outer loop
      vertex 4.383880640811522 2.111165648496513 7
      vertex 4.435433752382536 3.3357124581698274 7
      vertex 4.44480703192489 1.9990781883866713 7
    endloop
  endfacet
  facet normal 0 0 -1
    outer loop
      vertex 4.516426538118943 1.8935022906614112 7
      vertex 4.44480703192489 1.9990781883866713 7
      vertex 4.505565564962775 3.4422824009876054 7
    endloop
  endfacet
  facet normal 0 0 -1
    outer loop
      vertex 4.598049424397825 1.7954547089294823 7
      vertex 4.585805354736551 3.5414650606869436 7
      vertex 4.688889617747062 1.7058796950012232 7
    endloop
  endfacet
  facet normal 0 0 -1
    outer loop
      vertex 4.516426538118943 1.8935022906614112 7
      vertex 4.585805354736551 3.5414650606869436 7
      vertex 4.598049424397825 1.7954547089294823 7
    endloop
  endfacet
  facet normal 0 0 -1
    outer loop
      vertex 4.964697031172827 -0.4974884620746167 7
      vertex 4.9217179869856285 -0.37737008043080106 7
      vertex 4.964697031172827 0.4974884620746167 7
    endloop
  endfacet
  facet normal 0 0 -1
    outer loop
      vertex 4.8907195589133 -0.2536174186209667 7
      vertex 4.964697031172827 0.4974884620746167 7
      vertex 4.9217179869856285 -0.37737008043080106 7
    endloop
  endfacet
  facet normal 0 0 -1
    outer loop
      vertex 4.8907195589133 -0.2536174186209667 7
      vertex 4.872000278763643 -0.1274222824284288 7
      vertex 4.9217179869856285 0.37737008043080106 7
    endloop
  endfacet
  facet normal 0 0 -1
    outer loop
      vertex 4.872000278763643 -0.1274222824284288 7
      vertex 4.8657404234375 0 7
      vertex 4.9217179869856285 0.37737008043080106 7
    endloop
  endfacet
  facet normal 0 0 -1
    outer loop
      vertex 4.8657404234375 0 7
      vertex 4.872000278763643 0.1274222824284288 7
      vertex 4.8907195589133 0.2536174186209667 7
    endloop
  endfacet
  facet normal 0 0 -1
    outer loop
      vertex 4.8657404234375 0 7
      vertex 4.8907195589133 0.2536174186209667 7
      vertex 4.9217179869856285 0.37737008043080106 7
    endloop
  endfacet
  facet normal 0 0 -1
    outer loop
      vertex 4.8907195589133 -0.2536174186209667 7
      vertex 4.9217179869856285 0.37737008043080106 7
      vertex 4.964697031172827 0.4974884620746167 7
    endloop
  endfacet
  facet normal 0 0 -1
    outer loop
      vertex 4.964697031172827 -0.4974884620746167 7
      vertex 4.964697031172827 0.4974884620746167 7
      vertex 5.019242779784638 0.6128157578737969 7
    endloop
  endfacet
  facet normal 0 0 -1
    outer loop
      vertex 5.160826834065942 -0.8247112694127392 7
      vertex 5.160826834065942 0.8247112694127392 7
      vertex 5.246501607894988 -0.9192388155425119 7
    endloop
  endfacet
  facet normal 0 0 -1
    outer loop
      vertex 5.160826834065942 -0.8247112694127392 7
      vertex 5.084829927444191 -0.7222413029254828 7
      vertex 5.084829927444191 0.7222413029254828 7
    endloop
  endfacet
  facet normal 0 0 -1
    outer loop
      vertex 4.964697031172827 -0.4974884620746167 7
      vertex 5.084829927444191 0.7222413029254828 7
      vertex 5.019242779784638 -0.6128157578737969 7
    endloop
  endfacet
  facet normal 0 0 -1
    outer loop
      vertex 5.084829927444191 -0.7222413029254828 7
      vertex 5.019242779784638 -0.6128157578737969 7
      vertex 5.084829927444191 0.7222413029254828 7
    endloop
  endfacet
  facet normal 0 0 -1
    outer loop
      vertex 5.341029154024761 -1.0049135893715582 7
      vertex 5.246501607894988 -0.9192388155425119 7
      vertex 5.246501607894988 0.9192388155425119 7
    endloop
  endfacet
  facet normal 0 0 -1
    outer loop
      vertex 5.341029154024761 -1.0049135893715582 7
      vertex 5.341029154024761 1.0049135893715582 7
      vertex 5.443499120512017 -1.080910495993309 7
    endloop
  endfacet
  facet normal 0 0 -1
    outer loop
      vertex 4.964697031172827 -0.4974884620746167 7
      vertex 5.019242779784638 0.6128157578737969 7
      vertex 5.084829927444191 0.7222413029254828 7
    endloop
  endfacet
  facet normal 0 0 -1
    outer loop
      vertex 5.160826834065942 -0.8247112694127392 7
      vertex 5.084829927444191 0.7222413029254828 7
      vertex 5.160826834065942 0.8247112694127392 7
    endloop
  endfacet
  facet normal 0 0 -1
    outer loop
      vertex 5.246501607894988 -0.9192388155425119 7
      vertex 5.160826834065942 0.8247112694127392 7
      vertex 5.246501607894988 0.9192388155425119 7
    endloop
  endfacet
  facet normal 0 0 -1
    outer loop
      vertex 5.341029154024761 -1.0049135893715582 7
      vertex 5.246501607894988 0.9192388155425119 7
      vertex 5.341029154024761 1.0049135893715582 7
    endloop
  endfacet
  facet normal 0 0 -1
    outer loop
      vertex 5.443499120512017 -1.080910495993309 7
      vertex 5.443499120512017 1.080910495993309 7
      vertex 5.552924665563703 -1.1464976436528616 7
    endloop
  endfacet
  facet normal 0 0 -1
    outer loop
      vertex 5.668251961362883 -1.2010433922646728 7
      vertex 5.552924665563703 -1.1464976436528616 7
      vertex 5.668251961362883 1.2010433922646728 7
    endloop
  endfacet
  facet normal 0 0 -1
    outer loop
      vertex 6.136050698030364 -0.6043482443197178 7
      vertex 6.136050698030364 0.6043482443197178 7
      vertex 6.1657404234375 0 7
    endloop
  endfacet
  facet normal 0 0 -1
    outer loop
      vertex 6.047267450094681 -1.2028762846762808 7
      vertex 6.047267450094681 1.2028762846762808 7
      vertex 6.136050698030364 0.6043482443197178 7
    endloop
  endfacet
  facet normal 0 0 -1
    outer loop
      vertex 5.443499120512017 -1.080910495993309 7
      vertex 5.341029154024761 1.0049135893715582 7
      vertex 5.443499120512017 1.080910495993309 7
    endloop
  endfacet
  facet normal 0 0 -1
    outer loop
      vertex 5.552924665563703 -1.1464976436528616 7
      vertex 5.443499120512017 1.080910495993309 7
      vertex 5.552924665563703 1.1464976436528616 7
    endloop
  endfacet
  facet normal 0 0 -1
    outer loop
      vertex 5.552924665563703 -1.1464976436528616 7
      vertex 5.552924665563703 1.1464976436528616 7
      vertex 5.668251961362883 1.2010433922646728 7
    endloop
  endfacet
  facet normal 0 0 -1
    outer loop
      vertex 5.788370343006699 -1.2440224364518715 7
      vertex 5.668251961362883 1.2010433922646728 7
      vertex 5.788370343006699 1.2440224364518715 7
    endloop
  endfacet
  facet normal 0 0 -1
    outer loop
      vertex 5.912123004816533 -1.2750208645241996 7
      vertex 5.788370343006699 1.2440224364518715 7
      vertex 6.047267450094681 1.2028762846762808 7
    endloop
  endfacet
  facet normal 0 0 -1
    outer loop
      vertex 4.688889617747062 1.7058796950012232 7
      vertex 4.67538036866481 3.632305254036181 7
      vertex 4.7880722774464 1.625639905227447 7
    endloop
  endfacet
  facet normal 0 0 -1
    outer loop
      vertex 4.7880722774464 1.625639905227447 7
      vertex 5.126625799433709 3.4255018437875524 7
      vertex 4.894642220264179 1.555508092647207 7
    endloop
  endfacet
  facet normal 0 0 -1
    outer loop
      vertex 5.007573119394005 1.496159664953598 7
      vertex 4.894642220264179 1.555508092647207 7
      vertex 5.126625799433709 3.4255018437875524 7
    endloop
  endfacet
  facet normal 0 0 -1
    outer loop
      vertex 5.007573119394005 1.496159664953598 7
      vertex 5.126625799433709 3.4255018437875524 7
      vertex 5.125777388542949 1.4481661799484606 7
    endloop
  endfacet
  facet normal 0 0 -1
    outer loop
      vertex 5.125777388542949 1.4481661799484606 7
      vertex 5.126625799433709 3.4255018437875524 7
      vertex 5.248116655982082 1.411989841128302 7
    endloop
  endfacet
  facet normal 0 0 -1
    outer loop
      vertex 5.248116655982082 1.411989841128302 7
      vertex 5.437697589881762 2.906509915724582 7
      vertex 5.373412727688518 1.3879790464119595 7
    endloop
  endfacet
  facet normal 0 0 -1
    outer loop
      vertex 5.500458933997922 1.3763650328781856 7
      vertex 5.69640137999138 2.3595267083132443 7
      vertex 5.628031750493016 1.3772596498261769 7
    endloop
  endfacet
  facet normal 0 0 -1
    outer loop
      vertex 5.628031750493016 1.3772596498261769 7
      vertex 5.69640137999138 2.3595267083132443 7
      vertex 5.754902581212556 1.3906542816056773 7
    endloop
  endfacet
  facet normal 0 0 -1
    outer loop
      vertex 5.788370343006699 1.2440224364518715 7
      vertex 5.912123004816533 1.2750208645241996 7
      vertex 6.047267450094681 1.2028762846762808 7
    endloop
  endfacet
  facet normal 0 0 -1
    outer loop
      vertex 5.912123004816533 1.2750208645241996 7
      vertex 6.025002015059204 1.2917648839808975 7
      vertex 6.047267450094681 1.2028762846762808 7
    endloop
  endfacet
  facet normal 0 0 -1
    outer loop
      vertex 5.754902581212556 1.3906542816056773 7
      vertex 5.900245710841932 1.7898199688523466 7
      vertex 5.879849590702062 1.4164199305903986 7
    endloop
  endfacet
  facet normal 0 0 -1
    outer loop
      vertex 5.879849590702062 1.4164199305903986 7
      vertex 5.900245710841932 1.7898199688523466 7
      vertex 5.985543304982484 1.4492928848260664 7
    endloop
  endfacet
  facet normal 0 0 -1
    outer loop
      vertex 5.373412727688518 1.3879790464119595 7
      vertex 5.437697589881762 2.906509915724582 7
      vertex 5.500458933997922 1.3763650328781856 7
    endloop
  endfacet
  facet normal 0 0 -1
    outer loop
      vertex 5.500458933997922 1.3763650328781856 7
      vertex 5.437697589881762 2.906509915724582 7
      vertex 5.69640137999138 2.3595267083132443 7
    endloop
  endfacet
  facet normal 0 0 -1
    outer loop
      vertex 5.754902581212556 1.3906542816056773 7
      vertex 5.69640137999138 2.3595267083132443 7
      vertex 5.900245710841932 1.7898199688523466 7
    endloop
  endfacet
  facet normal 0 0 -1
    outer loop
      vertex 3.735010592513408 3.525170033416293 7
      vertex 3.9115043165250616 4.7661818000383755 7
      vertex 3.8625081345720615 3.5206978284817505 7
    endloop
  endfacet
  facet normal 0 0 -1
    outer loop
      vertex 4.334234119231009 2.228685207476839 7
      vertex 4.2963455903257275 2.3505050877319436 7
      vertex 4.328091839683789 3.1045772898910555 7
    endloop
  endfacet
  facet normal 0 0 -1
    outer loop
      vertex 4.2963455903257275 2.3505050877319436 7
      vertex 4.270579941341005 2.4754520972214498 7
      vertex 4.328091839683789 3.1045772898910555 7
    endloop
  endfacet
  facet normal 0 0 -1
    outer loop
      vertex 4.270579941341005 2.4754520972214498 7
      vertex 4.257185309561505 2.602322927940989 7
      vertex 4.291915500863631 2.982238022451923 7
    endloop
  endfacet
  facet normal 0 0 -1
    outer loop
      vertex 4.257185309561505 2.602322927940989 7
      vertex 4.256290692613513 2.7298957444360825 7
      vertex 4.291915500863631 2.982238022451923 7
    endloop
  endfacet
  facet normal 0 0 -1
    outer loop
      vertex 4.270579941341005 2.4754520972214498 7
      vertex 4.291915500863631 2.982238022451923 7
      vertex 4.328091839683789 3.1045772898910555 7
    endloop
  endfacet
  facet normal 0 0 -1
    outer loop
      vertex 4.383880640811522 2.111165648496513 7
      vertex 4.328091839683789 3.1045772898910555 7
      vertex 4.376085324688926 3.2227815590400004 7
    endloop
  endfacet
  facet normal 0 0 -1
    outer loop
      vertex 4.256290692613513 2.7298957444360825 7
      vertex 4.267904706147287 2.8569419507454876 7
      vertex 4.291915500863631 2.982238022451923 7
    endloop
  endfacet
  facet normal 0 0 -1
    outer loop
      vertex 4.383880640811522 2.111165648496513 7
      vertex 4.376085324688926 3.2227815590400004 7
      vertex 4.435433752382536 3.3357124581698274 7
    endloop
  endfacet
  facet normal 0 0 -1
    outer loop
      vertex 4.44480703192489 1.9990781883866713 7
      vertex 4.435433752382536 3.3357124581698274 7
      vertex 4.505565564962775 3.4422824009876054 7
    endloop
  endfacet
  facet normal 0 0 -1
    outer loop
      vertex 4.516426538118943 1.8935022906614112 7
      vertex 4.505565564962775 3.4422824009876054 7
      vertex 4.585805354736551 3.5414650606869436 7
    endloop
  endfacet
  facet normal 0 0 -1
    outer loop
      vertex 3.9898300938557307 3.5287441029079827 7
      vertex 4.359836864448671 4.359836864448671 7
      vertex 4.115750290295251 3.549231366673724 7
    endloop
  endfacet
  facet normal 0 0 -1
    outer loop
      vertex 4.115750290295251 3.549231366673724 7
      vertex 4.359836864448671 4.359836864448671 7
      vertex 4.23905604356393 3.5819623162294336 7
    endloop
  endfacet
  facet normal 0 0 -1
    outer loop
      vertex 4.23905604356393 3.5819623162294336 7
      vertex 4.359836864448671 4.359836864448671 7
      vertex 4.358559851852006 3.626621734638331 7
    endloop
  endfacet
  facet normal 0 0 -1
    outer loop
      vertex 4.358559851852006 3.626621734638331 7
      vertex 4.359836864448671 4.359836864448671 7
      vertex 4.473110828158243 3.682779527287819 7
    endloop
  endfacet
  facet normal 0 0 -1
    outer loop
      vertex 4.473110828158243 3.682779527287819 7
      vertex 4.359836864448671 4.359836864448671 7
      vertex 4.581605783960873 3.7498948639357095 7
    endloop
  endfacet
  facet normal 0 0 -1
    outer loop
      vertex 3.1372652404325168 3.7296367069067453 7
      vertex 3.4255018437875524 5.126625799433709 7
      vertex 3.2475998511136313 3.6655906489966643 7
    endloop
  endfacet
  facet normal 0 0 -1
    outer loop
      vertex 3.0337395325050767 3.8041890485607595 7
      vertex 3.4255018437875524 5.126625799433709 7
      vertex 3.1372652404325168 3.7296367069067453 7
    endloop
  endfacet
  facet normal 0 0 -1
    outer loop
      vertex 3.3636807819325267 3.612667673379327 7
      vertex 3.4255018437875524 5.126625799433709 7
      vertex 3.484390110069126 3.571377457240569 7
    endloop
  endfacet
  facet normal 0 0 -1
    outer loop
      vertex 3.2475998511136313 3.6655906489966643 7
      vertex 3.4255018437875524 5.126625799433709 7
      vertex 3.3636807819325267 3.612667673379327 7
    endloop
  endfacet
  facet normal 0 0 -1
    outer loop
      vertex 3.484390110069126 3.571377457240569 7
      vertex 3.9115043165250616 4.7661818000383755 7
      vertex 3.6085653387070424 3.542117647933335 7
    endloop
  endfacet
  facet normal 0 0 -1
    outer loop
      vertex 3.6085653387070424 3.542117647933335 7
      vertex 3.9115043165250616 4.7661818000383755 7
      vertex 3.735010592513408 3.525170033416293 7
    endloop
  endfacet
  facet normal 0 0 -1
    outer loop
      vertex 3.484390110069126 3.571377457240569 7
      vertex 3.4255018437875524 5.126625799433709 7
      vertex 3.9115043165250616 4.7661818000383755 7
    endloop
  endfacet
  facet normal 0 0 -1
    outer loop
      vertex 3.0337395325050767 3.8041890485607595 7
      vertex 3 5.3816617898390975 7
      vertex 3.4255018437875524 5.126625799433709 7
    endloop
  endfacet
  facet normal 0 0 -1
    outer loop
      vertex 3.8625081345720615 3.5206978284817505 7
      vertex 3.9115043165250616 4.7661818000383755 7
      vertex 3.9898300938557307 3.5287441029079827 7
    endloop
  endfacet
  facet normal 0 0 -1
    outer loop
      vertex 3.9898300938557307 3.5287441029079827 7
      vertex 3.9115043165250616 4.7661818000383755 7
      vertex 4.359836864448671 4.359836864448671 7
    endloop
  endfacet
  facet normal 0 0 -1
    outer loop
      vertex 4.581605783960873 3.7498948639357095 7
      vertex 4.359836864448671 4.359836864448671 7
      vertex 4.682999853526145 3.8273213872011085 7
    endloop
  endfacet
  facet normal 0 0 -1
    outer loop
      vertex 4.359836864448671 4.359836864448671 7
      vertex 4.769092803406999 3.907579282850839 7
      vertex 4.682999853526145 3.8273213872011085 7
    endloop
  endfacet
  facet normal 0 0 -1
    outer loop
      vertex 4.688889617747062 1.7058796950012232 7
      vertex 4.585805354736551 3.5414650606869436 7
      vertex 4.67538036866481 3.632305254036181 7
    endloop
  endfacet
  facet normal 0 0 -1
    outer loop
      vertex 4.7880722774464 1.625639905227447 7
      vertex 4.67538036866481 3.632305254036181 7
      vertex 5.126625799433709 3.4255018437875524 7
    endloop
  endfacet
  facet normal 0 0 -1
    outer loop
      vertex 5.248116655982082 1.411989841128302 7
      vertex 5.126625799433709 3.4255018437875524 7
      vertex 5.437697589881762 2.906509915724582 7
    endloop
  endfacet
  facet normal 0 0 -1
    outer loop
      vertex 4.67538036866481 3.632305254036181 7
      vertex 4.773427950396739 3.713928140315062 7
      vertex 5.126625799433709 3.4255018437875524 7
    endloop
  endfacet
  facet normal 0 0 -1
    outer loop
      vertex 4.773427950396739 3.713928140315062 7
      vertex 4.86609316864639 3.776789430774316 7
      vertex 5.126625799433709 3.4255018437875524 7
    endloop
  endfacet
  facet normal 0 0 -1
    outer loop
      vertex 4.359836864448671 4.359836864448671 7
      vertex 4.7661818000383755 3.9115043165250616 7
      vertex 4.769092803406999 3.907579282850839 7
    endloop
  endfacet
  facet normal 0.9987954562051724 0.049067674327417155 0
    outer loop
      vertex 6.1657404234375 0 7
      vertex 6.136050698030364 0.6043482443197178 7
      vertex 6.1657404234375 0 12.95
    endloop
  endfacet
  facet normal 0.989176509964781 0.14673047445536225 0
    outer loop
      vertex 6.136050698030364 0.6043482443197178 7
      vertex 6.047267450094681 1.2028762846762808 7
      vertex 6.136050698030364 0.6043482443197178 12.95
    endloop
  endfacet
  facet normal 0.9700312531945439 0.24298017990326445 -7.854513904902273e-17
    outer loop
      vertex 6.025002015059204 1.2917648839808975 7
      vertex 5.985543304982484 1.4492928848260664 7
      vertex 6.047267450094681 1.2028762846762808 12.95
    endloop
  endfacet
  facet normal 0.9700312531945426 0.24298017990326937 0
    outer loop
      vertex 6.047267450094681 1.2028762846762808 7
      vertex 6.025002015059204 1.2917648839808975 7
      vertex 6.047267450094681 1.2028762846762808 12.95
    endloop
  endfacet
  facet normal 0.9700312531945438 0.24298017990326468 -6.478015162799063e-17
    outer loop
      vertex 5.985543304982484 1.4492928848260664 7
      vertex 5.900245710841932 1.7898199688523466 7
      vertex 6.047267450094681 1.2028762846762808 12.95
    endloop
  endfacet
  facet normal 0.9415440651830211 0.33688985339221916 0
    outer loop
      vertex 5.900245710841932 1.7898199688523466 7
      vertex 5.69640137999138 2.3595267083132443 7
      vertex 5.900245710841932 1.7898199688523466 12.95
    endloop
  endfacet
  facet normal 0 0 1
    outer loop
      vertex 3.4255018437875524 -5.126625799433709 12.95
      vertex 3.4255018437875524 5.126625799433709 12.95
      vertex 3 0 12.95
    endloop
  endfacet
  facet normal 0 0 1
    outer loop
      vertex 3.9115043165250616 -4.7661818000383755 12.95
      vertex 3.9499999999999997 0 12.95
      vertex 3.9115043165250616 4.7661818000383755 12.95
    endloop
  endfacet
  facet normal 0 0 1
    outer loop
      vertex 3.9115043165250616 -4.7661818000383755 12.95
      vertex 3.9115043165250616 4.7661818000383755 12.95
      vertex 3.4255018437875524 5.126625799433709 12.95
    endloop
  endfacet
  facet normal 0 0 1
    outer loop
      vertex 3.9499999999999997 0 12.95
      vertex 3.9530474430504503 0.06203212835243545 12.95
      vertex 3.9115043165250616 4.7661818000383755 12.95
    endloop
  endfacet
  facet normal 0 0 1
    outer loop
      vertex 3.9530474430504503 0.06203212835243545 12.95
      vertex 3.962160423659324 0.1234668533986262 12.95
      vertex 3.9115043165250616 4.7661818000383755 12.95
    endloop
  endfacet
  facet normal 0 0 1
    outer loop
      vertex 3.962160423659324 0.1234668533986262 12.95
      vertex 3.977251178841695 0.18371252515274059 12.95
      vertex 3.9115043165250616 4.7661818000383755 12.95
    endloop
  endfacet
  facet normal 0 0 1
    outer loop
      vertex 3.977251178841695 0.18371252515274059 12.95
      vertex 3.998174376375712 0.2421889448621523 12.95
      vertex 3.9115043165250616 4.7661818000383755 12.95
    endloop
  endfacet
  facet normal 0 0 1
    outer loop
      vertex 3.998174376375712 0.2421889448621523 12.95
      vertex 4.024728514431339 0.298332952638597 12.95
      vertex 3.9115043165250616 4.7661818000383755 12.95
    endloop
  endfacet
  facet normal 0 0 1
    outer loop
      vertex 4.093654922438268 0.40148861206159947 12.95
      vertex 4.135363393401455 0.4475068183172942 12.95
      vertex 4.359836864448671 4.359836864448671 12.95
    endloop
  endfacet
  facet normal 0 0 1
    outer loop
      vertex 4.135363393401455 0.4475068183172942 12.95
      vertex 4.181381599657151 0.4892152892804823 12.95
      vertex 4.359836864448671 4.359836864448671 12.95
    endloop
  endfacet
  facet normal 0 0 1
    outer loop
      vertex 4.520838083366314 0.6298227686682997 12.95
      vertex 4.58287021171875 0.63287021171875 12.95
      vertex 4.7661818000383755 3.9115043165250616 12.95
    endloop
  endfacet
  facet normal 0 0 1
    outer loop
      vertex 4.024728514431339 0.298332952638597 12.95
      vertex 4.0566578621431315 0.3516038509957509 12.95
      vertex 3.9115043165250616 4.7661818000383755 12.95
    endloop
  endfacet
  facet normal 0 0 1
    outer loop
      vertex 4.0566578621431315 0.3516038509957509 12.95
      vertex 4.093654922438268 0.40148861206159947 12.95
      vertex 3.9115043165250616 4.7661818000383755 12.95
    endloop
  endfacet
  facet normal 0 0 1
    outer loop
      vertex 4.181381599657151 0.4892152892804823 12.95
      vertex 4.231266360722999 0.5262123495756188 12.95
      vertex 4.359836864448671 4.359836864448671 12.95
    endloop
  endfacet
  facet normal 0 0 1
    outer loop
      vertex 4.231266360722999 0.5262123495756188 12.95
      vertex 4.284537259080153 0.5581416972874111 12.95
      vertex 4.359836864448671 4.359836864448671 12.95
    endloop
  endfacet
  facet normal 0 0 1
    outer loop
      vertex 4.284537259080153 0.5581416972874111 12.95
      vertex 4.340681266856597 0.5846958353430378 12.95
      vertex 4.359836864448671 4.359836864448671 12.95
    endloop
  endfacet
  facet normal 0 0 1
    outer loop
      vertex 4.340681266856597 0.5846958353430378 12.95
      vertex 4.399157686566009 0.6056190328770548 12.95
      vertex 4.359836864448671 4.359836864448671 12.95
    endloop
  endfacet
  facet normal 0 0 1
    outer loop
      vertex 4.399157686566009 0.6056190328770548 12.95
      vertex 4.459403358320124 0.620709788059426 12.95
      vertex 4.359836864448671 4.359836864448671 12.95
    endloop
  endfacet
  facet normal 0 0 1
    outer loop
      vertex 4.459403358320124 0.620709788059426 12.95
      vertex 4.520838083366314 0.6298227686682997 12.95
      vertex 4.359836864448671 4.359836864448671 12.95
    endloop
  endfacet
  facet normal 0.9987954562051724 -0.049067674327417155 0
    outer loop
      vertex 6.136050698030364 -0.6043482443197178 12.95
      vertex 6.1657404234375 0 7
      vertex 6.1657404234375 0 12.95
    endloop
  endfacet
  facet normal 0.9987954562051724 0.049067674327417155 0
    outer loop
      vertex 6.136050698030364 0.6043482443197178 7
      vertex 6.136050698030364 0.6043482443197178 12.95
      vertex 6.1657404234375 0 12.95
    endloop
  endfacet
  facet normal 0.989176509964781 0.14673047445536225 0
    outer loop
      vertex 6.047267450094681 1.2028762846762808 7
      vertex 6.047267450094681 1.2028762846762808 12.95
      vertex 6.136050698030364 0.6043482443197178 12.95
    endloop
  endfacet
  facet normal 0 0 1
    outer loop
      vertex 5.437697589881762 -2.906509915724582 12.95
      vertex 5.126625799433709 3.4255018437875524 12.95
      vertex 5.2157404234374996 0 12.95
    endloop
  endfacet
  facet normal 0 0 1
    outer loop
      vertex 6.047267450094681 -1.2028762846762808 12.95
      vertex 6.136050698030364 -0.6043482443197178 12.95
      vertex 6.047267450094681 1.2028762846762808 12.95
    endloop
  endfacet
  facet normal 0 0 1
    outer loop
      vertex 6.136050698030364 -0.6043482443197178 12.95
      vertex 6.1657404234375 0 12.95
      vertex 6.136050698030364 0.6043482443197178 12.95
    endloop
  endfacet
  facet normal 0 0 1
    outer loop
      vertex 5.69640137999138 -2.3595267083132443 12.95
      vertex 5.69640137999138 2.3595267083132443 12.95
      vertex 5.437697589881762 2.906509915724582 12.95
    endloop
  endfacet
  facet normal 0 0 1
    outer loop
      vertex 6.136050698030364 -0.6043482443197178 12.95
      vertex 6.136050698030364 0.6043482443197178 12.95
      vertex 6.047267450094681 1.2028762846762808 12.95
    endloop
  endfacet
  facet normal 0 0 1
    outer loop
      vertex 6.047267450094681 -1.2028762846762808 12.95
      vertex 6.047267450094681 1.2028762846762808 12.95
      vertex 5.900245710841932 1.7898199688523466 12.95
    endloop
  endfacet
  facet normal 0 0 1
    outer loop
      vertex 5.900245710841932 -1.7898199688523466 12.95
      vertex 5.900245710841932 1.7898199688523466 12.95
      vertex 5.69640137999138 2.3595267083132443 12.95
    endloop
  endfacet
  facet normal 0.9700312531945436 0.24298017990326537 0
    outer loop
      vertex 5.900245710841932 1.7898199688523466 7
      vertex 5.900245710841932 1.7898199688523466 12.95
      vertex 6.047267450094681 1.2028762846762808 12.95
    endloop
  endfacet
  facet normal 0.9415440651830211 0.33688985339221916 0
    outer loop
      vertex 5.69640137999138 2.3595267083132443 7
      vertex 5.69640137999138 2.3595267083132443 12.95
      vertex 5.900245710841932 1.7898199688523466 12.95
    endloop
  endfacet
  facet normal 0 0 1
    outer loop
      vertex 4.58287021171875 0.63287021171875 12.95
      vertex 4.6449023400711855 0.6298227686682997 12.95
      vertex 4.7661818000383755 3.9115043165250616 12.95
    endloop
  endfacet
  facet normal 0 0 1
    outer loop
      vertex 4.6449023400711855 0.6298227686682997 12.95
      vertex 4.706337065117376 0.620709788059426 12.95
      vertex 4.7661818000383755 3.9115043165250616 12.95
    endloop
  endfacet
  facet normal 0 0 1
    outer loop
      vertex 4.706337065117376 0.620709788059426 12.95
      vertex 4.766582736871491 0.6056190328770548 12.95
      vertex 4.7661818000383755 3.9115043165250616 12.95
    endloop
  endfacet
  facet normal 0 0 1
    outer loop
      vertex 4.766582736871491 0.6056190328770548 12.95
      vertex 4.8250591565809025 0.5846958353430378 12.95
      vertex 4.7661818000383755 3.9115043165250616 12.95
    endloop
  endfacet
  facet normal 0 0 1
    outer loop
      vertex 4.881203164357347 0.5581416972874111 12.95
      vertex 4.934474062714501 0.5262123495756188 12.95
      vertex 5.126625799433709 3.4255018437875524 12.95
    endloop
  endfacet
  facet normal 0 0 1
    outer loop
      vertex 4.881203164357347 0.5581416972874111 12.95
      vertex 4.7661818000383755 3.9115043165250616 12.95
      vertex 4.8250591565809025 0.5846958353430378 12.95
    endloop
  endfacet
  facet normal 0 0 1
    outer loop
      vertex 5.2157404234374996 0 12.95
      vertex 5.126625799433709 3.4255018437875524 12.95
      vertex 5.212692980387049 0.06203212835243545 12.95
    endloop
  endfacet
  facet normal 0 0 1
    outer loop
      vertex 5.212692980387049 0.06203212835243545 12.95
      vertex 5.126625799433709 3.4255018437875524 12.95
      vertex 5.203579999778176 0.1234668533986262 12.95
    endloop
  endfacet
  facet normal 0 0 1
    outer loop
      vertex 5.109082561294368 0.3516038509957509 12.95
      vertex 5.126625799433709 3.4255018437875524 12.95
      vertex 5.072085500999232 0.40148861206159947 12.95
    endloop
  endfacet
  facet normal 0 0 1
    outer loop
      vertex 5.167566047061788 0.2421889448621523 12.95
      vertex 5.126625799433709 3.4255018437875524 12.95
      vertex 5.141011909006161 0.298332952638597 12.95
    endloop
  endfacet
  facet normal 0 0 1
    outer loop
      vertex 5.188489244595805 0.18371252515274059 12.95
      vertex 5.203579999778176 0.1234668533986262 12.95
      vertex 5.126625799433709 3.4255018437875524 12.95
    endloop
  endfacet
  facet normal 0 0 1
    outer loop
      vertex 5.188489244595805 0.18371252515274059 12.95
      vertex 5.126625799433709 3.4255018437875524 12.95
      vertex 5.167566047061788 0.2421889448621523 12.95
    endloop
  endfacet
  facet normal 0 0 1
    outer loop
      vertex 5.141011909006161 0.298332952638597 12.95
      vertex 5.126625799433709 3.4255018437875524 12.95
      vertex 5.109082561294368 0.3516038509957509 12.95
    endloop
  endfacet
  facet normal 0 0 1
    outer loop
      vertex 5.437697589881762 -2.906509915724582 12.95
      vertex 5.437697589881762 2.906509915724582 12.95
      vertex 5.126625799433709 3.4255018437875524 12.95
    endloop
  endfacet
  facet normal 0 0 1
    outer loop
      vertex 4.984358823780349 0.4892152892804823 12.95
      vertex 5.030377030036044 0.4475068183172942 12.95
      vertex 5.126625799433709 3.4255018437875524 12.95
    endloop
  endfacet
  facet normal 0 0 1
    outer loop
      vertex 4.934474062714501 0.5262123495756188 12.95
      vertex 4.984358823780349 0.4892152892804823 12.95
      vertex 5.126625799433709 3.4255018437875524 12.95
    endloop
  endfacet
  facet normal 0 0 1
    outer loop
      vertex 5.030377030036044 0.4475068183172942 12.95
      vertex 5.072085500999232 0.40148861206159947 12.95
      vertex 5.126625799433709 3.4255018437875524 12.95
    endloop
  endfacet
  facet normal 0.514102744193222 0.8577286100002718 0
    outer loop
      vertex 3.4255018437875524 5.126625799433709 7
      vertex 3 5.3816617898390975 7
      vertex 3 5.3816617898390975 12.95
    endloop
  endfacet
  facet normal 0.5956993044924334 0.8032075314806448 0
    outer loop
      vertex 3.4255018437875524 5.126625799433709 7
      vertex 3.4255018437875524 5.126625799433709 12.95
      vertex 3.9115043165250616 4.7661818000383755 7
    endloop
  endfacet
  facet normal 0.6715589548470178 0.7409511253549595 0
    outer loop
      vertex 4.359836864448671 4.359836864448671 7
      vertex 3.9115043165250616 4.7661818000383755 7
      vertex 3.9115043165250616 4.7661818000383755 12.95
    endloop
  endfacet
  facet normal 0.8577286100002718 0.514102744193222 0
    outer loop
      vertex 5.437697589881762 2.906509915724582 7
      vertex 5.126625799433709 3.4255018437875524 7
      vertex 5.437697589881762 2.906509915724582 12.95
    endloop
  endfacet
  facet normal 0.8032075314806144 0.5956993044924743 5.190592414765018e-15
    outer loop
      vertex 4.7661818000383755 3.9115043165250616 7
      vertex 5.126625799433709 3.4255018437875524 12.95
      vertex 4.769092803406999 3.907579282850839 7
    endloop
  endfacet
  facet normal 0.8032075314806504 0.595699304492426 -8.737492895017892e-16
    outer loop
      vertex 4.817592986026694 3.8421843568125773 7
      vertex 4.769092803406999 3.907579282850839 7
      vertex 5.126625799433709 3.4255018437875524 12.95
    endloop
  endfacet
  facet normal 0.8032075314806432 0.5956993044924358 1.7904698555364491e-16
    outer loop
      vertex 4.817592986026694 3.8421843568125773 7
      vertex 5.126625799433709 3.4255018437875524 12.95
      vertex 4.86609316864639 3.776789430774316 7
    endloop
  endfacet
  facet normal 0.8032075314806446 0.5956993044924338 0
    outer loop
      vertex 4.86609316864639 3.776789430774316 7
      vertex 5.126625799433709 3.4255018437875524 12.95
      vertex 5.126625799433709 3.4255018437875524 7
    endloop
  endfacet
  facet normal 0.9039892931234436 0.4275550934302814 0
    outer loop
      vertex 5.69640137999138 2.3595267083132443 7
      vertex 5.437697589881762 2.906509915724582 7
      vertex 5.69640137999138 2.3595267083132443 12.95
    endloop
  endfacet
  facet normal 0.7409511253549595 0.6715589548470178 0
    outer loop
      vertex 4.359836864448671 4.359836864448671 7
      vertex 4.7661818000383755 3.9115043165250616 12.95
      vertex 4.7661818000383755 3.9115043165250616 7
    endloop
  endfacet
  facet normal 0 0 1
    outer loop
      vertex 3.4255018437875524 5.126625799433709 12.95
      vertex 3 5.3816617898390975 12.95
      vertex 3 0 12.95
    endloop
  endfacet
  facet normal 0 0 1
    outer loop
      vertex 4.093654922438268 0.40148861206159947 12.95
      vertex 4.359836864448671 4.359836864448671 12.95
      vertex 3.9115043165250616 4.7661818000383755 12.95
    endloop
  endfacet
  facet normal 0 0 1
    outer loop
      vertex 4.520838083366314 0.6298227686682997 12.95
      vertex 4.7661818000383755 3.9115043165250616 12.95
      vertex 4.359836864448671 4.359836864448671 12.95
    endloop
  endfacet
  facet normal 0.514102744193222 0.8577286100002718 0
    outer loop
      vertex 3.4255018437875524 5.126625799433709 7
      vertex 3 5.3816617898390975 12.95
      vertex 3.4255018437875524 5.126625799433709 12.95
    endloop
  endfacet
  facet normal 0.5956993044924334 0.8032075314806448 0
    outer loop
      vertex 3.9115043165250616 4.7661818000383755 7
      vertex 3.4255018437875524 5.126625799433709 12.95
      vertex 3.9115043165250616 4.7661818000383755 12.95
    endloop
  endfacet
  facet normal 0.6715589548470178 0.7409511253549595 0
    outer loop
      vertex 4.359836864448671 4.359836864448671 7
      vertex 3.9115043165250616 4.7661818000383755 12.95
      vertex 4.359836864448671 4.359836864448671 12.95
    endloop
  endfacet
  facet normal 0.7409511253549595 0.6715589548470178 0
    outer loop
      vertex 4.359836864448671 4.359836864448671 7
      vertex 4.359836864448671 4.359836864448671 12.95
      vertex 4.7661818000383755 3.9115043165250616 12.95
    endloop
  endfacet
  facet normal 0.8032075314806448 0.5956993044924334 0
    outer loop
      vertex 4.7661818000383755 3.9115043165250616 7
      vertex 4.7661818000383755 3.9115043165250616 12.95
      vertex 5.126625799433709 3.4255018437875524 12.95
    endloop
  endfacet
  facet normal 0.8577286100002718 0.514102744193222 0
    outer loop
      vertex 5.126625799433709 3.4255018437875524 7
      vertex 5.126625799433709 3.4255018437875524 12.95
      vertex 5.437697589881762 2.906509915724582 12.95
    endloop
  endfacet
  facet normal 0.9039892931234436 0.4275550934302814 0
    outer loop
      vertex 5.437697589881762 2.906509915724582 7
      vertex 5.437697589881762 2.906509915724582 12.95
      vertex 5.69640137999138 2.3595267083132443 12.95
    endloop
  endfacet
  facet normal 0 0 1
    outer loop
      vertex 4.881203164357347 0.5581416972874111 12.95
      vertex 5.126625799433709 3.4255018437875524 12.95
      vertex 4.7661818000383755 3.9115043165250616 12.95
    endloop
  endfacet
  facet normal 0.6494480483301824 0.7604059656000319 0
    outer loop
      vertex -2.0073918190765747 -2.229434476432183 0
      vertex -2.0073918190765747 -2.229434476432183 12.95
      vertex -1.8879611731495123 -2.3314378843709127 0
    endloop
  endfacet
  facet normal 0.7253743710122882 0.6883545756937534 0
    outer loop
      vertex -2.121320343559643 -2.121320343559643 0
      vertex -2.229434476432183 -2.0073918190765747 0
      vertex -2.229434476432183 -2.0073918190765747 12.95
    endloop
  endfacet
  facet normal 0.7604059656000319 0.6494480483301824 0
    outer loop
      vertex -2.229434476432183 -2.0073918190765747 0
      vertex -2.3314378843709127 -1.8879611731495123 0
      vertex -2.3314378843709127 -1.8879611731495123 12.95
    endloop
  endfacet
  facet normal 0.6883545756937534 0.7253743710122882 0
    outer loop
      vertex -2.121320343559643 -2.121320343559643 0
      vertex -2.121320343559643 -2.121320343559643 12.95
      vertex -2.0073918190765747 -2.229434476432183 0
    endloop
  endfacet
  facet normal 0.608761429008721 0.7933533402912348 0
    outer loop
      vertex -1.8879611731495123 -2.3314378843709127 0
      vertex -1.8879611731495123 -2.3314378843709127 12.95
      vertex -1.7633557568774194 -2.4270509831248424 0
    endloop
  endfacet
  facet normal 0.566406236924833 0.8241261886220156 0
    outer loop
      vertex -1.7633557568774194 -2.4270509831248424 12.95
      vertex -1.6339171050450814 -2.516011703836272 0
      vertex -1.7633557568774194 -2.4270509831248424 0
    endloop
  endfacet
  facet normal 0.5224985647159486 0.8526401643540924 0
    outer loop
      vertex -1.6339171050450814 -2.516011703836272 0
      vertex -1.6339171050450814 -2.516011703836272 12.95
      vertex -1.5 -2.598076211353316 0
    endloop
  endfacet
  facet normal 0.902585284349861 0.43051109680829464 0
    outer loop
      vertex -2.673019572565104 -1.3619714992186402 0
      vertex -2.7406363729278027 -1.2202099292274007 0
      vertex -2.7406363729278027 -1.2202099292274007 12.95
    endloop
  endfacet
  facet normal 0.9238795325112866 0.38268343236509 0
    outer loop
      vertex -2.7406363729278027 -1.2202099292274007 0
      vertex -2.8007412794916053 -1.0751038486359008 0
      vertex -2.8007412794916053 -1.0751038486359008 12.95
    endloop
  endfacet
  facet normal 0.8526401643540924 0.5224985647159486 0
    outer loop
      vertex -2.516011703836272 -1.6339171050450814 0
      vertex -2.598076211353316 -1.5 0
      vertex -2.598076211353316 -1.5 12.95
    endloop
  endfacet
  facet normal 0.8241261886220156 0.566406236924833 0
    outer loop
      vertex -2.4270509831248424 -1.7633557568774194 0
      vertex -2.516011703836272 -1.6339171050450814 0
      vertex -2.516011703836272 -1.6339171050450814 12.95
    endloop
  endfacet
  facet normal 0.7933533402912348 0.608761429008721 0
    outer loop
      vertex -2.3314378843709127 -1.8879611731495123 0
      vertex -2.4270509831248424 -1.7633557568774194 0
      vertex -2.4270509831248424 -1.7633557568774194 12.95
    endloop
  endfacet
  facet normal 0.878817112661965 0.47715876025960874 0
    outer loop
      vertex -2.598076211353316 -1.5 0
      vertex -2.673019572565104 -1.3619714992186402 0
      vertex -2.673019572565104 -1.3619714992186402 12.95
    endloop
  endfacet
  facet normal 0.9426414910921792 0.33380685923376885 0
    outer loop
      vertex -2.8007412794916053 -1.0751038486359008 0
      vertex -2.8531695488854605 -0.9270509831248421 0
      vertex -2.8531695488854605 -0.9270509831248421 12.95
    endloop
  endfacet
  facet normal 0.9588197348681924 0.2840153447039252 0
    outer loop
      vertex -2.8531695488854605 -0.9270509831248421 0
      vertex -2.897777478867205 -0.7764571353075622 0
      vertex -2.897777478867205 -0.7764571353075622 12.95
    endloop
  endfacet
  facet normal 0.9723699203976766 0.23344536385590522 0
    outer loop
      vertex -2.897777478867205 -0.7764571353075622 0
      vertex -2.934442802201417 -0.623735072453278 0
      vertex -2.934442802201417 -0.623735072453278 12.95
    endloop
  endfacet
  facet normal 0.9832549075639546 0.1822355254921474 0
    outer loop
      vertex -2.934442802201417 -0.623735072453278 0
      vertex -2.9630650217854133 -0.46930339512069263 0
      vertex -2.9630650217854133 -0.46930339512069263 12.95
    endloop
  endfacet
  facet normal 0.47715876025960874 0.878817112661965 0
    outer loop
      vertex -1.5 -2.598076211353316 0
      vertex -1.5 -2.598076211353316 12.95
      vertex -1.3619714992186402 -2.673019572565104 0
    endloop
  endfacet
  facet normal 0.38268343236509 0.9238795325112866 0
    outer loop
      vertex -1.2202099292274007 -2.7406363729278027 0
      vertex -1.2202099292274007 -2.7406363729278027 12.95
      vertex -1.0751038486359008 -2.8007412794916053 0
    endloop
  endfacet
  facet normal 0.43051109680829464 0.902585284349861 0
    outer loop
      vertex -1.3619714992186402 -2.673019572565104 0
      vertex -1.3619714992186402 -2.673019572565104 12.95
      vertex -1.2202099292274007 -2.7406363729278027 0
    endloop
  endfacet
  facet normal 0.33380685923376885 0.9426414910921792 0
    outer loop
      vertex -1.0751038486359008 -2.8007412794916053 0
      vertex -1.0751038486359008 -2.8007412794916053 12.95
      vertex -0.9270509831248421 -2.8531695488854605 0
    endloop
  endfacet
  facet normal 0.2840153447039252 0.9588197348681924 0
    outer loop
      vertex -0.9270509831248421 -2.8531695488854605 0
      vertex -0.9270509831248421 -2.8531695488854605 12.95
      vertex -0.7764571353075622 -2.897777478867205 0
    endloop
  endfacet
  facet normal 0.1822355254921474 0.9832549075639546 0
    outer loop
      vertex -0.623735072453278 -2.934442802201417 0
      vertex -0.623735072453278 -2.934442802201417 12.95
      vertex -0.46930339512069263 -2.9630650217854133 0
    endloop
  endfacet
  facet normal 0.13052619222004846 0.9914448613738108 0
    outer loop
      vertex -0.46930339512069263 -2.9630650217854133 0
      vertex -0.46930339512069263 -2.9630650217854133 12.95
      vertex -0.3135853898029604 -2.9835656861048196 0
    endloop
  endfacet
  facet normal 0.23344536385590522 0.9723699203976766 0
    outer loop
      vertex -0.7764571353075622 -2.897777478867205 0
      vertex -0.7764571353075622 -2.897777478867205 12.95
      vertex -0.623735072453278 -2.934442802201417 0
    endloop
  endfacet
  facet normal 0.07845909572784716 0.9969173337331277 0
    outer loop
      vertex -0.3135853898029604 -2.9835656861048196 0
      vertex -0.3135853898029604 -2.9835656861048196 12.95
      vertex -0.1570078687288315 -2.9958886042637216 0
    endloop
  endfacet
  facet normal 0.026176948307873222 0.9996573249755573 0
    outer loop
      vertex -0.1570078687288315 -2.9958886042637216 12.95
      vertex 0 -3 0
      vertex -0.1570078687288315 -2.9958886042637216 0
    endloop
  endfacet
  facet normal 0.7933533402912348 0.608761429008721 0
    outer loop
      vertex -2.4270509831248424 -1.7633557568774194 12.95
      vertex -2.3314378843709127 -1.8879611731495123 12.95
      vertex -2.3314378843709127 -1.8879611731495123 0
    endloop
  endfacet
  facet normal 0.5224985647159486 0.8526401643540924 0
    outer loop
      vertex -1.5 -2.598076211353316 0
      vertex -1.6339171050450814 -2.516011703836272 12.95
      vertex -1.5 -2.598076211353316 12.95
    endloop
  endfacet
  facet normal 0.6494480483301824 0.7604059656000319 0
    outer loop
      vertex -1.8879611731495123 -2.3314378843709127 0
      vertex -2.0073918190765747 -2.229434476432183 12.95
      vertex -1.8879611731495123 -2.3314378843709127 12.95
    endloop
  endfacet
  facet normal 0.7253743710122882 0.6883545756937534 0
    outer loop
      vertex -2.121320343559643 -2.121320343559643 0
      vertex -2.229434476432183 -2.0073918190765747 12.95
      vertex -2.121320343559643 -2.121320343559643 12.95
    endloop
  endfacet
  facet normal 0.7604059656000319 0.6494480483301824 0
    outer loop
      vertex -2.229434476432183 -2.0073918190765747 0
      vertex -2.3314378843709127 -1.8879611731495123 12.95
      vertex -2.229434476432183 -2.0073918190765747 12.95
    endloop
  endfacet
  facet normal 0.6883545756937534 0.7253743710122882 0
    outer loop
      vertex -2.0073918190765747 -2.229434476432183 0
      vertex -2.121320343559643 -2.121320343559643 12.95
      vertex -2.0073918190765747 -2.229434476432183 12.95
    endloop
  endfacet
  facet normal 0.608761429008721 0.7933533402912348 0
    outer loop
      vertex -1.7633557568774194 -2.4270509831248424 0
      vertex -1.8879611731495123 -2.3314378843709127 12.95
      vertex -1.7633557568774194 -2.4270509831248424 12.95
    endloop
  endfacet
  facet normal 0.566406236924833 0.8241261886220156 0
    outer loop
      vertex -1.6339171050450814 -2.516011703836272 0
      vertex -1.7633557568774194 -2.4270509831248424 12.95
      vertex -1.6339171050450814 -2.516011703836272 12.95
    endloop
  endfacet
  facet normal 0.9238795325112866 0.38268343236509 0
    outer loop
      vertex -2.7406363729278027 -1.2202099292274007 0
      vertex -2.8007412794916053 -1.0751038486359008 12.95
      vertex -2.7406363729278027 -1.2202099292274007 12.95
    endloop
  endfacet
  facet normal 0.8526401643540924 0.5224985647159486 0
    outer loop
      vertex -2.598076211353316 -1.5 12.95
      vertex -2.516011703836272 -1.6339171050450814 12.95
      vertex -2.516011703836272 -1.6339171050450814 0
    endloop
  endfacet
  facet normal 0.8241261886220156 0.566406236924833 0
    outer loop
      vertex -2.4270509831248424 -1.7633557568774194 0
      vertex -2.516011703836272 -1.6339171050450814 12.95
      vertex -2.4270509831248424 -1.7633557568774194 12.95
    endloop
  endfacet
  facet normal 0.878817112661965 0.47715876025960874 0
    outer loop
      vertex -2.598076211353316 -1.5 0
      vertex -2.673019572565104 -1.3619714992186402 12.95
      vertex -2.598076211353316 -1.5 12.95
    endloop
  endfacet
  facet normal 0.902585284349861 0.43051109680829464 0
    outer loop
      vertex -2.673019572565104 -1.3619714992186402 0
      vertex -2.7406363729278027 -1.2202099292274007 12.95
      vertex -2.673019572565104 -1.3619714992186402 12.95
    endloop
  endfacet
  facet normal 0.9426414910921792 0.33380685923376885 0
    outer loop
      vertex -2.8531695488854605 -0.9270509831248421 12.95
      vertex -2.8007412794916053 -1.0751038486359008 12.95
      vertex -2.8007412794916053 -1.0751038486359008 0
    endloop
  endfacet
  facet normal 0.9588197348681924 0.2840153447039252 0
    outer loop
      vertex -2.897777478867205 -0.7764571353075622 12.95
      vertex -2.8531695488854605 -0.9270509831248421 12.95
      vertex -2.8531695488854605 -0.9270509831248421 0
    endloop
  endfacet
  facet normal 0.9723699203976766 0.23344536385590522 0
    outer loop
      vertex -2.934442802201417 -0.623735072453278 12.95
      vertex -2.897777478867205 -0.7764571353075622 12.95
      vertex -2.897777478867205 -0.7764571353075622 0
    endloop
  endfacet
  facet normal 0.9832549075639546 0.1822355254921474 0
    outer loop
      vertex -2.934442802201417 -0.623735072453278 0
      vertex -2.9630650217854133 -0.46930339512069263 12.95
      vertex -2.934442802201417 -0.623735072453278 12.95
    endloop
  endfacet
  facet normal 0.9914448613738108 0.13052619222004846 0
    outer loop
      vertex -2.9630650217854133 -0.46930339512069263 0
      vertex -2.9835656861048196 -0.3135853898029604 12.95
      vertex -2.9630650217854133 -0.46930339512069263 12.95
    endloop
  endfacet
  facet normal 0.47715876025960874 0.878817112661965 0
    outer loop
      vertex -1.5 -2.598076211353316 12.95
      vertex -1.3619714992186402 -2.673019572565104 12.95
      vertex -1.3619714992186402 -2.673019572565104 0
    endloop
  endfacet
  facet normal 0.43051109680829464 0.902585284349861 0
    outer loop
      vertex -1.2202099292274007 -2.7406363729278027 0
      vertex -1.3619714992186402 -2.673019572565104 12.95
      vertex -1.2202099292274007 -2.7406363729278027 12.95
    endloop
  endfacet
  facet normal 0.38268343236509 0.9238795325112866 0
    outer loop
      vertex -1.0751038486359008 -2.8007412794916053 0
      vertex -1.2202099292274007 -2.7406363729278027 12.95
      vertex -1.0751038486359008 -2.8007412794916053 12.95
    endloop
  endfacet
  facet normal 0.33380685923376885 0.9426414910921792 0
    outer loop
      vertex -0.9270509831248421 -2.8531695488854605 0
      vertex -1.0751038486359008 -2.8007412794916053 12.95
      vertex -0.9270509831248421 -2.8531695488854605 12.95
    endloop
  endfacet
  facet normal 0.2840153447039252 0.9588197348681924 0
    outer loop
      vertex -0.7764571353075622 -2.897777478867205 0
      vertex -0.9270509831248421 -2.8531695488854605 12.95
      vertex -0.7764571353075622 -2.897777478867205 12.95
    endloop
  endfacet
  facet normal 0.23344536385590522 0.9723699203976766 0
    outer loop
      vertex -0.623735072453278 -2.934442802201417 0
      vertex -0.7764571353075622 -2.897777478867205 12.95
      vertex -0.623735072453278 -2.934442802201417 12.95
    endloop
  endfacet
  facet normal 0.1822355254921474 0.9832549075639546 0
    outer loop
      vertex -0.46930339512069263 -2.9630650217854133 0
      vertex -0.623735072453278 -2.934442802201417 12.95
      vertex -0.46930339512069263 -2.9630650217854133 12.95
    endloop
  endfacet
  facet normal 0.13052619222004846 0.9914448613738108 0
    outer loop
      vertex -0.46930339512069263 -2.9630650217854133 12.95
      vertex -0.3135853898029604 -2.9835656861048196 12.95
      vertex -0.3135853898029604 -2.9835656861048196 0
    endloop
  endfacet
  facet normal 0.07845909572784716 0.9969173337331277 0
    outer loop
      vertex -0.3135853898029604 -2.9835656861048196 12.95
      vertex -0.1570078687288315 -2.9958886042637216 12.95
      vertex -0.1570078687288315 -2.9958886042637216 0
    endloop
  endfacet
  facet normal 0.026176948307873222 0.9996573249755573 0
    outer loop
      vertex 0 -3 0
      vertex -0.1570078687288315 -2.9958886042637216 12.95
      vertex 0 -3 12.95
    endloop
  endfacet
  facet normal 0.9914448613738108 0.13052619222004846 0
    outer loop
      vertex -2.9630650217854133 -0.46930339512069263 0
      vertex -2.9835656861048196 -0.3135853898029604 0
      vertex -2.9835656861048196 -0.3135853898029604 12.95
    endloop
  endfacet
  facet normal 0.9969173337331277 0.07845909572784716 0
    outer loop
      vertex -2.9835656861048196 -0.3135853898029604 0
      vertex -2.9958886042637216 -0.1570078687288315 0
      vertex -2.9958886042637216 -0.1570078687288315 12.95
    endloop
  endfacet
  facet normal 0.9996573249755573 0.026176948307873222 0
    outer loop
      vertex -2.9958886042637216 -0.1570078687288315 0
      vertex -3 0 0
      vertex -3 0 12.95
    endloop
  endfacet
  facet normal 0.9969173337331277 0.07845909572784716 0
    outer loop
      vertex -2.9835656861048196 -0.3135853898029604 0
      vertex -2.9958886042637216 -0.1570078687288315 12.95
      vertex -2.9835656861048196 -0.3135853898029604 12.95
    endloop
  endfacet
  facet normal 0.9996573249755573 0.026176948307873222 0
    outer loop
      vertex -2.9958886042637216 -0.1570078687288315 0
      vertex -3 0 12.95
      vertex -2.9958886042637216 -0.1570078687288315 12.95
    endloop
  endfacet
  facet normal -0.026176948307873222 0.9996573249755573 0
    outer loop
      vertex 0 -3 12.95
      vertex 0.1570078687288315 -2.9958886042637216 0
      vertex 0 -3 0
    endloop
  endfacet
  facet normal -0.07845909572784716 0.9969173337331277 0
    outer loop
      vertex 0.1570078687288315 -2.9958886042637216 12.95
      vertex 0.3135853898029604 -2.9835656861048196 0
      vertex 0.1570078687288315 -2.9958886042637216 0
    endloop
  endfacet
  facet normal -0.13052619222004846 0.9914448613738108 0
    outer loop
      vertex 0.3135853898029604 -2.9835656861048196 0
      vertex 0.3135853898029604 -2.9835656861048196 12.95
      vertex 0.46930339512069263 -2.9630650217854133 0
    endloop
  endfacet
  facet normal -0.1822355254921474 0.9832549075639546 0
    outer loop
      vertex 0.46930339512069263 -2.9630650217854133 0
      vertex 0.46930339512069263 -2.9630650217854133 12.95
      vertex 0.623735072453278 -2.934442802201417 0
    endloop
  endfacet
  facet normal -0.23344536385590522 0.9723699203976766 0
    outer loop
      vertex 0.623735072453278 -2.934442802201417 12.95
      vertex 0.7764571353075622 -2.897777478867205 0
      vertex 0.623735072453278 -2.934442802201417 0
    endloop
  endfacet
  facet normal -0.2840153447039252 0.9588197348681924 0
    outer loop
      vertex 0.7764571353075622 -2.897777478867205 0
      vertex 0.7764571353075622 -2.897777478867205 12.95
      vertex 0.9270509831248421 -2.8531695488854605 0
    endloop
  endfacet
  facet normal -0.33380685923376885 0.9426414910921792 0
    outer loop
      vertex 0.9270509831248421 -2.8531695488854605 0
      vertex 0.9270509831248421 -2.8531695488854605 12.95
      vertex 1.0751038486359008 -2.8007412794916053 0
    endloop
  endfacet
  facet normal -0.38268343236509 0.9238795325112866 0
    outer loop
      vertex 1.0751038486359008 -2.8007412794916053 0
      vertex 1.0751038486359008 -2.8007412794916053 12.95
      vertex 1.2202099292274007 -2.7406363729278027 0
    endloop
  endfacet
  facet normal -0.43051109680829464 0.902585284349861 0
    outer loop
      vertex 1.2202099292274007 -2.7406363729278027 0
      vertex 1.2202099292274007 -2.7406363729278027 12.95
      vertex 1.3619714992186402 -2.673019572565104 0
    endloop
  endfacet
  facet normal -0.47715876025960874 0.878817112661965 0
    outer loop
      vertex 1.3619714992186402 -2.673019572565104 0
      vertex 1.3619714992186402 -2.673019572565104 12.95
      vertex 1.5 -2.598076211353316 0
    endloop
  endfacet
  facet normal -0.5224985647159486 0.8526401643540924 0
    outer loop
      vertex 1.5 -2.598076211353316 0
      vertex 1.5 -2.598076211353316 12.95
      vertex 1.6339171050450814 -2.516011703836272 0
    endloop
  endfacet
  facet normal -0.566406236924833 0.8241261886220156 0
    outer loop
      vertex 1.6339171050450814 -2.516011703836272 0
      vertex 1.6339171050450814 -2.516011703836272 12.95
      vertex 1.7633557568774194 -2.4270509831248424 0
    endloop
  endfacet
  facet normal -0.608761429008721 0.7933533402912348 0
    outer loop
      vertex 1.7633557568774194 -2.4270509831248424 0
      vertex 1.7633557568774194 -2.4270509831248424 12.95
      vertex 1.8879611731495123 -2.3314378843709127 0
    endloop
  endfacet
  facet normal -0.6494480483301824 0.7604059656000319 0
    outer loop
      vertex 1.8879611731495123 -2.3314378843709127 12.95
      vertex 2.0073918190765747 -2.229434476432183 0
      vertex 1.8879611731495123 -2.3314378843709127 0
    endloop
  endfacet
  facet normal -0.6883545756937534 0.7253743710122882 0
    outer loop
      vertex 2.0073918190765747 -2.229434476432183 0
      vertex 2.0073918190765747 -2.229434476432183 12.95
      vertex 2.121320343559643 -2.121320343559643 0
    endloop
  endfacet
  facet normal -0.7253743710122882 0.6883545756937534 0
    outer loop
      vertex 2.229434476432183 -2.0073918190765747 0
      vertex 2.121320343559643 -2.121320343559643 0
      vertex 2.121320343559643 -2.121320343559643 12.95
    endloop
  endfacet
  facet normal -0.7604059656000319 0.6494480483301824 0
    outer loop
      vertex 2.3314378843709127 -1.8879611731495123 0
      vertex 2.229434476432183 -2.0073918190765747 0
      vertex 2.229434476432183 -2.0073918190765747 12.95
    endloop
  endfacet
  facet normal -0.7933533402912348 0.608761429008721 0
    outer loop
      vertex 2.4270509831248424 -1.7633557568774194 0
      vertex 2.3314378843709127 -1.8879611731495123 0
      vertex 2.3314378843709127 -1.8879611731495123 12.95
    endloop
  endfacet
  facet normal -0.8241261886220156 0.566406236924833 0
    outer loop
      vertex 2.516011703836272 -1.6339171050450814 0
      vertex 2.4270509831248424 -1.7633557568774194 0
      vertex 2.4270509831248424 -1.7633557568774194 12.95
    endloop
  endfacet
  facet normal -0.8526401643540924 0.5224985647159486 0
    outer loop
      vertex 2.598076211353316 -1.5 0
      vertex 2.516011703836272 -1.6339171050450814 0
      vertex 2.516011703836272 -1.6339171050450814 12.95
    endloop
  endfacet
  facet normal -0.878817112661965 0.47715876025960874 0
    outer loop
      vertex 2.673019572565104 -1.3619714992186402 0
      vertex 2.598076211353316 -1.5 0
      vertex 2.598076211353316 -1.5 12.95
    endloop
  endfacet
  facet normal -0.902585284349861 0.43051109680829464 0
    outer loop
      vertex 2.7406363729278027 -1.2202099292274007 0
      vertex 2.673019572565104 -1.3619714992186402 0
      vertex 2.673019572565104 -1.3619714992186402 12.95
    endloop
  endfacet
  facet normal -0.9238795325112866 0.38268343236509 0
    outer loop
      vertex 2.8007412794916053 -1.0751038486359008 0
      vertex 2.7406363729278027 -1.2202099292274007 0
      vertex 2.7406363729278027 -1.2202099292274007 12.95
    endloop
  endfacet
  facet normal -0.9426414910921792 0.33380685923376885 0
    outer loop
      vertex 2.8531695488854605 -0.9270509831248421 0
      vertex 2.8007412794916053 -1.0751038486359008 0
      vertex 2.8007412794916053 -1.0751038486359008 12.95
    endloop
  endfacet
  facet normal -0.9588197348681924 0.2840153447039252 0
    outer loop
      vertex 2.897777478867205 -0.7764571353075622 0
      vertex 2.8531695488854605 -0.9270509831248421 0
      vertex 2.8531695488854605 -0.9270509831248421 12.95
    endloop
  endfacet
  facet normal -0.9723699203976766 0.23344536385590522 0
    outer loop
      vertex 2.934442802201417 -0.623735072453278 0
      vertex 2.897777478867205 -0.7764571353075622 0
      vertex 2.897777478867205 -0.7764571353075622 12.95
    endloop
  endfacet
  facet normal -0.9832549075639546 0.1822355254921474 0
    outer loop
      vertex 2.934442802201417 -0.623735072453278 12.95
      vertex 2.9630650217854133 -0.46930339512069263 0
      vertex 2.934442802201417 -0.623735072453278 0
    endloop
  endfacet
  facet normal -0.9914448613738108 0.13052619222004846 0
    outer loop
      vertex 2.9630650217854133 -0.46930339512069263 12.95
      vertex 2.9835656861048196 -0.3135853898029604 0
      vertex 2.9630650217854133 -0.46930339512069263 0
    endloop
  endfacet
  facet normal -0.026176948307873222 0.9996573249755573 0
    outer loop
      vertex 0.1570078687288315 -2.9958886042637216 0
      vertex 0 -3 12.95
      vertex 0.1570078687288315 -2.9958886042637216 12.95
    endloop
  endfacet
  facet normal -0.07845909572784716 0.9969173337331277 0
    outer loop
      vertex 0.3135853898029604 -2.9835656861048196 0
      vertex 0.1570078687288315 -2.9958886042637216 12.95
      vertex 0.3135853898029604 -2.9835656861048196 12.95
    endloop
  endfacet
  facet normal -0.13052619222004846 0.9914448613738108 0
    outer loop
      vertex 0.46930339512069263 -2.9630650217854133 0
      vertex 0.3135853898029604 -2.9835656861048196 12.95
      vertex 0.46930339512069263 -2.9630650217854133 12.95
    endloop
  endfacet
  facet normal -0.1822355254921474 0.9832549075639546 0
    outer loop
      vertex 0.46930339512069263 -2.9630650217854133 12.95
      vertex 0.623735072453278 -2.934442802201417 12.95
      vertex 0.623735072453278 -2.934442802201417 0
    endloop
  endfacet
  facet normal -0.23344536385590522 0.9723699203976766 0
    outer loop
      vertex 0.7764571353075622 -2.897777478867205 0
      vertex 0.623735072453278 -2.934442802201417 12.95
      vertex 0.7764571353075622 -2.897777478867205 12.95
    endloop
  endfacet
  facet normal -0.2840153447039252 0.9588197348681924 0
    outer loop
      vertex 0.9270509831248421 -2.8531695488854605 0
      vertex 0.7764571353075622 -2.897777478867205 12.95
      vertex 0.9270509831248421 -2.8531695488854605 12.95
    endloop
  endfacet
  facet normal -0.33380685923376885 0.9426414910921792 0
    outer loop
      vertex 1.0751038486359008 -2.8007412794916053 0
      vertex 0.9270509831248421 -2.8531695488854605 12.95
      vertex 1.0751038486359008 -2.8007412794916053 12.95
    endloop
  endfacet
  facet normal -0.38268343236509 0.9238795325112866 0
    outer loop
      vertex 1.2202099292274007 -2.7406363729278027 0
      vertex 1.0751038486359008 -2.8007412794916053 12.95
      vertex 1.2202099292274007 -2.7406363729278027 12.95
    endloop
  endfacet
  facet normal -0.43051109680829464 0.902585284349861 0
    outer loop
      vertex 1.3619714992186402 -2.673019572565104 0
      vertex 1.2202099292274007 -2.7406363729278027 12.95
      vertex 1.3619714992186402 -2.673019572565104 12.95
    endloop
  endfacet
  facet normal -0.47715876025960874 0.878817112661965 0
    outer loop
      vertex 1.5 -2.598076211353316 0
      vertex 1.3619714992186402 -2.673019572565104 12.95
      vertex 1.5 -2.598076211353316 12.95
    endloop
  endfacet
  facet normal -0.5224985647159486 0.8526401643540924 0
    outer loop
      vertex 1.5 -2.598076211353316 12.95
      vertex 1.6339171050450814 -2.516011703836272 12.95
      vertex 1.6339171050450814 -2.516011703836272 0
    endloop
  endfacet
  facet normal -0.566406236924833 0.8241261886220156 0
    outer loop
      vertex 1.7633557568774194 -2.4270509831248424 0
      vertex 1.6339171050450814 -2.516011703836272 12.95
      vertex 1.7633557568774194 -2.4270509831248424 12.95
    endloop
  endfacet
  facet normal -0.608761429008721 0.7933533402912348 0
    outer loop
      vertex 1.8879611731495123 -2.3314378843709127 12.95
      vertex 1.8879611731495123 -2.3314378843709127 0
      vertex 1.7633557568774194 -2.4270509831248424 12.95
    endloop
  endfacet
  facet normal -0.6494480483301824 0.7604059656000319 0
    outer loop
      vertex 2.0073918190765747 -2.229434476432183 0
      vertex 1.8879611731495123 -2.3314378843709127 12.95
      vertex 2.0073918190765747 -2.229434476432183 12.95
    endloop
  endfacet
  facet normal -0.6883545756937534 0.7253743710122882 0
    outer loop
      vertex 2.121320343559643 -2.121320343559643 0
      vertex 2.0073918190765747 -2.229434476432183 12.95
      vertex 2.121320343559643 -2.121320343559643 12.95
    endloop
  endfacet
  facet normal -0.7253743710122882 0.6883545756937534 0
    outer loop
      vertex 2.121320343559643 -2.121320343559643 12.95
      vertex 2.229434476432183 -2.0073918190765747 12.95
      vertex 2.229434476432183 -2.0073918190765747 0
    endloop
  endfacet
  facet normal -0.7604059656000319 0.6494480483301824 0
    outer loop
      vertex 2.3314378843709127 -1.8879611731495123 0
      vertex 2.229434476432183 -2.0073918190765747 12.95
      vertex 2.3314378843709127 -1.8879611731495123 12.95
    endloop
  endfacet
  facet normal -0.7933533402912348 0.608761429008721 0
    outer loop
      vertex 2.3314378843709127 -1.8879611731495123 12.95
      vertex 2.4270509831248424 -1.7633557568774194 12.95
      vertex 2.4270509831248424 -1.7633557568774194 0
    endloop
  endfacet
  facet normal -0.8241261886220156 0.566406236924833 0
    outer loop
      vertex 2.4270509831248424 -1.7633557568774194 12.95
      vertex 2.516011703836272 -1.6339171050450814 12.95
      vertex 2.516011703836272 -1.6339171050450814 0
    endloop
  endfacet
  facet normal -0.8526401643540924 0.5224985647159486 0
    outer loop
      vertex 2.598076211353316 -1.5 0
      vertex 2.516011703836272 -1.6339171050450814 12.95
      vertex 2.598076211353316 -1.5 12.95
    endloop
  endfacet
  facet normal -0.878817112661965 0.47715876025960874 0
    outer loop
      vertex 2.673019572565104 -1.3619714992186402 0
      vertex 2.598076211353316 -1.5 12.95
      vertex 2.673019572565104 -1.3619714992186402 12.95
    endloop
  endfacet
  facet normal -0.902585284349861 0.43051109680829464 0
    outer loop
      vertex 2.673019572565104 -1.3619714992186402 12.95
      vertex 2.7406363729278027 -1.2202099292274007 12.95
      vertex 2.7406363729278027 -1.2202099292274007 0
    endloop
  endfacet
  facet normal -0.9238795325112866 0.38268343236509 0
    outer loop
      vertex 2.8007412794916053 -1.0751038486359008 0
      vertex 2.7406363729278027 -1.2202099292274007 12.95
      vertex 2.8007412794916053 -1.0751038486359008 12.95
    endloop
  endfacet
  facet normal -0.9426414910921792 0.33380685923376885 0
    outer loop
      vertex 2.8531695488854605 -0.9270509831248421 0
      vertex 2.8007412794916053 -1.0751038486359008 12.95
      vertex 2.8531695488854605 -0.9270509831248421 12.95
    endloop
  endfacet
  facet normal -0.9588197348681924 0.2840153447039252 0
    outer loop
      vertex 2.897777478867205 -0.7764571353075622 0
      vertex 2.8531695488854605 -0.9270509831248421 12.95
      vertex 2.897777478867205 -0.7764571353075622 12.95
    endloop
  endfacet
  facet normal -0.9723699203976766 0.23344536385590522 0
    outer loop
      vertex 2.897777478867205 -0.7764571353075622 12.95
      vertex 2.934442802201417 -0.623735072453278 12.95
      vertex 2.934442802201417 -0.623735072453278 0
    endloop
  endfacet
  facet normal -0.9832549075639546 0.1822355254921474 0
    outer loop
      vertex 2.934442802201417 -0.623735072453278 12.95
      vertex 2.9630650217854133 -0.46930339512069263 12.95
      vertex 2.9630650217854133 -0.46930339512069263 0
    endloop
  endfacet
  facet normal -0.9969173337331277 0.07845909572784716 0
    outer loop
      vertex 2.9958886042637216 -0.1570078687288315 0
      vertex 2.9835656861048196 -0.3135853898029604 0
      vertex 2.9835656861048196 -0.3135853898029604 12.95
    endloop
  endfacet
  facet normal -0.9996573249755573 0.026176948307873222 0
    outer loop
      vertex 2.9958886042637216 -0.1570078687288315 12.95
      vertex 3 0 0
      vertex 2.9958886042637216 -0.1570078687288315 0
    endloop
  endfacet
  facet normal -0.9914448613738108 0.13052619222004846 0
    outer loop
      vertex 2.9630650217854133 -0.46930339512069263 12.95
      vertex 2.9835656861048196 -0.3135853898029604 12.95
      vertex 2.9835656861048196 -0.3135853898029604 0
    endloop
  endfacet
  facet normal -0.9969173337331277 0.07845909572784716 0
    outer loop
      vertex 2.9835656861048196 -0.3135853898029604 12.95
      vertex 2.9958886042637216 -0.1570078687288315 12.95
      vertex 2.9958886042637216 -0.1570078687288315 0
    endloop
  endfacet
  facet normal -0.9996573249755573 0.026176948307873222 0
    outer loop
      vertex 2.9958886042637216 -0.1570078687288315 12.95
      vertex 3 0 12.95
      vertex 3 0 0
    endloop
  endfacet
  facet normal 1 0 0
    outer loop
      vertex -3 3.833917632114099 0
      vertex -3 3.833917632114099 7
      vertex -3 0 0
    endloop
  endfacet
  facet normal 1 0 0
    outer loop
      vertex -3 3.833917632114099 7
      vertex -3 5.3816617898390975 12.95
      vertex -3 0 0
    endloop
  endfacet
  facet normal 1 0 0
    outer loop
      vertex -3 0 0
      vertex -3 5.3816617898390975 12.95
      vertex -3 0 12.95
    endloop
  endfacet
  facet normal 1 0 0
    outer loop
      vertex -3 3.833917632114099 7
      vertex -3 5.3816617898390975 7
      vertex -3 5.3816617898390975 12.95
    endloop
  endfacet
  facet normal -1 0 0
    outer loop
      vertex 3 0 0
      vertex 3 0 12.95
      vertex 3 3.833917632114099 7
    endloop
  endfacet
  facet normal -1 0 0
    outer loop
      vertex 3 0 0
      vertex 3 3.833917632114099 7
      vertex 3 3.833917632114099 0
    endloop
  endfacet
  facet normal -1 0 0
    outer loop
      vertex 3 0 12.95
      vertex 3 5.3816617898390975 7
      vertex 3 3.833917632114099 7
    endloop
  endfacet
  facet normal -1 0 0
    outer loop
      vertex 3 0 12.95
      vertex 3 5.3816617898390975 12.95
      vertex 3 5.3816617898390975 7
    endloop
  endfacet
endsolid OpenSCAD_Model
